// Copyright 2025 QMK -- generated source code only, font retains original copyright
// SPDX-License-Identifier: GPL-2.0-or-later

// This file was auto-generated by `painter-convert-font-image` with arguments:
//    format         | pal4
//    unicode_glyphs | 
//    output         | ttf
//    input          | font.png

// Font's metadata
// ---------------
// Glyphs:  , !, ", #, $, %, &, ', (, ), *, +, ,, -, ., /, 0, 1, 2, 3, 4, 5, 6, 7, 8, 9, :, ;, <, =, >, ?, @, A, B, C, D, E, F, G, H, I, J, K, L, M, N, O, P, Q, R, S, T, U, V, W, X, Y, Z, [, \, ], ^, _, `, a, b, c, d, e, f, g, h, i, j, k, l, m, n, o, p, q, r, s, t, u, v, w, x, y, z, {, |, }, ~

#include <qp.h>

const uint32_t font_gridlitepbslayer_length = 13938;
const uint32_t font_gridlitepbsmenu_length = 2878;
const uint32_t font_gridlitepbsmenuoff_length = 10839;

// clang-format off
const uint8_t font_gridlitepbslayer[13938] = {
    0x00, 0xFF, 0x14, 0x00, 0x00, 0x51, 0x46, 0x46, 0x01, 0x72, 0x36, 0x00, 0x00, 0x8D, 0xC9, 0xFF,
    0xFF, 0x2A, 0x01, 0x00, 0x00, 0x05, 0x00, 0x01, 0xFF, 0x01, 0xFE, 0x1D, 0x01, 0x00, 0x19, 0x00,
    0x00, 0x19, 0x02, 0x00, 0x59, 0x1E, 0x00, 0x19, 0x34, 0x00, 0x99, 0x65, 0x00, 0x19, 0x8E, 0x00,
    0xD9, 0xB8, 0x00, 0x59, 0xE3, 0x00, 0x19, 0xF3, 0x00, 0x99, 0x1B, 0x01, 0x19, 0x44, 0x01, 0xD9,
    0x57, 0x01, 0x99, 0x6F, 0x01, 0x59, 0x7F, 0x01, 0x59, 0x88, 0x01, 0x59, 0x93, 0x01, 0x99, 0xC0,
    0x01, 0x59, 0xF0, 0x01, 0xD9, 0x13, 0x02, 0x99, 0x3C, 0x02, 0xD9, 0x68, 0x02, 0xD9, 0x8B, 0x02,
    0x99, 0xB3, 0x02, 0x99, 0xE1, 0x02, 0x99, 0x07, 0x03, 0x59, 0x37, 0x03, 0x99, 0x64, 0x03, 0x59,
    0x77, 0x03, 0xD9, 0x8E, 0x03, 0x59, 0xA9, 0x03, 0x59, 0xB6, 0x03, 0x99, 0xD0, 0x03, 0x19, 0xF4,
    0x03, 0xD9, 0x2A, 0x04, 0x99, 0x58, 0x04, 0x19, 0x87, 0x04, 0xD9, 0xB0, 0x04, 0x99, 0xDF, 0x04,
    0x99, 0x03, 0x05, 0x59, 0x26, 0x05, 0x99, 0x54, 0x05, 0x59, 0x82, 0x05, 0x99, 0xA4, 0x05, 0xD9,
    0xCD, 0x05, 0x99, 0xFC, 0x05, 0xD9, 0x21, 0x06, 0x19, 0x4F, 0x06, 0x99, 0x7C, 0x06, 0x59, 0xAC,
    0x06, 0xD9, 0xD6, 0x06, 0xD9, 0x09, 0x07, 0x99, 0x38, 0x07, 0x99, 0x64, 0x07, 0x99, 0x85, 0x07,
    0x59, 0xB5, 0x07, 0x19, 0xE2, 0x07, 0xD9, 0x0E, 0x08, 0x99, 0x3C, 0x08, 0x19, 0x65, 0x08, 0xD9,
    0x87, 0x08, 0x99, 0xB1, 0x08, 0x59, 0xDD, 0x08, 0x99, 0x07, 0x09, 0x99, 0x1B, 0x09, 0x99, 0x1E,
    0x09, 0x99, 0x28, 0x09, 0xD9, 0x47, 0x09, 0xD9, 0x72, 0x09, 0xD9, 0x8C, 0x09, 0x59, 0xB7, 0x09,
    0x59, 0xD4, 0x09, 0x99, 0xF7, 0x09, 0x99, 0x22, 0x0A, 0x99, 0x4C, 0x0A, 0xD9, 0x6E, 0x0A, 0x99,
    0x9C, 0x0A, 0x99, 0xC7, 0x0A, 0x19, 0xEB, 0x0A, 0x59, 0x0A, 0x0B, 0x59, 0x2B, 0x0B, 0xD9, 0x4C,
    0x0B, 0x19, 0x76, 0x0B, 0x99, 0x9E, 0x0B, 0x99, 0xBA, 0x0B, 0x59, 0xD6, 0x0B, 0x99, 0xFA, 0x0B,
    0x59, 0x1C, 0x0C, 0xD9, 0x3A, 0x0C, 0x59, 0x5A, 0x0C, 0x99, 0x79, 0x0C, 0x59, 0xA1, 0x0C, 0x99,
    0xBA, 0x0C, 0x59, 0xE3, 0x0C, 0x19, 0x0F, 0x0D, 0xD9, 0x37, 0x0D, 0x03, 0xFC, 0x0C, 0x00, 0x00,
    0x00, 0x00, 0xEA, 0x00, 0x00, 0x70, 0xD4, 0xFF, 0xFF, 0x00, 0x00, 0x00, 0x04, 0xFB, 0x21, 0x35,
    0x00, 0x7F, 0xFF, 0x7F, 0xFF, 0x08, 0xFF, 0x80, 0x0F, 0x3A, 0xFF, 0x81, 0x0F, 0xF4, 0x04, 0xFF,
    0x81, 0x3F, 0xD0, 0x05, 0xFF, 0x80, 0x40, 0x05, 0xFF, 0x81, 0x03, 0xFD, 0x04, 0xFF, 0x81, 0x0F,
    0xF4, 0x04, 0xFF, 0x81, 0x3F, 0xD0, 0x05, 0xFF, 0x80, 0x40, 0x05, 0xFF, 0x81, 0x03, 0xFD, 0x04,
    0xFF, 0x81, 0x0F, 0xF4, 0x04, 0xFF, 0x81, 0x3F, 0xD0, 0x05, 0xFF, 0x80, 0x40, 0x05, 0xFF, 0x81,
    0x03, 0xFC, 0x04, 0xFF, 0x81, 0x0F, 0xF4, 0x04, 0xFF, 0x81, 0x3F, 0xD0, 0x05, 0xFF, 0x80, 0x40,
    0x05, 0xFF, 0x81, 0x03, 0xFD, 0x04, 0xFF, 0x81, 0x0F, 0xF4, 0x04, 0xFF, 0x81, 0x3F, 0xD0, 0x05,
    0xFF, 0x80, 0x40, 0x18, 0xFF, 0x80, 0x40, 0x05, 0xFF, 0x81, 0x03, 0xFD, 0x04, 0xFF, 0x81, 0x0F,
    0xF4, 0x04, 0xFF, 0x81, 0x3F, 0xD0, 0x2E, 0xFF, 0x80, 0x0F, 0x39, 0xFF, 0x83, 0x1F, 0xF0, 0x07,
    0xF4, 0x02, 0xFF, 0x83, 0x7F, 0xC0, 0x1F, 0xD0, 0x03, 0xFF, 0x82, 0x01, 0x7F, 0x40, 0x03, 0xFF,
    0x83, 0x07, 0xFC, 0x01, 0xFD, 0x02, 0xFF, 0x83, 0x1F, 0xF0, 0x07, 0xF4, 0x02, 0xFF, 0x83, 0x7F,
    0xC0, 0x1F, 0xD0, 0x03, 0xFF, 0x82, 0x01, 0x7F, 0x40, 0x03, 0xFF, 0x83, 0x07, 0xFC, 0x01, 0xFD,
    0x02, 0xFF, 0x83, 0x1F, 0xF0, 0x07, 0xF4, 0x02, 0xFF, 0x83, 0x7F, 0xC0, 0x1F, 0xD0, 0x03, 0xFF,
    0x82, 0x01, 0x7F, 0x40, 0x03, 0xFF, 0x83, 0x07, 0xFC, 0x01, 0xFD, 0x7F, 0xFF, 0x05, 0xFF, 0x80,
    0x0F, 0x39, 0xFF, 0x83, 0x1F, 0xF0, 0x07, 0xF4, 0x02, 0xFF, 0x83, 0x7F, 0xC0, 0x1F, 0xD0, 0x03,
    0xFF, 0x82, 0x01, 0x7F, 0x40, 0x03, 0xFF, 0x83, 0x07, 0xFC, 0x01, 0xFD, 0x02, 0xFF, 0x83, 0x1F,
    0xF0, 0x07, 0xF4, 0x02, 0xFF, 0x83, 0x7F, 0xC0, 0x1F, 0xD0, 0x03, 0xFF, 0x82, 0x01, 0x7F, 0x40,
    0x03, 0xFF, 0x85, 0x07, 0xFC, 0x01, 0xFD, 0xFF, 0x3F, 0x04, 0x00, 0x81, 0xFC, 0xFF, 0x04, 0x00,
    0x82, 0xF0, 0xFF, 0x03, 0x03, 0x00, 0x82, 0xC0, 0xFF, 0x0F, 0x04, 0x00, 0x02, 0xFF, 0x83, 0x1F,
    0xF0, 0x07, 0xF4, 0x02, 0xFF, 0x83, 0x7F, 0xC0, 0x1F, 0xD0, 0x03, 0xFF, 0x82, 0x01, 0x7F, 0x40,
    0x03, 0xFF, 0x83, 0x07, 0xFC, 0x01, 0xFD, 0x02, 0xFF, 0x83, 0x1F, 0xF0, 0x07, 0xF4, 0x02, 0xFF,
    0x83, 0x7F, 0xC0, 0x1F, 0xD0, 0x02, 0xFF, 0x80, 0x03, 0x03, 0x00, 0x82, 0xC0, 0xFF, 0x0F, 0x04,
    0x00, 0x81, 0xFF, 0x3F, 0x04, 0x00, 0x81, 0xFC, 0xFF, 0x04, 0x00, 0x80, 0xF0, 0x02, 0xFF, 0x82,
    0x01, 0x7F, 0x40, 0x03, 0xFF, 0x83, 0x07, 0xFC, 0x01, 0xFD, 0x02, 0xFF, 0x83, 0x1F, 0xF0, 0x07,
    0xF4, 0x02, 0xFF, 0x83, 0x7F, 0xC0, 0x1F, 0xD0, 0x03, 0xFF, 0x82, 0x01, 0x7F, 0x40, 0x03, 0xFF,
    0x83, 0x07, 0xFC, 0x01, 0xFD, 0x02, 0xFF, 0x83, 0x1F, 0xF0, 0x07, 0xF4, 0x02, 0xFF, 0x83, 0x7F,
    0xC0, 0x1F, 0xD0, 0x14, 0xFF, 0x80, 0x0F, 0x3A, 0xFF, 0x81, 0x0F, 0xF4, 0x04, 0xFF, 0x81, 0x3F,
    0xD0, 0x05, 0xFF, 0x80, 0x40, 0x05, 0xFF, 0x81, 0x03, 0xFD, 0x03, 0xFF, 0x80, 0x1F, 0x03, 0x00,
    0x82, 0xFC, 0xFF, 0x7F, 0x03, 0x00, 0x80, 0xF0, 0x02, 0xFF, 0x80, 0x01, 0x02, 0x00, 0x80, 0xC0,
    0x02, 0xFF, 0x80, 0x07, 0x03, 0x00, 0x84, 0xFF, 0x3F, 0xD0, 0x0F, 0xF4, 0x03, 0xFF, 0x82, 0x40,
    0x3F, 0xD0, 0x03, 0xFF, 0x82, 0x03, 0xFD, 0x40, 0x03, 0xFF, 0x80, 0x0F, 0x03, 0x00, 0x80, 0xFD,
    0x02, 0xFF, 0x80, 0x1F, 0x02, 0x00, 0x80, 0xF4, 0x02, 0xFF, 0x80, 0x7F, 0x02, 0x00, 0x80, 0xD0,
    0x03, 0xFF, 0x82, 0x01, 0x00, 0x40, 0x04, 0xFF, 0x82, 0x03, 0xFD, 0x01, 0x03, 0xFF, 0x83, 0x0F,
    0xF4, 0x03, 0xFC, 0x02, 0xFF, 0x85, 0x3F, 0xD0, 0x0F, 0xF0, 0xFF, 0x03, 0x03, 0x00, 0x82, 0xC0,
    0xFF, 0x0F, 0x03, 0x00, 0x82, 0xFD, 0xFF, 0x3F, 0x03, 0x00, 0x80, 0xF4, 0x02, 0xFF, 0x03, 0x00,
    0x80, 0xD0, 0x04, 0xFF, 0x80, 0x40, 0x05, 0xFF, 0x81, 0x03, 0xFD, 0x04, 0xFF, 0x81, 0x0F, 0xF4,
    0x04, 0xFF, 0x81, 0x3F, 0xD0, 0x2E, 0xFF, 0x80, 0x0F, 0x39, 0xFF, 0x81, 0x03, 0xFD, 0x02, 0xFF,
    0x83, 0x3F, 0xF0, 0x0F, 0xF4, 0x03, 0xFF, 0x82, 0xC0, 0x3F, 0xD0, 0x03, 0xFF, 0x82, 0x03, 0xFF,
    0x40, 0x03, 0xFF, 0x9E, 0x0F, 0x04, 0xFD, 0x01, 0xFF, 0x7F, 0xC0, 0x0F, 0xF0, 0x07, 0xFC, 0xFF,
    0x00, 0x3F, 0xC0, 0x1F, 0xF0, 0xFF, 0x03, 0xFC, 0x41, 0x7F, 0xC0, 0xFF, 0x1F, 0xF0, 0xFF, 0x03,
    0xFD, 0x7F, 0x40, 0x02, 0xFF, 0x8A, 0x0F, 0xF4, 0xFF, 0x01, 0xFD, 0xFF, 0x3F, 0xD0, 0xFF, 0x07,
    0xF4, 0x02, 0xFF, 0x83, 0x40, 0x3F, 0x00, 0xD0, 0x04, 0xFF, 0x80, 0x40, 0x05, 0xFF, 0x81, 0x03,
    0xFD, 0x04, 0xFF, 0x81, 0x0F, 0xF4, 0x03, 0xFF, 0x84, 0x7F, 0xC0, 0xFF, 0x1F, 0xF0, 0x02, 0xFF,
    0x83, 0x01, 0xFF, 0x3F, 0xC0, 0x02, 0xFF, 0x88, 0x07, 0xFC, 0xFF, 0x00, 0xFF, 0x3F, 0x00, 0xF0,
    0x07, 0x02, 0x00, 0x93, 0xFF, 0x40, 0xFF, 0x1F, 0xD0, 0x0F, 0xFC, 0x03, 0xFD, 0x7F, 0x40, 0x3F,
    0xF0, 0x0F, 0xF4, 0xFF, 0x01, 0xFD, 0x40, 0xD0, 0x03, 0xFF, 0x82, 0x07, 0xFC, 0x00, 0x03, 0xFF,
    0x83, 0x0F, 0xF0, 0x03, 0xFC, 0x02, 0xFF, 0x83, 0x3F, 0xC0, 0x1F, 0xF4, 0x03, 0xFF, 0x80, 0x01,
    0x2C, 0xFF, 0x80, 0x0F, 0x39, 0xFF, 0x80, 0x1F, 0x02, 0x00, 0x80, 0xF4, 0x02, 0xFF, 0x80, 0x7F,
    0x02, 0x00, 0x80, 0xD0, 0x03, 0xFF, 0x82, 0x01, 0x00, 0x40, 0x03, 0xFF, 0x80, 0x07, 0x02, 0x00,
    0x83, 0xFD, 0xFF, 0x3F, 0xD0, 0x05, 0xFF, 0x80, 0x40, 0x05, 0xFF, 0x81, 0x03, 0xFD, 0x04, 0xFF,
    0x81, 0x0F, 0xF4, 0x04, 0xFF, 0x81, 0x3F, 0xD0, 0x05, 0xFF, 0x80, 0x40, 0x05, 0xFF, 0x81, 0x03,
    0xFD, 0x04, 0xFF, 0x80, 0x0F, 0x02, 0x00, 0x81, 0xFD, 0x01, 0x02, 0xFF, 0x8A, 0x1F, 0x00, 0xF4,
    0x03, 0xFC, 0xFF, 0x7F, 0x00, 0xD0, 0x0F, 0xF0, 0x02, 0xFF, 0x86, 0x01, 0x40, 0x7F, 0xC0, 0xFF,
    0x0F, 0xF4, 0x02, 0xFF, 0x83, 0x01, 0xFF, 0x3F, 0xD0, 0x02, 0xFF, 0x83, 0x03, 0xFC, 0xFF, 0x40,
    0x02, 0xFF, 0x93, 0x0F, 0xF0, 0xFF, 0x01, 0xFD, 0x7F, 0x00, 0xC0, 0xFF, 0x0F, 0xF4, 0xFF, 0x01,
    0xFD, 0xFF, 0x3F, 0xD0, 0xFF, 0x07, 0xF4, 0x02, 0xFF, 0x83, 0x40, 0xFF, 0x1F, 0xD0, 0x03, 0xFF,
    0x83, 0x01, 0x40, 0x7F, 0xC0, 0x02, 0xFF, 0x83, 0x07, 0x00, 0xFD, 0x00, 0x02, 0xFF, 0x8A, 0x1F,
    0x00, 0xF4, 0x03, 0xFC, 0xFF, 0x7F, 0x00, 0xD0, 0x1F, 0xF0, 0x2C, 0xFF, 0x80, 0x0F, 0x3A, 0xFF,
    0x81, 0x0F, 0xF4, 0x04, 0xFF, 0x81, 0x3F, 0xD0, 0x05, 0xFF, 0x80, 0x40, 0x05, 0xFF, 0x81, 0x03,
    0xFD, 0x04, 0xFF, 0x81, 0x0F, 0xF4, 0x04, 0xFF, 0x81, 0x3F, 0xD0, 0x05, 0xFF, 0x80, 0x40, 0x05,
    0xFF, 0x81, 0x03, 0xFD, 0x04, 0xFF, 0x81, 0x0F, 0xF4, 0x04, 0xFF, 0x81, 0x3F, 0xD0, 0x05, 0xFF,
    0x80, 0x40, 0x05, 0xFF, 0x81, 0x03, 0xFD, 0x7F, 0xFF, 0x06, 0xFF, 0x80, 0x0F, 0x3B, 0xFF, 0x81,
    0x07, 0xF4, 0x04, 0xFF, 0x81, 0x1F, 0xD0, 0x04, 0xFF, 0x81, 0x7F, 0x40, 0x05, 0xFF, 0x81, 0x01,
    0xFD, 0x03, 0xFF, 0x81, 0x0F, 0xF4, 0x04, 0xFF, 0x81, 0x3F, 0xD0, 0x05, 0xFF, 0x80, 0x40, 0x05,
    0xFF, 0x81, 0x03, 0xFD, 0x04, 0xFF, 0x81, 0x0F, 0xF4, 0x04, 0xFF, 0x81, 0x3F, 0xD0, 0x05, 0xFF,
    0x80, 0x40, 0x05, 0xFF, 0x81, 0x03, 0xFC, 0x04, 0xFF, 0x81, 0x0F, 0xF4, 0x04, 0xFF, 0x81, 0x3F,
    0xD0, 0x05, 0xFF, 0x80, 0x40, 0x05, 0xFF, 0x81, 0x03, 0xFD, 0x04, 0xFF, 0x81, 0x0F, 0xF4, 0x04,
    0xFF, 0x81, 0x3F, 0xD0, 0x05, 0xFF, 0x80, 0x00, 0x05, 0xFF, 0x81, 0x03, 0xFD, 0x04, 0xFF, 0x81,
    0x0F, 0xF4, 0x04, 0xFF, 0x81, 0x3F, 0xD0, 0x05, 0xFF, 0x80, 0x40, 0x05, 0xFF, 0x81, 0x03, 0xFD,
    0x04, 0xFF, 0x81, 0x0F, 0xF4, 0x04, 0xFF, 0x81, 0x3F, 0xD0, 0x05, 0xFF, 0x80, 0x40, 0x05, 0xFF,
    0x81, 0x03, 0xFD, 0x04, 0xFF, 0x81, 0x0F, 0xF4, 0x04, 0xFF, 0x82, 0x3F, 0x00, 0xD0, 0x04, 0xFF,
    0x81, 0x7F, 0x40, 0x05, 0xFF, 0x81, 0x01, 0xFD, 0x04, 0xFF, 0x83, 0x07, 0xF4, 0xFF, 0x0F, 0x39,
    0xFF, 0x81, 0x1F, 0xF0, 0x04, 0xFF, 0x81, 0x7F, 0xC0, 0x05, 0xFF, 0x80, 0x01, 0x05, 0xFF, 0x81,
    0x07, 0xFC, 0x05, 0xFF, 0x81, 0x0F, 0xF4, 0x04, 0xFF, 0x81, 0x3F, 0xD0, 0x05, 0xFF, 0x80, 0x40,
    0x05, 0xFF, 0x81, 0x03, 0xFD, 0x04, 0xFF, 0x81, 0x0F, 0xF4, 0x04, 0xFF, 0x81, 0x3F, 0xD0, 0x05,
    0xFF, 0x80, 0x40, 0x05, 0xFF, 0x81, 0x03, 0xFC, 0x04, 0xFF, 0x81, 0x0F, 0xF4, 0x04, 0xFF, 0x81,
    0x3F, 0xD0, 0x05, 0xFF, 0x80, 0x40, 0x05, 0xFF, 0x81, 0x03, 0xFD, 0x04, 0xFF, 0x81, 0x0F, 0xF4,
    0x04, 0xFF, 0x81, 0x3F, 0xD0, 0x05, 0xFF, 0x80, 0x00, 0x05, 0xFF, 0x81, 0x03, 0xFD, 0x04, 0xFF,
    0x81, 0x0F, 0xF4, 0x04, 0xFF, 0x81, 0x3F, 0xD0, 0x05, 0xFF, 0x80, 0x40, 0x05, 0xFF, 0x81, 0x03,
    0xFD, 0x04, 0xFF, 0x81, 0x0F, 0xF4, 0x04, 0xFF, 0x81, 0x3F, 0xD0, 0x05, 0xFF, 0x80, 0x40, 0x05,
    0xFF, 0x81, 0x03, 0xFD, 0x04, 0xFF, 0x81, 0x0F, 0xF4, 0x03, 0xFF, 0x82, 0x7F, 0x00, 0xD0, 0x04,
    0xFF, 0x80, 0x01, 0x05, 0xFF, 0x81, 0x07, 0xFC, 0x04, 0xFF, 0x81, 0x1F, 0xF0, 0x03, 0xFF, 0x80,
    0x0F, 0x39, 0xFF, 0x83, 0x1F, 0xF0, 0x07, 0xF4, 0x02, 0xFF, 0x83, 0x7F, 0xC0, 0x1F, 0xD0, 0x03,
    0xFF, 0x82, 0x01, 0x7F, 0x40, 0x03, 0xFF, 0x83, 0x07, 0xFC, 0x01, 0xFD, 0x03, 0xFF, 0x81, 0x0F,
    0xF4, 0x04, 0xFF, 0x81, 0x3F, 0xD0, 0x05, 0xFF, 0x80, 0x40, 0x05, 0xFF, 0x81, 0x03, 0xFD, 0x03,
    0xFF, 0x83, 0x1F, 0xF0, 0x07, 0xF4, 0x02, 0xFF, 0x83, 0x7F, 0xC0, 0x1F, 0xD0, 0x03, 0xFF, 0x82,
    0x01, 0x7F, 0x40, 0x03, 0xFF, 0x83, 0x07, 0xFC, 0x01, 0xFD, 0x7F, 0xFF, 0x05, 0xFF, 0x80, 0x0F,
    0x6C, 0xFF, 0x81, 0x0F, 0xF4, 0x04, 0xFF, 0x81, 0x3F, 0xD0, 0x05, 0xFF, 0x80, 0x40, 0x05, 0xFF,
    0x81, 0x03, 0xFC, 0x04, 0xFF, 0x81, 0x0F, 0xF4, 0x04, 0xFF, 0x81, 0x3F, 0xD0, 0x05, 0xFF, 0x80,
    0x40, 0x03, 0xFF, 0x80, 0x0F, 0x04, 0x00, 0x81, 0xFF, 0x3F, 0x04, 0x00, 0x81, 0xFC, 0xFF, 0x04,
    0x00, 0x82, 0xF0, 0xFF, 0x03, 0x03, 0x00, 0x80, 0xC0, 0x03, 0xFF, 0x81, 0x03, 0xFD, 0x04, 0xFF,
    0x81, 0x0F, 0xF4, 0x04, 0xFF, 0x81, 0x3F, 0xD0, 0x05, 0xFF, 0x80, 0x40, 0x05, 0xFF, 0x81, 0x03,
    0xFD, 0x04, 0xFF, 0x81, 0x0F, 0xF4, 0x04, 0xFF, 0x81, 0x3F, 0xD0, 0x2E, 0xFF, 0x80, 0x0F, 0x7F,
    0xFF, 0x2C, 0xFF, 0x80, 0x40, 0x05, 0xFF, 0x81, 0x03, 0xFD, 0x04, 0xFF, 0x81, 0x0F, 0xF4, 0x04,
    0xFF, 0x81, 0x3F, 0xD0, 0x05, 0xFF, 0x80, 0x40, 0x05, 0xFF, 0x81, 0x03, 0xFD, 0x04, 0xFF, 0x81,
    0x0F, 0xF4, 0x04, 0xFF, 0x81, 0x3F, 0xD0, 0x04, 0xFF, 0x80, 0x01, 0x05, 0xFF, 0x81, 0x07, 0xFC,
    0x04, 0xFF, 0x81, 0x1F, 0xF0, 0x04, 0xFF, 0x81, 0x7F, 0xC0, 0x16, 0xFF, 0x80, 0x0F, 0x7F, 0xFF,
    0x18, 0xFF, 0x80, 0x07, 0x02, 0x00, 0x80, 0xFD, 0x02, 0xFF, 0x80, 0x1F, 0x02, 0x00, 0x80, 0xF4,
    0x02, 0xFF, 0x80, 0x7F, 0x02, 0x00, 0x80, 0xD0, 0x03, 0xFF, 0x82, 0x01, 0x00, 0x40, 0x59, 0xFF,
    0x80, 0x0F, 0x7F, 0xFF, 0x2C, 0xFF, 0x80, 0x40, 0x05, 0xFF, 0x81, 0x03, 0xFD, 0x04, 0xFF, 0x81,
    0x0F, 0xF4, 0x04, 0xFF, 0x81, 0x3F, 0xD0, 0x05, 0xFF, 0x80, 0x40, 0x05, 0xFF, 0x81, 0x03, 0xFD,
    0x04, 0xFF, 0x81, 0x0F, 0xF4, 0x04, 0xFF, 0x81, 0x3F, 0xD0, 0x2E, 0xFF, 0x80, 0x0F, 0x29, 0xFF,
    0x81, 0x1F, 0xF0, 0x04, 0xFF, 0x81, 0x3F, 0xC0, 0x05, 0xFF, 0x80, 0x00, 0x05, 0xFF, 0x81, 0x03,
    0xFC, 0x04, 0xFF, 0x81, 0x0F, 0xF0, 0x04, 0xFF, 0x81, 0x3F, 0xC0, 0x05, 0xFF, 0x80, 0x01, 0x04,
    0xFF, 0x81, 0x07, 0xF4, 0x04, 0xFF, 0x81, 0x1F, 0xD0, 0x04, 0xFF, 0x81, 0x7F, 0x40, 0x05, 0xFF,
    0x81, 0x01, 0xFD, 0x04, 0xFF, 0x81, 0x07, 0xF4, 0x04, 0xFF, 0x81, 0x1F, 0xD0, 0x04, 0xFF, 0x81,
    0x7F, 0x40, 0x04, 0xFF, 0x82, 0x03, 0x00, 0xFD, 0x03, 0xFF, 0x81, 0x0F, 0xF4, 0x04, 0xFF, 0x81,
    0x3F, 0xD0, 0x05, 0xFF, 0x80, 0x40, 0x05, 0xFF, 0x81, 0x03, 0xFD, 0x04, 0xFF, 0x81, 0x0F, 0xF4,
    0x04, 0xFF, 0x81, 0x3F, 0xD0, 0x04, 0xFF, 0x81, 0x01, 0x40, 0x04, 0xFF, 0x81, 0x07, 0xFC, 0x04,
    0xFF, 0x81, 0x1F, 0xF0, 0x04, 0xFF, 0x81, 0x7F, 0xC0, 0x05, 0xFF, 0x80, 0x01, 0x05, 0xFF, 0x81,
    0x07, 0xFC, 0x04, 0xFF, 0x81, 0x1F, 0xF0, 0x04, 0xFF, 0x81, 0x7F, 0xC0, 0x04, 0xFF, 0x81, 0x03,
    0xFD, 0x04, 0xFF, 0x81, 0x0F, 0xF4, 0x04, 0xFF, 0x81, 0x3F, 0xD0, 0x04, 0xFF, 0x81, 0x7F, 0x40,
    0x05, 0xFF, 0x81, 0x03, 0xFD, 0x04, 0xFF, 0x81, 0x0F, 0xF4, 0x04, 0xFF, 0x81, 0x3F, 0xD0, 0x04,
    0xFF, 0x80, 0x0F, 0x39, 0xFF, 0x80, 0x1F, 0x02, 0x00, 0x80, 0xF4, 0x02, 0xFF, 0x80, 0x7F, 0x02,
    0x00, 0x80, 0xD0, 0x03, 0xFF, 0x82, 0x01, 0x00, 0x40, 0x03, 0xFF, 0x80, 0x07, 0x02, 0x00, 0x83,
    0xFD, 0xFF, 0x3F, 0xD0, 0x02, 0xFF, 0x83, 0x07, 0xFC, 0xFF, 0x40, 0x02, 0xFF, 0x8A, 0x0F, 0xF0,
    0xFF, 0x03, 0xFD, 0xFF, 0x3F, 0xC0, 0xFF, 0x0F, 0xF4, 0x02, 0xFF, 0x83, 0x01, 0xFF, 0x3F, 0xD0,
    0x02, 0xFF, 0x83, 0x07, 0xFC, 0xFF, 0x40, 0x02, 0xFF, 0x8A, 0x0F, 0xF0, 0xFF, 0x03, 0xFD, 0xFF,
    0x3F, 0xC0, 0xFF, 0x07, 0xF4, 0x02, 0xFF, 0x83, 0x00, 0xFF, 0x3F, 0xD0, 0x02, 0xFF, 0x83, 0x03,
    0xFC, 0xFF, 0x40, 0x02, 0xFF, 0x8A, 0x0F, 0xF0, 0xFF, 0x03, 0xFD, 0xFF, 0x7F, 0xC0, 0xFF, 0x0F,
    0xF4, 0x02, 0xFF, 0x83, 0x01, 0xFF, 0x3F, 0xD0, 0x02, 0xFF, 0x83, 0x03, 0xFC, 0xFF, 0x40, 0x02,
    0xFF, 0x8A, 0x0F, 0xF0, 0xFF, 0x01, 0xFD, 0xFF, 0x3F, 0xC0, 0xFF, 0x0F, 0xF4, 0x02, 0xFF, 0x83,
    0x00, 0xFF, 0x3F, 0xD0, 0x02, 0xFF, 0x83, 0x03, 0xFC, 0xFF, 0x40, 0x02, 0xFF, 0x81, 0x1F, 0xF0,
    0x02, 0xFF, 0x82, 0x01, 0x00, 0x40, 0x03, 0xFF, 0x80, 0x07, 0x02, 0x00, 0x80, 0xFD, 0x02, 0xFF,
    0x80, 0x1F, 0x02, 0x00, 0x80, 0xF4, 0x02, 0xFF, 0x80, 0x7F, 0x02, 0x00, 0x80, 0xD0, 0x2D, 0xFF,
    0x80, 0x0F, 0x3A, 0xFF, 0x81, 0x0F, 0xF4, 0x04, 0xFF, 0x81, 0x3F, 0xD0, 0x05, 0xFF, 0x80, 0x40,
    0x05, 0xFF, 0x81, 0x03, 0xFD, 0x02, 0xFF, 0x80, 0x3F, 0x02, 0x00, 0x80, 0xF4, 0x03, 0xFF, 0x02,
    0x00, 0x80, 0xD0, 0x03, 0xFF, 0x82, 0x03, 0x00, 0x40, 0x03, 0xFF, 0x80, 0x0F, 0x02, 0x00, 0x80,
    0xFD, 0x04, 0xFF, 0x81, 0x0F, 0xF4, 0x04, 0xFF, 0x81, 0x3F, 0xD0, 0x05, 0xFF, 0x80, 0x40, 0x05,
    0xFF, 0x81, 0x03, 0xFC, 0x04, 0xFF, 0x81, 0x0F, 0xF4, 0x04, 0xFF, 0x81, 0x3F, 0xD0, 0x05, 0xFF,
    0x80, 0x40, 0x05, 0xFF, 0x81, 0x03, 0xFD, 0x04, 0xFF, 0x81, 0x0F, 0xF4, 0x04, 0xFF, 0x81, 0x3F,
    0xD0, 0x05, 0xFF, 0x80, 0x00, 0x05, 0xFF, 0x81, 0x03, 0xFD, 0x04, 0xFF, 0x81, 0x0F, 0xF4, 0x04,
    0xFF, 0x81, 0x3F, 0xD0, 0x03, 0xFF, 0x80, 0x03, 0x03, 0x00, 0x82, 0xC0, 0xFF, 0x0F, 0x04, 0x00,
    0x81, 0xFF, 0x3F, 0x04, 0x00, 0x81, 0xFC, 0xFF, 0x04, 0x00, 0x80, 0xF0, 0x2C, 0xFF, 0x80, 0x0F,
    0x39, 0xFF, 0x80, 0x1F, 0x02, 0x00, 0x80, 0xF4, 0x02, 0xFF, 0x80, 0x7F, 0x02, 0x00, 0x80, 0xD0,
    0x03, 0xFF, 0x82, 0x01, 0x00, 0x40, 0x03, 0xFF, 0x80, 0x07, 0x02, 0x00, 0x83, 0xFD, 0xFF, 0x3F,
    0xD0, 0x02, 0xFF, 0x83, 0x07, 0xFC, 0xFF, 0x40, 0x02, 0xFF, 0x8A, 0x0F, 0xF0, 0xFF, 0x03, 0xFD,
    0xFF, 0x3F, 0xC0, 0xFF, 0x0F, 0xF4, 0x02, 0xFF, 0x83, 0x01, 0xFF, 0x3F, 0xD0, 0x02, 0xFF, 0x83,
    0x07, 0xFC, 0xFF, 0x40, 0x02, 0xFF, 0x8D, 0x0F, 0xF0, 0xFF, 0x03, 0xFD, 0xFF, 0x3F, 0xC0, 0xFF,
    0x0F, 0xF4, 0xFF, 0x01, 0x00, 0x04, 0xFF, 0x81, 0x07, 0xF4, 0x04, 0xFF, 0x81, 0x1F, 0xD0, 0x04,
    0xFF, 0x81, 0x7F, 0x40, 0x04, 0xFF, 0x81, 0x03, 0xFD, 0x04, 0xFF, 0x81, 0x0F, 0xF4, 0x04, 0xFF,
    0x81, 0x3F, 0xD0, 0x04, 0xFF, 0x81, 0x01, 0x40, 0x04, 0xFF, 0x81, 0x07, 0xFC, 0x04, 0xFF, 0x81,
    0x1F, 0xF0, 0x04, 0xFF, 0x81, 0x7F, 0xC0, 0x04, 0xFF, 0x80, 0x03, 0x03, 0x00, 0x82, 0xC0, 0xFF,
    0x0F, 0x04, 0x00, 0x81, 0xFF, 0x3F, 0x04, 0x00, 0x81, 0xFC, 0xFF, 0x04, 0x00, 0x80, 0xF0, 0x2C,
    0xFF, 0x80, 0x0F, 0x39, 0xFF, 0x80, 0x1F, 0x02, 0x00, 0x80, 0xF4, 0x02, 0xFF, 0x80, 0x7F, 0x02,
    0x00, 0x80, 0xD0, 0x03, 0xFF, 0x82, 0x01, 0x00, 0x40, 0x03, 0xFF, 0x80, 0x07, 0x02, 0x00, 0x83,
    0xFD, 0xFF, 0x3F, 0xD0, 0x02, 0xFF, 0x83, 0x07, 0xFC, 0xFF, 0x40, 0x02, 0xFF, 0x8A, 0x0F, 0xF0,
    0xFF, 0x03, 0xFD, 0xFF, 0x3F, 0xC0, 0xFF, 0x0F, 0xF4, 0x02, 0xFF, 0x80, 0x01, 0x05, 0xFF, 0x81,
    0x07, 0xFC, 0x04, 0xFF, 0x81, 0x0F, 0xF0, 0x04, 0xFF, 0x81, 0x3F, 0xC0, 0x02, 0xFF, 0x80, 0x07,
    0x03, 0x00, 0x02, 0xFF, 0x80, 0x1F, 0x02, 0x00, 0x80, 0xF4, 0x02, 0xFF, 0x80, 0x7F, 0x02, 0x00,
    0x80, 0xD0, 0x03, 0xFF, 0x82, 0x01, 0x00, 0x40, 0x06, 0xFF, 0x80, 0x01, 0x05, 0xFF, 0x81, 0x03,
    0xFC, 0x04, 0xFF, 0x8A, 0x0F, 0xF0, 0xFF, 0x03, 0xFD, 0xFF, 0x3F, 0xC0, 0xFF, 0x0F, 0xF4, 0x02,
    0xFF, 0x83, 0x00, 0xFF, 0x3F, 0xD0, 0x02, 0xFF, 0x83, 0x03, 0xFC, 0xFF, 0x40, 0x02, 0xFF, 0x81,
    0x1F, 0xF0, 0x02, 0xFF, 0x82, 0x01, 0x00, 0x40, 0x03, 0xFF, 0x80, 0x07, 0x02, 0x00, 0x80, 0xFD,
    0x02, 0xFF, 0x80, 0x1F, 0x02, 0x00, 0x80, 0xF4, 0x02, 0xFF, 0x80, 0x7F, 0x02, 0x00, 0x80, 0xD0,
    0x2D, 0xFF, 0x80, 0x0F, 0x3A, 0xFF, 0x81, 0x0F, 0xF4, 0x04, 0xFF, 0x81, 0x3F, 0xD0, 0x05, 0xFF,
    0x80, 0x40, 0x05, 0xFF, 0x81, 0x03, 0xFD, 0x04, 0xFF, 0x81, 0x0F, 0xF4, 0x04, 0xFF, 0x81, 0x3F,
    0xD0, 0x05, 0xFF, 0x80, 0x40, 0x05, 0xFF, 0x81, 0x03, 0xFD, 0x03, 0xFF, 0x81, 0x1F, 0xF0, 0x04,
    0xFF, 0x81, 0x7F, 0xC0, 0x05, 0xFF, 0x80, 0x01, 0x05, 0xFF, 0x81, 0x07, 0xFC, 0x04, 0xFF, 0x81,
    0x1F, 0xF0, 0x04, 0xFF, 0x81, 0x7F, 0xC0, 0x05, 0xFF, 0x80, 0x01, 0x04, 0xFF, 0x8A, 0x0F, 0xF4,
    0xFF, 0x01, 0xFD, 0xFF, 0x3F, 0xD0, 0xFF, 0x07, 0xF4, 0x02, 0xFF, 0x83, 0x40, 0xFF, 0x1F, 0xD0,
    0x02, 0xFF, 0x80, 0x01, 0x03, 0x00, 0x82, 0xC0, 0xFF, 0x0F, 0x04, 0x00, 0x81, 0xFF, 0x3F, 0x04,
    0x00, 0x81, 0xFC, 0xFF, 0x04, 0x00, 0x80, 0xF0, 0x03, 0xFF, 0x81, 0x7F, 0x40, 0x05, 0xFF, 0x81,
    0x01, 0xFD, 0x04, 0xFF, 0x81, 0x07, 0xF4, 0x04, 0xFF, 0x81, 0x1F, 0xD0, 0x2D, 0xFF, 0x80, 0x0F,
    0x38, 0xFF, 0x80, 0x3F, 0x04, 0x00, 0x81, 0xFC, 0xFF, 0x04, 0x00, 0x82, 0xF0, 0xFF, 0x03, 0x03,
    0x00, 0x82, 0xC0, 0xFF, 0x0F, 0x04, 0x00, 0x82, 0xFF, 0x3F, 0xD0, 0x05, 0xFF, 0x80, 0x40, 0x05,
    0xFF, 0x81, 0x03, 0xFD, 0x04, 0xFF, 0x81, 0x0F, 0xF4, 0x04, 0xFF, 0x81, 0x3F, 0xD0, 0x05, 0xFF,
    0x80, 0x40, 0x05, 0xFF, 0x81, 0x03, 0xFD, 0x04, 0xFF, 0x80, 0x07, 0x03, 0x00, 0x82, 0xFD, 0xFF,
    0x3F, 0x03, 0x00, 0x80, 0xF4, 0x02, 0xFF, 0x03, 0x00, 0x80, 0xD0, 0x02, 0xFF, 0x80, 0x03, 0x02,
    0x00, 0x80, 0x40, 0x06, 0xFF, 0x80, 0x01, 0x05, 0xFF, 0x81, 0x03, 0xFC, 0x04, 0xFF, 0x8A, 0x0F,
    0xF0, 0xFF, 0x03, 0xFD, 0xFF, 0x3F, 0xC0, 0xFF, 0x0F, 0xF4, 0x02, 0xFF, 0x83, 0x00, 0xFF, 0x3F,
    0xD0, 0x02, 0xFF, 0x83, 0x03, 0xFC, 0xFF, 0x40, 0x02, 0xFF, 0x81, 0x1F, 0xF0, 0x02, 0xFF, 0x82,
    0x01, 0x00, 0x40, 0x03, 0xFF, 0x80, 0x07, 0x02, 0x00, 0x80, 0xFD, 0x02, 0xFF, 0x80, 0x1F, 0x02,
    0x00, 0x80, 0xF4, 0x02, 0xFF, 0x80, 0x7F, 0x02, 0x00, 0x80, 0xD0, 0x2D, 0xFF, 0x80, 0x0F, 0x39,
    0xFF, 0x80, 0x1F, 0x02, 0x00, 0x80, 0xF4, 0x02, 0xFF, 0x80, 0x7F, 0x02, 0x00, 0x80, 0xD0, 0x03,
    0xFF, 0x82, 0x01, 0x00, 0x40, 0x03, 0xFF, 0x80, 0x07, 0x02, 0x00, 0x83, 0xFD, 0xFF, 0x3F, 0xD0,
    0x02, 0xFF, 0x83, 0x07, 0xFC, 0xFF, 0x40, 0x02, 0xFF, 0x8A, 0x0F, 0xF0, 0xFF, 0x03, 0xFD, 0xFF,
    0x3F, 0xC0, 0xFF, 0x0F, 0xF4, 0x02, 0xFF, 0x83, 0x01, 0xFF, 0x3F, 0xD0, 0x05, 0xFF, 0x80, 0x40,
    0x05, 0xFF, 0x81, 0x03, 0xFD, 0x04, 0xFF, 0x80, 0x07, 0x03, 0x00, 0x82, 0xFD, 0xFF, 0x3F, 0x03,
    0x00, 0x80, 0xF4, 0x02, 0xFF, 0x03, 0x00, 0x80, 0xD0, 0x02, 0xFF, 0x80, 0x03, 0x02, 0x00, 0x80,
    0x40, 0x02, 0xFF, 0x81, 0x0F, 0xF4, 0x02, 0xFF, 0x83, 0x01, 0xFF, 0x3F, 0xD0, 0x02, 0xFF, 0x83,
    0x03, 0xFC, 0xFF, 0x40, 0x02, 0xFF, 0x8A, 0x0F, 0xF0, 0xFF, 0x01, 0xFD, 0xFF, 0x3F, 0xC0, 0xFF,
    0x0F, 0xF4, 0x02, 0xFF, 0x83, 0x00, 0xFF, 0x3F, 0xD0, 0x02, 0xFF, 0x83, 0x03, 0xFC, 0xFF, 0x40,
    0x02, 0xFF, 0x81, 0x1F, 0xF0, 0x02, 0xFF, 0x82, 0x01, 0x00, 0x40, 0x03, 0xFF, 0x80, 0x07, 0x02,
    0x00, 0x80, 0xFD, 0x02, 0xFF, 0x80, 0x1F, 0x02, 0x00, 0x80, 0xF4, 0x02, 0xFF, 0x80, 0x7F, 0x02,
    0x00, 0x80, 0xD0, 0x2D, 0xFF, 0x80, 0x0F, 0x38, 0xFF, 0x80, 0x3F, 0x04, 0x00, 0x81, 0xFC, 0xFF,
    0x04, 0x00, 0x82, 0xF0, 0xFF, 0x03, 0x03, 0x00, 0x82, 0xC0, 0xFF, 0x0F, 0x04, 0x00, 0x82, 0xFF,
    0x3F, 0xD0, 0x02, 0xFF, 0x83, 0x07, 0xFC, 0xFF, 0x40, 0x02, 0xFF, 0x8A, 0x0F, 0xF0, 0xFF, 0x03,
    0xFD, 0xFF, 0x3F, 0xC0, 0xFF, 0x0F, 0xF4, 0x02, 0xFF, 0x83, 0x01, 0xFF, 0x3F, 0xD0, 0x02, 0xFF,
    0x83, 0x07, 0xFC, 0xFF, 0x40, 0x02, 0xFF, 0x8D, 0x0F, 0xF0, 0xFF, 0x03, 0xFD, 0xFF, 0x3F, 0xC0,
    0xFF, 0x0F, 0xF4, 0xFF, 0x01, 0x00, 0x04, 0xFF, 0x81, 0x07, 0xF4, 0x04, 0xFF, 0x81, 0x1F, 0xD0,
    0x04, 0xFF, 0x81, 0x7F, 0x40, 0x05, 0xFF, 0x81, 0x01, 0xFD, 0x04, 0xFF, 0x81, 0x07, 0xF4, 0x04,
    0xFF, 0x81, 0x1F, 0xD0, 0x04, 0xFF, 0x81, 0x00, 0x40, 0x04, 0xFF, 0x81, 0x03, 0xFD, 0x04, 0xFF,
    0x81, 0x0F, 0xF4, 0x04, 0xFF, 0x81, 0x3F, 0xD0, 0x05, 0xFF, 0x80, 0x40, 0x05, 0xFF, 0x81, 0x03,
    0xFD, 0x04, 0xFF, 0x81, 0x0F, 0xF4, 0x04, 0xFF, 0x81, 0x3F, 0xD0, 0x2E, 0xFF, 0x80, 0x0F, 0x39,
    0xFF, 0x80, 0x1F, 0x02, 0x00, 0x80, 0xF4, 0x02, 0xFF, 0x80, 0x7F, 0x02, 0x00, 0x80, 0xD0, 0x03,
    0xFF, 0x82, 0x01, 0x00, 0x40, 0x03, 0xFF, 0x80, 0x07, 0x02, 0x00, 0x83, 0xFD, 0xFF, 0x3F, 0xD0,
    0x02, 0xFF, 0x83, 0x07, 0xFC, 0xFF, 0x40, 0x02, 0xFF, 0x8A, 0x0F, 0xF0, 0xFF, 0x03, 0xFD, 0xFF,
    0x3F, 0xC0, 0xFF, 0x0F, 0xF4, 0x02, 0xFF, 0x83, 0x01, 0xFF, 0x3F, 0xD0, 0x02, 0xFF, 0x83, 0x07,
    0xFC, 0xFF, 0x40, 0x02, 0xFF, 0x89, 0x0F, 0xF0, 0xFF, 0x03, 0xFD, 0xFF, 0x3F, 0xC0, 0xFF, 0x0F,
    0x04, 0x00, 0x02, 0xFF, 0x80, 0x1F, 0x02, 0x00, 0x80, 0xF4, 0x02, 0xFF, 0x80, 0x7F, 0x02, 0x00,
    0x80, 0xD0, 0x03, 0xFF, 0x82, 0x01, 0x00, 0x40, 0x02, 0xFF, 0x81, 0x0F, 0xF4, 0x02, 0xFF, 0x83,
    0x01, 0xFF, 0x3F, 0xD0, 0x02, 0xFF, 0x83, 0x03, 0xFC, 0xFF, 0x40, 0x02, 0xFF, 0x8A, 0x0F, 0xF0,
    0xFF, 0x01, 0xFD, 0xFF, 0x3F, 0xC0, 0xFF, 0x0F, 0xF4, 0x02, 0xFF, 0x83, 0x00, 0xFF, 0x3F, 0xD0,
    0x02, 0xFF, 0x83, 0x03, 0xFC, 0xFF, 0x40, 0x02, 0xFF, 0x81, 0x1F, 0xF0, 0x02, 0xFF, 0x82, 0x01,
    0x00, 0x40, 0x03, 0xFF, 0x80, 0x07, 0x02, 0x00, 0x80, 0xFD, 0x02, 0xFF, 0x80, 0x1F, 0x02, 0x00,
    0x80, 0xF4, 0x02, 0xFF, 0x80, 0x7F, 0x02, 0x00, 0x80, 0xD0, 0x2D, 0xFF, 0x80, 0x0F, 0x39, 0xFF,
    0x80, 0x1F, 0x02, 0x00, 0x80, 0xF4, 0x02, 0xFF, 0x80, 0x7F, 0x02, 0x00, 0x80, 0xD0, 0x03, 0xFF,
    0x82, 0x01, 0x00, 0x40, 0x03, 0xFF, 0x80, 0x07, 0x02, 0x00, 0x83, 0xFD, 0xFF, 0x3F, 0xD0, 0x02,
    0xFF, 0x83, 0x07, 0xFC, 0xFF, 0x40, 0x02, 0xFF, 0x8A, 0x0F, 0xF0, 0xFF, 0x03, 0xFD, 0xFF, 0x3F,
    0xC0, 0xFF, 0x0F, 0xF4, 0x02, 0xFF, 0x83, 0x01, 0xFF, 0x3F, 0xD0, 0x02, 0xFF, 0x83, 0x07, 0xFC,
    0xFF, 0x40, 0x02, 0xFF, 0x89, 0x0F, 0xF0, 0xFF, 0x03, 0xFD, 0xFF, 0x3F, 0xC0, 0xFF, 0x0F, 0x04,
    0x00, 0x02, 0xFF, 0x80, 0x1F, 0x03, 0x00, 0x82, 0xFC, 0xFF, 0x7F, 0x03, 0x00, 0x80, 0xF0, 0x02,
    0xFF, 0x80, 0x01, 0x02, 0x00, 0x80, 0xC0, 0x05, 0xFF, 0x80, 0x01, 0x05, 0xFF, 0x81, 0x03, 0xFC,
    0x04, 0xFF, 0x8A, 0x0F, 0xF0, 0xFF, 0x03, 0xFD, 0xFF, 0x3F, 0xC0, 0xFF, 0x0F, 0xF4, 0x02, 0xFF,
    0x83, 0x00, 0xFF, 0x3F, 0xD0, 0x02, 0xFF, 0x83, 0x03, 0xFC, 0xFF, 0x40, 0x02, 0xFF, 0x81, 0x1F,
    0xF0, 0x02, 0xFF, 0x82, 0x01, 0x00, 0x40, 0x03, 0xFF, 0x80, 0x07, 0x02, 0x00, 0x80, 0xFD, 0x02,
    0xFF, 0x80, 0x1F, 0x02, 0x00, 0x80, 0xF4, 0x02, 0xFF, 0x80, 0x7F, 0x02, 0x00, 0x80, 0xD0, 0x2D,
    0xFF, 0x80, 0x0F, 0x6C, 0xFF, 0x81, 0x0F, 0xF4, 0x04, 0xFF, 0x81, 0x3F, 0xD0, 0x05, 0xFF, 0x80,
    0x40, 0x05, 0xFF, 0x81, 0x03, 0xFC, 0x04, 0xFF, 0x81, 0x0F, 0xF4, 0x04, 0xFF, 0x81, 0x3F, 0xD0,
    0x05, 0xFF, 0x80, 0x40, 0x18, 0xFF, 0x80, 0x40, 0x05, 0xFF, 0x81, 0x03, 0xFD, 0x04, 0xFF, 0x81,
    0x0F, 0xF4, 0x04, 0xFF, 0x81, 0x3F, 0xD0, 0x05, 0xFF, 0x80, 0x40, 0x05, 0xFF, 0x81, 0x03, 0xFD,
    0x04, 0xFF, 0x81, 0x0F, 0xF4, 0x04, 0xFF, 0x81, 0x3F, 0xD0, 0x2E, 0xFF, 0x80, 0x0F, 0x6C, 0xFF,
    0x81, 0x0F, 0xF4, 0x04, 0xFF, 0x81, 0x3F, 0xD0, 0x05, 0xFF, 0x80, 0x40, 0x05, 0xFF, 0x81, 0x03,
    0xFC, 0x04, 0xFF, 0x81, 0x0F, 0xF4, 0x04, 0xFF, 0x81, 0x3F, 0xD0, 0x05, 0xFF, 0x80, 0x40, 0x18,
    0xFF, 0x80, 0x40, 0x05, 0xFF, 0x81, 0x03, 0xFD, 0x04, 0xFF, 0x81, 0x0F, 0xF4, 0x04, 0xFF, 0x81,
    0x3F, 0xD0, 0x05, 0xFF, 0x80, 0x40, 0x05, 0xFF, 0x81, 0x03, 0xFD, 0x04, 0xFF, 0x81, 0x0F, 0xF4,
    0x04, 0xFF, 0x81, 0x3F, 0xD0, 0x04, 0xFF, 0x80, 0x01, 0x05, 0xFF, 0x81, 0x07, 0xFC, 0x04, 0xFF,
    0x81, 0x1F, 0xF0, 0x04, 0xFF, 0x81, 0x7F, 0xC0, 0x16, 0xFF, 0x80, 0x0F, 0x6D, 0xFF, 0x82, 0x07,
    0x00, 0xFC, 0x03, 0xFF, 0x82, 0x1F, 0x00, 0xF0, 0x03, 0xFF, 0x82, 0x7F, 0x00, 0xC0, 0x02, 0xFF,
    0x80, 0x07, 0x03, 0x00, 0x02, 0xFF, 0x82, 0x1F, 0x00, 0xF4, 0x03, 0xFF, 0x82, 0x7F, 0x00, 0xD0,
    0x04, 0xFF, 0x81, 0x01, 0x40, 0x03, 0xFF, 0x81, 0x0F, 0xF4, 0x04, 0xFF, 0x81, 0x3F, 0xD0, 0x05,
    0xFF, 0x80, 0x40, 0x05, 0xFF, 0x82, 0x03, 0x00, 0x40, 0x04, 0xFF, 0x82, 0x07, 0x00, 0xFD, 0x03,
    0xFF, 0x82, 0x1F, 0x00, 0xF4, 0x03, 0xFF, 0x82, 0x7F, 0x00, 0xD0, 0x05, 0xFF, 0x82, 0x7F, 0x00,
    0xC0, 0x04, 0xFF, 0x81, 0x01, 0x00, 0x04, 0xFF, 0x82, 0x07, 0x00, 0xFC, 0x03, 0xFF, 0x82, 0x1F,
    0x00, 0xF0, 0x2C, 0xFF, 0x80, 0x0F, 0x7D, 0xFF, 0x80, 0x0F, 0x04, 0x00, 0x81, 0xFF, 0x3F, 0x04,
    0x00, 0x81, 0xFC, 0xFF, 0x04, 0x00, 0x82, 0xF0, 0xFF, 0x03, 0x03, 0x00, 0x80, 0xC0, 0x14, 0xFF,
    0x80, 0x03, 0x03, 0x00, 0x82, 0xC0, 0xFF, 0x0F, 0x04, 0x00, 0x81, 0xFF, 0x3F, 0x04, 0x00, 0x81,
    0xFC, 0xFF, 0x04, 0x00, 0x80, 0xF0, 0x45, 0xFF, 0x80, 0x0F, 0x6A, 0xFF, 0x82, 0x3F, 0x00, 0xF0,
    0x04, 0xFF, 0x81, 0x00, 0xC0, 0x04, 0xFF, 0x81, 0x03, 0x00, 0x04, 0xFF, 0x80, 0x0F, 0x03, 0x00,
    0x80, 0xFD, 0x03, 0xFF, 0x82, 0x0F, 0x00, 0xF4, 0x03, 0xFF, 0x82, 0x3F, 0x00, 0xD0, 0x04, 0xFF,
    0x81, 0x00, 0x40, 0x06, 0xFF, 0x80, 0x01, 0x05, 0xFF, 0x81, 0x03, 0xFC, 0x04, 0xFF, 0x81, 0x0F,
    0xF0, 0x03, 0xFF, 0x02, 0x00, 0x80, 0xC0, 0x03, 0xFF, 0x82, 0x03, 0x00, 0xFD, 0x03, 0xFF, 0x82,
    0x0F, 0x00, 0xF4, 0x03, 0xFF, 0x82, 0x3F, 0x00, 0xD0, 0x02, 0xFF, 0x81, 0x03, 0x00, 0x04, 0xFF,
    0x82, 0x0F, 0x00, 0xFC, 0x03, 0xFF, 0x82, 0x3F, 0x00, 0xF0, 0x04, 0xFF, 0x81, 0x00, 0xC0, 0x2F,
    0xFF, 0x80, 0x0F, 0x39, 0xFF, 0x80, 0x1F, 0x02, 0x00, 0x80, 0xF4, 0x02, 0xFF, 0x80, 0x7F, 0x02,
    0x00, 0x80, 0xD0, 0x03, 0xFF, 0x82, 0x01, 0x00, 0x40, 0x03, 0xFF, 0x80, 0x07, 0x02, 0x00, 0x83,
    0xFD, 0xFF, 0x3F, 0xD0, 0x02, 0xFF, 0x83, 0x07, 0xFC, 0xFF, 0x40, 0x02, 0xFF, 0x8A, 0x0F, 0xF0,
    0xFF, 0x03, 0xFD, 0xFF, 0x3F, 0xC0, 0xFF, 0x0F, 0xF4, 0x02, 0xFF, 0x83, 0x01, 0xFF, 0x3F, 0xD0,
    0x02, 0xFF, 0x83, 0x07, 0xFC, 0xFF, 0x40, 0x02, 0xFF, 0x8D, 0x0F, 0xF0, 0xFF, 0x03, 0xFD, 0xFF,
    0x3F, 0xC0, 0xFF, 0x0F, 0xF4, 0xFF, 0x01, 0x00, 0x04, 0xFF, 0x81, 0x07, 0xF4, 0x04, 0xFF, 0x81,
    0x1F, 0xD0, 0x04, 0xFF, 0x81, 0x7F, 0x40, 0x04, 0xFF, 0x81, 0x03, 0xFD, 0x04, 0xFF, 0x81, 0x0F,
    0xF4, 0x04, 0xFF, 0x81, 0x3F, 0xD0, 0x05, 0xFF, 0x80, 0x40, 0x18, 0xFF, 0x80, 0x40, 0x05, 0xFF,
    0x81, 0x03, 0xFD, 0x04, 0xFF, 0x81, 0x0F, 0xF4, 0x04, 0xFF, 0x81, 0x3F, 0xD0, 0x2E, 0xFF, 0x80,
    0x0F, 0x39, 0xFF, 0x80, 0x1F, 0x02, 0x00, 0x80, 0xF4, 0x02, 0xFF, 0x80, 0x7F, 0x02, 0x00, 0x80,
    0xD0, 0x03, 0xFF, 0x82, 0x01, 0x00, 0x40, 0x03, 0xFF, 0x80, 0x07, 0x02, 0x00, 0x83, 0xFD, 0xFF,
    0x3F, 0xD0, 0x02, 0xFF, 0x83, 0x07, 0xFC, 0xFF, 0x40, 0x02, 0xFF, 0x8A, 0x0F, 0xF0, 0xFF, 0x03,
    0xFD, 0xFF, 0x3F, 0xC0, 0xFF, 0x0F, 0xF4, 0x02, 0xFF, 0x83, 0x01, 0xFF, 0x3F, 0xD0, 0x02, 0xFF,
    0x83, 0x07, 0xFC, 0xFF, 0x40, 0x02, 0xFF, 0xD1, 0x0F, 0xF0, 0xFF, 0x03, 0xFD, 0xFF, 0x3F, 0xC0,
    0xFF, 0x07, 0xF4, 0x03, 0xFD, 0x00, 0xFF, 0x3F, 0xD0, 0x0F, 0xF4, 0x03, 0xFC, 0xFF, 0x40, 0x3F,
    0xD0, 0x0F, 0xF0, 0xFF, 0x03, 0xFD, 0x40, 0x7F, 0xC0, 0xFF, 0x0F, 0xF4, 0x03, 0xFD, 0x01, 0xFF,
    0x3F, 0xD0, 0x0F, 0xF4, 0x03, 0xFC, 0xFF, 0x40, 0x3F, 0xD0, 0x0F, 0xF0, 0xFF, 0x01, 0xFD, 0x00,
    0x3F, 0xC0, 0xFF, 0x0F, 0xF4, 0x03, 0xFD, 0x00, 0xFF, 0x3F, 0xD0, 0x0F, 0xF4, 0x03, 0xFC, 0xFF,
    0x40, 0x3F, 0xD0, 0x1F, 0xF0, 0xFF, 0x03, 0xFD, 0x7F, 0x40, 0x02, 0xFF, 0x8A, 0x0F, 0xF4, 0xFF,
    0x01, 0xFD, 0xFF, 0x3F, 0xD0, 0xFF, 0x07, 0xF4, 0x02, 0xFF, 0x83, 0x40, 0xFF, 0x1F, 0xD0, 0x02,
    0xFF, 0x81, 0x03, 0xFD, 0x04, 0xFF, 0x81, 0x0F, 0xF4, 0x04, 0xFF, 0x81, 0x3F, 0xD0, 0x05, 0xFF,
    0x03, 0x00, 0x80, 0xD0, 0x03, 0xFF, 0x82, 0x01, 0x00, 0x40, 0x03, 0xFF, 0x80, 0x07, 0x02, 0x00,
    0x80, 0xFD, 0x02, 0xFF, 0x80, 0x1F, 0x02, 0x00, 0x82, 0xF4, 0xFF, 0x0F, 0x39, 0xFF, 0x80, 0x1F,
    0x02, 0x00, 0x80, 0xF4, 0x02, 0xFF, 0x80, 0x7F, 0x02, 0x00, 0x80, 0xD0, 0x03, 0xFF, 0x82, 0x01,
    0x00, 0x40, 0x03, 0xFF, 0x80, 0x07, 0x02, 0x00, 0x83, 0xFD, 0xFF, 0x3F, 0xD0, 0x02, 0xFF, 0x83,
    0x07, 0xFC, 0xFF, 0x40, 0x02, 0xFF, 0x8A, 0x0F, 0xF0, 0xFF, 0x03, 0xFD, 0xFF, 0x3F, 0xC0, 0xFF,
    0x0F, 0xF4, 0x02, 0xFF, 0x83, 0x01, 0xFF, 0x3F, 0xD0, 0x02, 0xFF, 0x83, 0x07, 0xFC, 0xFF, 0x40,
    0x02, 0xFF, 0x8A, 0x0F, 0xF0, 0xFF, 0x03, 0xFD, 0xFF, 0x3F, 0xC0, 0xFF, 0x07, 0xF4, 0x02, 0xFF,
    0x83, 0x00, 0xFF, 0x3F, 0xD0, 0x02, 0xFF, 0x83, 0x03, 0xFC, 0xFF, 0x40, 0x02, 0xFF, 0x89, 0x0F,
    0xF0, 0xFF, 0x03, 0xFD, 0xFF, 0x7F, 0xC0, 0xFF, 0x0F, 0x04, 0x00, 0x81, 0xFF, 0x3F, 0x04, 0x00,
    0x81, 0xFC, 0xFF, 0x04, 0x00, 0x82, 0xF0, 0xFF, 0x01, 0x03, 0x00, 0x83, 0xC0, 0xFF, 0x0F, 0xF4,
    0x02, 0xFF, 0x83, 0x00, 0xFF, 0x3F, 0xD0, 0x02, 0xFF, 0x83, 0x03, 0xFC, 0xFF, 0x40, 0x02, 0xFF,
    0x8A, 0x1F, 0xF0, 0xFF, 0x03, 0xFD, 0xFF, 0x7F, 0xC0, 0xFF, 0x0F, 0xF4, 0x02, 0xFF, 0x83, 0x00,
    0xFF, 0x3F, 0xD0, 0x02, 0xFF, 0x83, 0x03, 0xFC, 0xFF, 0x40, 0x02, 0xFF, 0x81, 0x1F, 0xF0, 0x2C,
    0xFF, 0x80, 0x0F, 0x38, 0xFF, 0x80, 0x3F, 0x03, 0x00, 0x80, 0xF4, 0x02, 0xFF, 0x03, 0x00, 0x80,
    0xD0, 0x02, 0xFF, 0x80, 0x03, 0x02, 0x00, 0x80, 0x40, 0x02, 0xFF, 0x80, 0x0F, 0x03, 0x00, 0x83,
    0xFD, 0xFF, 0x3F, 0xD0, 0x02, 0xFF, 0x83, 0x07, 0xFC, 0xFF, 0x40, 0x02, 0xFF, 0x8A, 0x0F, 0xF0,
    0xFF, 0x03, 0xFD, 0xFF, 0x3F, 0xC0, 0xFF, 0x0F, 0xF4, 0x02, 0xFF, 0x83, 0x01, 0xFF, 0x3F, 0xD0,
    0x02, 0xFF, 0x83, 0x07, 0xFC, 0xFF, 0x40, 0x02, 0xFF, 0x89, 0x0F, 0xF0, 0xFF, 0x03, 0xFD, 0xFF,
    0x3F, 0xC0, 0xFF, 0x07, 0x04, 0x00, 0x81, 0xFF, 0x3F, 0x03, 0x00, 0x80, 0xF4, 0x02, 0xFF, 0x03,
    0x00, 0x80, 0xD0, 0x02, 0xFF, 0x80, 0x03, 0x02, 0x00, 0x80, 0x40, 0x02, 0xFF, 0x81, 0x0F, 0xF4,
    0x02, 0xFF, 0x83, 0x01, 0xFF, 0x3F, 0xD0, 0x02, 0xFF, 0x83, 0x03, 0xFC, 0xFF, 0x40, 0x02, 0xFF,
    0x8A, 0x0F, 0xF0, 0xFF, 0x01, 0xFD, 0xFF, 0x3F, 0xC0, 0xFF, 0x0F, 0xF4, 0x02, 0xFF, 0x83, 0x00,
    0xFF, 0x3F, 0xD0, 0x02, 0xFF, 0x83, 0x03, 0xFC, 0xFF, 0x40, 0x02, 0xFF, 0x83, 0x1F, 0xF0, 0xFF,
    0x03, 0x02, 0x00, 0x80, 0x40, 0x02, 0xFF, 0x80, 0x0F, 0x03, 0x00, 0x82, 0xFD, 0xFF, 0x3F, 0x03,
    0x00, 0x80, 0xF4, 0x02, 0xFF, 0x03, 0x00, 0x80, 0xD0, 0x2D, 0xFF, 0x80, 0x0F, 0x39, 0xFF, 0x80,
    0x1F, 0x02, 0x00, 0x80, 0xF4, 0x02, 0xFF, 0x80, 0x7F, 0x02, 0x00, 0x80, 0xD0, 0x03, 0xFF, 0x82,
    0x01, 0x00, 0x40, 0x03, 0xFF, 0x80, 0x07, 0x02, 0x00, 0x83, 0xFD, 0xFF, 0x3F, 0xD0, 0x02, 0xFF,
    0x83, 0x07, 0xFC, 0xFF, 0x40, 0x02, 0xFF, 0x8A, 0x0F, 0xF0, 0xFF, 0x03, 0xFD, 0xFF, 0x3F, 0xC0,
    0xFF, 0x0F, 0xF4, 0x02, 0xFF, 0x83, 0x01, 0xFF, 0x3F, 0xD0, 0x05, 0xFF, 0x80, 0x40, 0x05, 0xFF,
    0x81, 0x03, 0xFD, 0x04, 0xFF, 0x81, 0x07, 0xF4, 0x04, 0xFF, 0x81, 0x3F, 0xD0, 0x05, 0xFF, 0x80,
    0x40, 0x05, 0xFF, 0x81, 0x03, 0xFD, 0x04, 0xFF, 0x81, 0x0F, 0xF4, 0x04, 0xFF, 0x81, 0x3F, 0xD0,
    0x05, 0xFF, 0x80, 0x40, 0x05, 0xFF, 0x87, 0x01, 0xFD, 0xFF, 0x7F, 0xC0, 0xFF, 0x0F, 0xF4, 0x02,
    0xFF, 0x83, 0x00, 0xFF, 0x3F, 0xD0, 0x02, 0xFF, 0x83, 0x03, 0xFC, 0xFF, 0x40, 0x02, 0xFF, 0x81,
    0x1F, 0xF0, 0x02, 0xFF, 0x82, 0x01, 0x00, 0x40, 0x03, 0xFF, 0x80, 0x07, 0x02, 0x00, 0x80, 0xFD,
    0x02, 0xFF, 0x80, 0x1F, 0x02, 0x00, 0x80, 0xF4, 0x02, 0xFF, 0x80, 0x7F, 0x02, 0x00, 0x80, 0xD0,
    0x2D, 0xFF, 0x80, 0x0F, 0x38, 0xFF, 0x80, 0x3F, 0x03, 0x00, 0x80, 0xF4, 0x02, 0xFF, 0x03, 0x00,
    0x80, 0xD0, 0x02, 0xFF, 0x80, 0x03, 0x02, 0x00, 0x80, 0x40, 0x02, 0xFF, 0x80, 0x0F, 0x03, 0x00,
    0x83, 0xFD, 0xFF, 0x3F, 0xD0, 0x02, 0xFF, 0x83, 0x07, 0xFC, 0xFF, 0x40, 0x02, 0xFF, 0x8A, 0x0F,
    0xF0, 0xFF, 0x03, 0xFD, 0xFF, 0x3F, 0xC0, 0xFF, 0x0F, 0xF4, 0x02, 0xFF, 0x83, 0x01, 0xFF, 0x3F,
    0xD0, 0x02, 0xFF, 0x83, 0x07, 0xFC, 0xFF, 0x40, 0x02, 0xFF, 0x8A, 0x0F, 0xF0, 0xFF, 0x03, 0xFD,
    0xFF, 0x3F, 0xC0, 0xFF, 0x07, 0xF4, 0x02, 0xFF, 0x83, 0x00, 0xFF, 0x3F, 0xD0, 0x02, 0xFF, 0x83,
    0x03, 0xFC, 0xFF, 0x40, 0x02, 0xFF, 0x8A, 0x0F, 0xF0, 0xFF, 0x03, 0xFD, 0xFF, 0x7F, 0xC0, 0xFF,
    0x0F, 0xF4, 0x02, 0xFF, 0x83, 0x01, 0xFF, 0x3F, 0xD0, 0x02, 0xFF, 0x83, 0x03, 0xFC, 0xFF, 0x40,
    0x02, 0xFF, 0x8A, 0x0F, 0xF0, 0xFF, 0x01, 0xFD, 0xFF, 0x3F, 0xC0, 0xFF, 0x0F, 0xF4, 0x02, 0xFF,
    0x83, 0x00, 0xFF, 0x3F, 0xD0, 0x02, 0xFF, 0x83, 0x03, 0xFC, 0xFF, 0x40, 0x02, 0xFF, 0x83, 0x1F,
    0xF0, 0xFF, 0x03, 0x02, 0x00, 0x80, 0x40, 0x02, 0xFF, 0x80, 0x0F, 0x03, 0x00, 0x82, 0xFD, 0xFF,
    0x3F, 0x03, 0x00, 0x80, 0xF4, 0x02, 0xFF, 0x03, 0x00, 0x80, 0xD0, 0x2D, 0xFF, 0x80, 0x0F, 0x38,
    0xFF, 0x80, 0x3F, 0x04, 0x00, 0x81, 0xFC, 0xFF, 0x04, 0x00, 0x82, 0xF0, 0xFF, 0x03, 0x03, 0x00,
    0x82, 0xC0, 0xFF, 0x0F, 0x04, 0x00, 0x82, 0xFF, 0x3F, 0xD0, 0x05, 0xFF, 0x80, 0x40, 0x05, 0xFF,
    0x81, 0x03, 0xFD, 0x04, 0xFF, 0x81, 0x0F, 0xF4, 0x04, 0xFF, 0x81, 0x3F, 0xD0, 0x05, 0xFF, 0x80,
    0x40, 0x05, 0xFF, 0x81, 0x03, 0xFD, 0x04, 0xFF, 0x80, 0x07, 0x03, 0x00, 0x82, 0xFD, 0xFF, 0x3F,
    0x03, 0x00, 0x80, 0xF4, 0x02, 0xFF, 0x03, 0x00, 0x80, 0xD0, 0x02, 0xFF, 0x80, 0x03, 0x02, 0x00,
    0x80, 0x40, 0x02, 0xFF, 0x81, 0x0F, 0xF4, 0x04, 0xFF, 0x81, 0x3F, 0xD0, 0x05, 0xFF, 0x80, 0x40,
    0x05, 0xFF, 0x81, 0x01, 0xFD, 0x04, 0xFF, 0x81, 0x0F, 0xF4, 0x04, 0xFF, 0x81, 0x3F, 0xD0, 0x05,
    0xFF, 0x80, 0x40, 0x05, 0xFF, 0x80, 0x03, 0x03, 0x00, 0x82, 0xC0, 0xFF, 0x0F, 0x04, 0x00, 0x81,
    0xFF, 0x3F, 0x04, 0x00, 0x81, 0xFC, 0xFF, 0x04, 0x00, 0x80, 0xF0, 0x2C, 0xFF, 0x80, 0x0F, 0x38,
    0xFF, 0x80, 0x3F, 0x04, 0x00, 0x81, 0xFC, 0xFF, 0x04, 0x00, 0x82, 0xF0, 0xFF, 0x03, 0x03, 0x00,
    0x82, 0xC0, 0xFF, 0x0F, 0x04, 0x00, 0x82, 0xFF, 0x3F, 0xD0, 0x05, 0xFF, 0x80, 0x40, 0x05, 0xFF,
    0x81, 0x03, 0xFD, 0x04, 0xFF, 0x81, 0x0F, 0xF4, 0x04, 0xFF, 0x81, 0x3F, 0xD0, 0x05, 0xFF, 0x80,
    0x40, 0x05, 0xFF, 0x81, 0x03, 0xFD, 0x04, 0xFF, 0x80, 0x07, 0x03, 0x00, 0x82, 0xFD, 0xFF, 0x3F,
    0x03, 0x00, 0x80, 0xF4, 0x02, 0xFF, 0x03, 0x00, 0x80, 0xD0, 0x02, 0xFF, 0x80, 0x03, 0x02, 0x00,
    0x80, 0x40, 0x02, 0xFF, 0x81, 0x0F, 0xF4, 0x04, 0xFF, 0x81, 0x3F, 0xD0, 0x05, 0xFF, 0x80, 0x40,
    0x05, 0xFF, 0x81, 0x01, 0xFD, 0x04, 0xFF, 0x81, 0x0F, 0xF4, 0x04, 0xFF, 0x81, 0x3F, 0xD0, 0x05,
    0xFF, 0x80, 0x40, 0x05, 0xFF, 0x81, 0x03, 0xFD, 0x04, 0xFF, 0x81, 0x0F, 0xF4, 0x04, 0xFF, 0x81,
    0x3F, 0xD0, 0x05, 0xFF, 0x80, 0x40, 0x30, 0xFF, 0x80, 0x0F, 0x39, 0xFF, 0x80, 0x1F, 0x02, 0x00,
    0x80, 0xF4, 0x02, 0xFF, 0x80, 0x7F, 0x02, 0x00, 0x80, 0xD0, 0x03, 0xFF, 0x82, 0x01, 0x00, 0x40,
    0x03, 0xFF, 0x80, 0x07, 0x02, 0x00, 0x83, 0xFD, 0xFF, 0x3F, 0xD0, 0x02, 0xFF, 0x83, 0x07, 0xFC,
    0xFF, 0x40, 0x02, 0xFF, 0x8A, 0x0F, 0xF0, 0xFF, 0x03, 0xFD, 0xFF, 0x3F, 0xC0, 0xFF, 0x0F, 0xF4,
    0x02, 0xFF, 0x83, 0x01, 0xFF, 0x3F, 0xD0, 0x05, 0xFF, 0x80, 0x40, 0x05, 0xFF, 0x81, 0x03, 0xFD,
    0x04, 0xFF, 0x82, 0x07, 0xF4, 0x03, 0x02, 0x00, 0x83, 0xFF, 0x3F, 0xD0, 0x0F, 0x02, 0x00, 0x83,
    0xFC, 0xFF, 0x40, 0x3F, 0x02, 0x00, 0x83, 0xF0, 0xFF, 0x03, 0xFD, 0x02, 0x00, 0x83, 0xC0, 0xFF,
    0x0F, 0xF4, 0x02, 0xFF, 0x83, 0x01, 0xFF, 0x3F, 0xD0, 0x02, 0xFF, 0x83, 0x03, 0xFC, 0xFF, 0x40,
    0x02, 0xFF, 0x8A, 0x0F, 0xF0, 0xFF, 0x01, 0xFD, 0xFF, 0x3F, 0xC0, 0xFF, 0x0F, 0xF4, 0x02, 0xFF,
    0x83, 0x00, 0xFF, 0x3F, 0xD0, 0x02, 0xFF, 0x83, 0x03, 0xFC, 0xFF, 0x40, 0x02, 0xFF, 0x81, 0x1F,
    0xF0, 0x02, 0xFF, 0x82, 0x01, 0x00, 0x40, 0x03, 0xFF, 0x80, 0x07, 0x02, 0x00, 0x80, 0xFD, 0x02,
    0xFF, 0x80, 0x1F, 0x02, 0x00, 0x80, 0xF4, 0x02, 0xFF, 0x80, 0x7F, 0x02, 0x00, 0x80, 0xD0, 0x2D,
    0xFF, 0x80, 0x0F, 0x38, 0xFF, 0x81, 0x3F, 0xD0, 0x02, 0xFF, 0x83, 0x07, 0xFC, 0xFF, 0x40, 0x02,
    0xFF, 0x8A, 0x0F, 0xF0, 0xFF, 0x03, 0xFD, 0xFF, 0x3F, 0xC0, 0xFF, 0x0F, 0xF4, 0x02, 0xFF, 0x83,
    0x01, 0xFF, 0x3F, 0xD0, 0x02, 0xFF, 0x83, 0x07, 0xFC, 0xFF, 0x40, 0x02, 0xFF, 0x8A, 0x0F, 0xF0,
    0xFF, 0x03, 0xFD, 0xFF, 0x3F, 0xC0, 0xFF, 0x0F, 0xF4, 0x02, 0xFF, 0x83, 0x01, 0xFF, 0x3F, 0xD0,
    0x02, 0xFF, 0x83, 0x07, 0xFC, 0xFF, 0x40, 0x02, 0xFF, 0x89, 0x0F, 0xF0, 0xFF, 0x03, 0xFD, 0xFF,
    0x3F, 0xC0, 0xFF, 0x07, 0x04, 0x00, 0x81, 0xFF, 0x3F, 0x04, 0x00, 0x81, 0xFC, 0xFF, 0x04, 0x00,
    0x82, 0xF0, 0xFF, 0x03, 0x03, 0x00, 0x83, 0xC0, 0xFF, 0x0F, 0xF4, 0x02, 0xFF, 0x83, 0x01, 0xFF,
    0x3F, 0xD0, 0x02, 0xFF, 0x83, 0x03, 0xFC, 0xFF, 0x40, 0x02, 0xFF, 0x8A, 0x0F, 0xF0, 0xFF, 0x01,
    0xFD, 0xFF, 0x3F, 0xC0, 0xFF, 0x0F, 0xF4, 0x02, 0xFF, 0x83, 0x00, 0xFF, 0x3F, 0xD0, 0x02, 0xFF,
    0x83, 0x03, 0xFC, 0xFF, 0x40, 0x02, 0xFF, 0x8A, 0x1F, 0xF0, 0xFF, 0x03, 0xFD, 0xFF, 0x7F, 0xC0,
    0xFF, 0x0F, 0xF4, 0x02, 0xFF, 0x83, 0x00, 0xFF, 0x3F, 0xD0, 0x02, 0xFF, 0x83, 0x03, 0xFC, 0xFF,
    0x40, 0x02, 0xFF, 0x81, 0x1F, 0xF0, 0x2C, 0xFF, 0x80, 0x0F, 0x38, 0xFF, 0x80, 0x3F, 0x04, 0x00,
    0x81, 0xFC, 0xFF, 0x04, 0x00, 0x82, 0xF0, 0xFF, 0x03, 0x03, 0x00, 0x82, 0xC0, 0xFF, 0x0F, 0x04,
    0x00, 0x03, 0xFF, 0x81, 0x0F, 0xF4, 0x04, 0xFF, 0x81, 0x3F, 0xD0, 0x05, 0xFF, 0x80, 0x40, 0x05,
    0xFF, 0x81, 0x03, 0xFD, 0x04, 0xFF, 0x81, 0x0F, 0xF4, 0x04, 0xFF, 0x81, 0x3F, 0xD0, 0x05, 0xFF,
    0x80, 0x40, 0x05, 0xFF, 0x81, 0x03, 0xFC, 0x04, 0xFF, 0x81, 0x0F, 0xF4, 0x04, 0xFF, 0x81, 0x3F,
    0xD0, 0x05, 0xFF, 0x80, 0x40, 0x05, 0xFF, 0x81, 0x03, 0xFD, 0x04, 0xFF, 0x81, 0x0F, 0xF4, 0x04,
    0xFF, 0x81, 0x3F, 0xD0, 0x05, 0xFF, 0x80, 0x00, 0x05, 0xFF, 0x81, 0x03, 0xFD, 0x04, 0xFF, 0x81,
    0x0F, 0xF4, 0x04, 0xFF, 0x81, 0x3F, 0xD0, 0x03, 0xFF, 0x80, 0x03, 0x03, 0x00, 0x82, 0xC0, 0xFF,
    0x0F, 0x04, 0x00, 0x81, 0xFF, 0x3F, 0x04, 0x00, 0x81, 0xFC, 0xFF, 0x04, 0x00, 0x80, 0xF0, 0x2C,
    0xFF, 0x80, 0x0F, 0x39, 0xFF, 0x80, 0x1F, 0x03, 0x00, 0x82, 0xFC, 0xFF, 0x7F, 0x03, 0x00, 0x80,
    0xF0, 0x02, 0xFF, 0x80, 0x01, 0x02, 0x00, 0x80, 0xC0, 0x02, 0xFF, 0x80, 0x07, 0x03, 0x00, 0x05,
    0xFF, 0x81, 0x07, 0xFC, 0x04, 0xFF, 0x81, 0x0F, 0xF0, 0x04, 0xFF, 0x81, 0x3F, 0xC0, 0x05, 0xFF,
    0x80, 0x01, 0x05, 0xFF, 0x81, 0x07, 0xFC, 0x04, 0xFF, 0x81, 0x0F, 0xF0, 0x04, 0xFF, 0x81, 0x3F,
    0xC0, 0x05, 0xFF, 0x80, 0x00, 0x05, 0xFF, 0x81, 0x03, 0xFC, 0x04, 0xFF, 0x81, 0x0F, 0xF0, 0x04,
    0xFF, 0x84, 0x7F, 0xC0, 0xFF, 0x0F, 0xF4, 0x02, 0xFF, 0x83, 0x01, 0xFF, 0x3F, 0xD0, 0x02, 0xFF,
    0x83, 0x03, 0xFC, 0xFF, 0x40, 0x02, 0xFF, 0x8A, 0x0F, 0xF0, 0xFF, 0x01, 0xFD, 0xFF, 0x3F, 0xC0,
    0xFF, 0x0F, 0xF4, 0x02, 0xFF, 0x83, 0x00, 0xFF, 0x3F, 0xD0, 0x02, 0xFF, 0x83, 0x03, 0xFC, 0xFF,
    0x40, 0x02, 0xFF, 0x81, 0x1F, 0xF0, 0x02, 0xFF, 0x82, 0x01, 0x00, 0x40, 0x03, 0xFF, 0x80, 0x07,
    0x02, 0x00, 0x80, 0xFD, 0x02, 0xFF, 0x80, 0x1F, 0x02, 0x00, 0x80, 0xF4, 0x02, 0xFF, 0x80, 0x7F,
    0x02, 0x00, 0x80, 0xD0, 0x2D, 0xFF, 0x80, 0x0F, 0x38, 0xFF, 0x81, 0x3F, 0xD0, 0x02, 0xFF, 0x83,
    0x07, 0xFC, 0xFF, 0x40, 0x02, 0xFF, 0x8A, 0x0F, 0xF0, 0xFF, 0x03, 0xFD, 0xFF, 0x3F, 0xC0, 0xFF,
    0x0F, 0xF4, 0x02, 0xFF, 0x83, 0x01, 0xFF, 0x3F, 0xD0, 0x02, 0xFF, 0x83, 0x07, 0xFC, 0xFF, 0x40,
    0x02, 0xFF, 0x8A, 0x0F, 0xF0, 0xFF, 0x03, 0xFD, 0xFF, 0x3F, 0xC0, 0xFF, 0x0F, 0xF4, 0x02, 0xFF,
    0x86, 0x01, 0xFF, 0x3F, 0xD0, 0xFF, 0x07, 0xF4, 0x02, 0xFF, 0x83, 0x40, 0xFF, 0x1F, 0xD0, 0x02,
    0xFF, 0x83, 0x03, 0xFD, 0x7F, 0x40, 0x02, 0xFF, 0x80, 0x07, 0x03, 0x00, 0x82, 0xFD, 0xFF, 0x3F,
    0x02, 0x00, 0x80, 0xF4, 0x03, 0xFF, 0x02, 0x00, 0x80, 0xD0, 0x03, 0xFF, 0x82, 0x03, 0x00, 0x40,
    0x03, 0xFF, 0x8A, 0x0F, 0xF4, 0xFF, 0x01, 0xFD, 0xFF, 0x3F, 0xD0, 0xFF, 0x07, 0xF4, 0x02, 0xFF,
    0x83, 0x40, 0xFF, 0x1F, 0xD0, 0x02, 0xFF, 0x87, 0x01, 0xFD, 0x7F, 0x00, 0xC0, 0xFF, 0x0F, 0xF4,
    0x02, 0xFF, 0x83, 0x00, 0xFF, 0x3F, 0xD0, 0x02, 0xFF, 0x83, 0x03, 0xFC, 0xFF, 0x40, 0x02, 0xFF,
    0x8A, 0x1F, 0xF0, 0xFF, 0x03, 0xFD, 0xFF, 0x7F, 0xC0, 0xFF, 0x0F, 0xF4, 0x02, 0xFF, 0x83, 0x00,
    0xFF, 0x3F, 0xD0, 0x02, 0xFF, 0x83, 0x03, 0xFC, 0xFF, 0x40, 0x02, 0xFF, 0x81, 0x1F, 0xF0, 0x2C,
    0xFF, 0x80, 0x0F, 0x38, 0xFF, 0x81, 0x3F, 0xD0, 0x05, 0xFF, 0x80, 0x40, 0x05, 0xFF, 0x81, 0x03,
    0xFD, 0x04, 0xFF, 0x81, 0x0F, 0xF4, 0x04, 0xFF, 0x81, 0x3F, 0xD0, 0x05, 0xFF, 0x80, 0x40, 0x05,
    0xFF, 0x81, 0x03, 0xFD, 0x04, 0xFF, 0x81, 0x0F, 0xF4, 0x04, 0xFF, 0x81, 0x3F, 0xD0, 0x05, 0xFF,
    0x80, 0x40, 0x05, 0xFF, 0x81, 0x03, 0xFD, 0x04, 0xFF, 0x81, 0x07, 0xF4, 0x04, 0xFF, 0x81, 0x3F,
    0xD0, 0x05, 0xFF, 0x80, 0x40, 0x05, 0xFF, 0x81, 0x03, 0xFD, 0x04, 0xFF, 0x81, 0x0F, 0xF4, 0x02,
    0xFF, 0x83, 0x01, 0xFF, 0x3F, 0xD0, 0x02, 0xFF, 0x83, 0x03, 0xFC, 0xFF, 0x40, 0x02, 0xFF, 0x8A,
    0x0F, 0xF0, 0xFF, 0x01, 0xFD, 0xFF, 0x3F, 0xC0, 0xFF, 0x0F, 0xF4, 0x02, 0xFF, 0x83, 0x00, 0xFF,
    0x3F, 0xD0, 0x02, 0xFF, 0x83, 0x03, 0xFC, 0xFF, 0x40, 0x02, 0xFF, 0x83, 0x1F, 0xF0, 0xFF, 0x03,
    0x03, 0x00, 0x82, 0xC0, 0xFF, 0x0F, 0x04, 0x00, 0x81, 0xFF, 0x3F, 0x04, 0x00, 0x81, 0xFC, 0xFF,
    0x04, 0x00, 0x80, 0xF0, 0x2C, 0xFF, 0x80, 0x0F, 0x38, 0xFF, 0x81, 0x3F, 0xD0, 0x02, 0xFF, 0x83,
    0x07, 0xFC, 0xFF, 0x40, 0x02, 0xFF, 0x8A, 0x0F, 0xF0, 0xFF, 0x03, 0xFD, 0xFF, 0x3F, 0xC0, 0xFF,
    0x0F, 0xF4, 0x02, 0xFF, 0xC8, 0x01, 0xFF, 0x3F, 0x00, 0xF0, 0x07, 0x00, 0xFC, 0xFF, 0x00, 0xC0,
    0x1F, 0x00, 0xF0, 0xFF, 0x03, 0x00, 0x7F, 0x00, 0xC0, 0xFF, 0x0F, 0x00, 0xFC, 0x01, 0x00, 0xFF,
    0x3F, 0xD0, 0x0F, 0xF4, 0x07, 0xFC, 0xFF, 0x40, 0x3F, 0xD0, 0x0F, 0xF0, 0xFF, 0x03, 0xFD, 0x40,
    0x3F, 0xC0, 0xFF, 0x07, 0xF4, 0x03, 0xFC, 0x00, 0xFF, 0x3F, 0xD0, 0x0F, 0xF4, 0x03, 0xFC, 0xFF,
    0x40, 0x3F, 0xD0, 0x0F, 0xF0, 0xFF, 0x03, 0xFD, 0x40, 0x7F, 0xC0, 0xFF, 0x0F, 0xF4, 0x02, 0xFF,
    0x83, 0x01, 0xFF, 0x3F, 0xD0, 0x02, 0xFF, 0x83, 0x03, 0xFC, 0xFF, 0x40, 0x02, 0xFF, 0x8A, 0x0F,
    0xF0, 0xFF, 0x01, 0xFD, 0xFF, 0x3F, 0xC0, 0xFF, 0x0F, 0xF4, 0x02, 0xFF, 0x83, 0x00, 0xFF, 0x3F,
    0xD0, 0x02, 0xFF, 0x83, 0x03, 0xFC, 0xFF, 0x40, 0x02, 0xFF, 0x8A, 0x1F, 0xF0, 0xFF, 0x03, 0xFD,
    0xFF, 0x7F, 0xC0, 0xFF, 0x0F, 0xF4, 0x02, 0xFF, 0x83, 0x00, 0xFF, 0x3F, 0xD0, 0x02, 0xFF, 0x83,
    0x03, 0xFC, 0xFF, 0x40, 0x02, 0xFF, 0x81, 0x1F, 0xF0, 0x2C, 0xFF, 0x80, 0x0F, 0x38, 0xFF, 0x81,
    0x3F, 0xD0, 0x02, 0xFF, 0x83, 0x07, 0xFC, 0xFF, 0x40, 0x02, 0xFF, 0x8A, 0x0F, 0xF0, 0xFF, 0x03,
    0xFD, 0xFF, 0x3F, 0xC0, 0xFF, 0x0F, 0xF4, 0x02, 0xFF, 0x83, 0x01, 0xFF, 0x3F, 0xD0, 0x02, 0xFF,
    0x83, 0x07, 0xFC, 0xFF, 0x40, 0x02, 0xFF, 0x8A, 0x0F, 0xF0, 0xFF, 0x03, 0xFD, 0xFF, 0x3F, 0xC0,
    0xFF, 0x0F, 0xF4, 0x02, 0xFF, 0x95, 0x01, 0xFF, 0x3F, 0x00, 0xF0, 0xFF, 0x07, 0xFC, 0xFF, 0x00,
    0xC0, 0xFF, 0x0F, 0xF0, 0xFF, 0x03, 0x00, 0xFF, 0x3F, 0xC0, 0xFF, 0x07, 0x02, 0x00, 0xB0, 0xFD,
    0x00, 0xFF, 0x3F, 0xD0, 0x0F, 0xF4, 0x03, 0xFC, 0xFF, 0x40, 0x3F, 0xD0, 0x0F, 0xF0, 0xFF, 0x03,
    0xFD, 0x40, 0x7F, 0xC0, 0xFF, 0x0F, 0xF4, 0xFF, 0x01, 0x00, 0xFF, 0x3F, 0xD0, 0xFF, 0x07, 0x00,
    0xFC, 0xFF, 0x40, 0xFF, 0x1F, 0x00, 0xF0, 0xFF, 0x01, 0xFD, 0x7F, 0x00, 0xC0, 0xFF, 0x0F, 0xF4,
    0x02, 0xFF, 0x83, 0x00, 0xFF, 0x3F, 0xD0, 0x02, 0xFF, 0x83, 0x03, 0xFC, 0xFF, 0x40, 0x02, 0xFF,
    0x8A, 0x1F, 0xF0, 0xFF, 0x03, 0xFD, 0xFF, 0x7F, 0xC0, 0xFF, 0x0F, 0xF4, 0x02, 0xFF, 0x83, 0x00,
    0xFF, 0x3F, 0xD0, 0x02, 0xFF, 0x83, 0x03, 0xFC, 0xFF, 0x40, 0x02, 0xFF, 0x81, 0x1F, 0xF0, 0x2C,
    0xFF, 0x80, 0x0F, 0x39, 0xFF, 0x80, 0x1F, 0x02, 0x00, 0x80, 0xF4, 0x02, 0xFF, 0x80, 0x7F, 0x02,
    0x00, 0x80, 0xD0, 0x03, 0xFF, 0x82, 0x01, 0x00, 0x40, 0x03, 0xFF, 0x80, 0x07, 0x02, 0x00, 0x83,
    0xFD, 0xFF, 0x3F, 0xD0, 0x02, 0xFF, 0x83, 0x07, 0xFC, 0xFF, 0x40, 0x02, 0xFF, 0x8A, 0x0F, 0xF0,
    0xFF, 0x03, 0xFD, 0xFF, 0x3F, 0xC0, 0xFF, 0x0F, 0xF4, 0x02, 0xFF, 0x83, 0x01, 0xFF, 0x3F, 0xD0,
    0x02, 0xFF, 0x83, 0x07, 0xFC, 0xFF, 0x40, 0x02, 0xFF, 0x8A, 0x0F, 0xF0, 0xFF, 0x03, 0xFD, 0xFF,
    0x3F, 0xC0, 0xFF, 0x07, 0xF4, 0x02, 0xFF, 0x83, 0x00, 0xFF, 0x3F, 0xD0, 0x02, 0xFF, 0x83, 0x03,
    0xFC, 0xFF, 0x40, 0x02, 0xFF, 0x8A, 0x0F, 0xF0, 0xFF, 0x03, 0xFD, 0xFF, 0x7F, 0xC0, 0xFF, 0x0F,
    0xF4, 0x02, 0xFF, 0x83, 0x01, 0xFF, 0x3F, 0xD0, 0x02, 0xFF, 0x83, 0x03, 0xFC, 0xFF, 0x40, 0x02,
    0xFF, 0x8A, 0x0F, 0xF0, 0xFF, 0x01, 0xFD, 0xFF, 0x3F, 0xC0, 0xFF, 0x0F, 0xF4, 0x02, 0xFF, 0x83,
    0x00, 0xFF, 0x3F, 0xD0, 0x02, 0xFF, 0x83, 0x03, 0xFC, 0xFF, 0x40, 0x02, 0xFF, 0x81, 0x1F, 0xF0,
    0x02, 0xFF, 0x82, 0x01, 0x00, 0x40, 0x03, 0xFF, 0x80, 0x07, 0x02, 0x00, 0x80, 0xFD, 0x02, 0xFF,
    0x80, 0x1F, 0x02, 0x00, 0x80, 0xF4, 0x02, 0xFF, 0x80, 0x7F, 0x02, 0x00, 0x80, 0xD0, 0x2D, 0xFF,
    0x80, 0x0F, 0x38, 0xFF, 0x80, 0x3F, 0x03, 0x00, 0x80, 0xF4, 0x02, 0xFF, 0x03, 0x00, 0x80, 0xD0,
    0x02, 0xFF, 0x80, 0x03, 0x02, 0x00, 0x80, 0x40, 0x02, 0xFF, 0x80, 0x0F, 0x03, 0x00, 0x83, 0xFD,
    0xFF, 0x3F, 0xD0, 0x02, 0xFF, 0x83, 0x07, 0xFC, 0xFF, 0x40, 0x02, 0xFF, 0x8A, 0x0F, 0xF0, 0xFF,
    0x03, 0xFD, 0xFF, 0x3F, 0xC0, 0xFF, 0x0F, 0xF4, 0x02, 0xFF, 0x83, 0x01, 0xFF, 0x3F, 0xD0, 0x02,
    0xFF, 0x83, 0x07, 0xFC, 0xFF, 0x40, 0x02, 0xFF, 0x8A, 0x0F, 0xF0, 0xFF, 0x03, 0xFD, 0xFF, 0x3F,
    0xC0, 0xFF, 0x07, 0xF4, 0x02, 0xFF, 0x83, 0x00, 0xFF, 0x3F, 0xD0, 0x02, 0xFF, 0x83, 0x03, 0xFC,
    0xFF, 0x40, 0x02, 0xFF, 0x89, 0x0F, 0xF0, 0xFF, 0x03, 0xFD, 0xFF, 0x7F, 0xC0, 0xFF, 0x0F, 0x03,
    0x00, 0x82, 0xFD, 0xFF, 0x3F, 0x03, 0x00, 0x80, 0xF4, 0x02, 0xFF, 0x03, 0x00, 0x80, 0xD0, 0x02,
    0xFF, 0x80, 0x01, 0x02, 0x00, 0x80, 0x40, 0x02, 0xFF, 0x81, 0x0F, 0xF4, 0x04, 0xFF, 0x81, 0x3F,
    0xD0, 0x05, 0xFF, 0x80, 0x40, 0x05, 0xFF, 0x81, 0x03, 0xFD, 0x04, 0xFF, 0x81, 0x0F, 0xF4, 0x04,
    0xFF, 0x81, 0x3F, 0xD0, 0x05, 0xFF, 0x80, 0x40, 0x30, 0xFF, 0x80, 0x0F, 0x39, 0xFF, 0x80, 0x1F,
    0x02, 0x00, 0x80, 0xF4, 0x02, 0xFF, 0x80, 0x7F, 0x02, 0x00, 0x80, 0xD0, 0x03, 0xFF, 0x82, 0x01,
    0x00, 0x40, 0x03, 0xFF, 0x80, 0x07, 0x02, 0x00, 0x83, 0xFD, 0xFF, 0x3F, 0xD0, 0x02, 0xFF, 0x83,
    0x07, 0xFC, 0xFF, 0x40, 0x02, 0xFF, 0x8A, 0x0F, 0xF0, 0xFF, 0x03, 0xFD, 0xFF, 0x3F, 0xC0, 0xFF,
    0x0F, 0xF4, 0x02, 0xFF, 0x83, 0x01, 0xFF, 0x3F, 0xD0, 0x02, 0xFF, 0x83, 0x07, 0xFC, 0xFF, 0x40,
    0x02, 0xFF, 0x8A, 0x0F, 0xF0, 0xFF, 0x03, 0xFD, 0xFF, 0x3F, 0xC0, 0xFF, 0x07, 0xF4, 0x02, 0xFF,
    0x83, 0x00, 0xFF, 0x3F, 0xD0, 0x02, 0xFF, 0x83, 0x03, 0xFC, 0xFF, 0x40, 0x02, 0xFF, 0xB3, 0x0F,
    0xF0, 0xFF, 0x03, 0xFD, 0xFF, 0x7F, 0xC0, 0xFF, 0x0F, 0xF4, 0x03, 0xFD, 0x01, 0xFF, 0x3F, 0xD0,
    0x0F, 0xF4, 0x03, 0xFC, 0xFF, 0x40, 0x3F, 0xD0, 0x0F, 0xF0, 0xFF, 0x01, 0xFD, 0x00, 0x3F, 0xC0,
    0xFF, 0x0F, 0xF4, 0x03, 0xFD, 0x00, 0xFF, 0x3F, 0xD0, 0x0F, 0xF4, 0x03, 0xFC, 0xFF, 0x40, 0x3F,
    0xD0, 0x1F, 0xF0, 0x02, 0xFF, 0x82, 0x01, 0x00, 0x40, 0x03, 0xFF, 0x80, 0x07, 0x02, 0x00, 0x80,
    0xFD, 0x02, 0xFF, 0x80, 0x1F, 0x02, 0x00, 0x80, 0xF4, 0x02, 0xFF, 0x80, 0x7F, 0x02, 0x00, 0x80,
    0xD0, 0x04, 0xFF, 0x80, 0x40, 0x05, 0xFF, 0x81, 0x03, 0xFD, 0x04, 0xFF, 0x81, 0x0F, 0xF4, 0x04,
    0xFF, 0x81, 0x3F, 0xD0, 0x15, 0xFF, 0x80, 0x0F, 0x38, 0xFF, 0x80, 0x3F, 0x03, 0x00, 0x80, 0xF4,
    0x02, 0xFF, 0x03, 0x00, 0x80, 0xD0, 0x02, 0xFF, 0x80, 0x03, 0x02, 0x00, 0x80, 0x40, 0x02, 0xFF,
    0x80, 0x0F, 0x03, 0x00, 0x83, 0xFD, 0xFF, 0x3F, 0xD0, 0x02, 0xFF, 0x83, 0x07, 0xFC, 0xFF, 0x40,
    0x02, 0xFF, 0x8A, 0x0F, 0xF0, 0xFF, 0x03, 0xFD, 0xFF, 0x3F, 0xC0, 0xFF, 0x0F, 0xF4, 0x02, 0xFF,
    0x83, 0x01, 0xFF, 0x3F, 0xD0, 0x02, 0xFF, 0x83, 0x07, 0xFC, 0xFF, 0x40, 0x02, 0xFF, 0x8A, 0x0F,
    0xF0, 0xFF, 0x03, 0xFD, 0xFF, 0x3F, 0xC0, 0xFF, 0x07, 0xF4, 0x02, 0xFF, 0x83, 0x00, 0xFF, 0x3F,
    0xD0, 0x02, 0xFF, 0x83, 0x03, 0xFC, 0xFF, 0x40, 0x02, 0xFF, 0x89, 0x0F, 0xF0, 0xFF, 0x03, 0xFD,
    0xFF, 0x7F, 0xC0, 0xFF, 0x0F, 0x03, 0x00, 0x82, 0xFD, 0xFF, 0x3F, 0x03, 0x00, 0x80, 0xF4, 0x02,
    0xFF, 0x03, 0x00, 0x80, 0xD0, 0x02, 0xFF, 0x80, 0x01, 0x03, 0x00, 0x83, 0xC0, 0xFF, 0x0F, 0xF4,
    0x02, 0xFF, 0x83, 0x00, 0xFF, 0x3F, 0xD0, 0x02, 0xFF, 0x83, 0x03, 0xFC, 0xFF, 0x40, 0x02, 0xFF,
    0x8A, 0x1F, 0xF0, 0xFF, 0x03, 0xFD, 0xFF, 0x7F, 0xC0, 0xFF, 0x0F, 0xF4, 0x02, 0xFF, 0x83, 0x00,
    0xFF, 0x3F, 0xD0, 0x02, 0xFF, 0x83, 0x03, 0xFC, 0xFF, 0x40, 0x02, 0xFF, 0x81, 0x1F, 0xF0, 0x2C,
    0xFF, 0x80, 0x0F, 0x39, 0xFF, 0x80, 0x1F, 0x02, 0x00, 0x80, 0xF4, 0x02, 0xFF, 0x80, 0x7F, 0x02,
    0x00, 0x80, 0xD0, 0x03, 0xFF, 0x82, 0x01, 0x00, 0x40, 0x03, 0xFF, 0x80, 0x07, 0x02, 0x00, 0x83,
    0xFD, 0xFF, 0x3F, 0xD0, 0x02, 0xFF, 0x83, 0x07, 0xFC, 0xFF, 0x40, 0x02, 0xFF, 0x8A, 0x0F, 0xF0,
    0xFF, 0x03, 0xFD, 0xFF, 0x3F, 0xC0, 0xFF, 0x0F, 0xF4, 0x02, 0xFF, 0x83, 0x01, 0xFF, 0x3F, 0xD0,
    0x05, 0xFF, 0x80, 0x40, 0x05, 0xFF, 0x81, 0x03, 0xFD, 0x04, 0xFF, 0x80, 0x0F, 0x03, 0x00, 0x80,
    0xFD, 0x02, 0xFF, 0x80, 0x1F, 0x02, 0x00, 0x80, 0xF4, 0x02, 0xFF, 0x80, 0x7F, 0x02, 0x00, 0x80,
    0xD0, 0x03, 0xFF, 0x82, 0x01, 0x00, 0x40, 0x06, 0xFF, 0x80, 0x01, 0x05, 0xFF, 0x81, 0x03, 0xFC,
    0x04, 0xFF, 0x8A, 0x0F, 0xF0, 0xFF, 0x03, 0xFD, 0xFF, 0x3F, 0xC0, 0xFF, 0x0F, 0xF4, 0x02, 0xFF,
    0x83, 0x00, 0xFF, 0x3F, 0xD0, 0x02, 0xFF, 0x83, 0x03, 0xFC, 0xFF, 0x40, 0x02, 0xFF, 0x81, 0x1F,
    0xF0, 0x02, 0xFF, 0x82, 0x01, 0x00, 0x40, 0x03, 0xFF, 0x80, 0x07, 0x02, 0x00, 0x80, 0xFD, 0x02,
    0xFF, 0x80, 0x1F, 0x02, 0x00, 0x80, 0xF4, 0x02, 0xFF, 0x80, 0x7F, 0x02, 0x00, 0x80, 0xD0, 0x2D,
    0xFF, 0x80, 0x0F, 0x38, 0xFF, 0x80, 0x3F, 0x04, 0x00, 0x81, 0xFC, 0xFF, 0x04, 0x00, 0x82, 0xF0,
    0xFF, 0x03, 0x03, 0x00, 0x82, 0xC0, 0xFF, 0x0F, 0x04, 0x00, 0x03, 0xFF, 0x81, 0x0F, 0xF4, 0x04,
    0xFF, 0x81, 0x3F, 0xD0, 0x05, 0xFF, 0x80, 0x40, 0x05, 0xFF, 0x81, 0x03, 0xFD, 0x04, 0xFF, 0x81,
    0x0F, 0xF4, 0x04, 0xFF, 0x81, 0x3F, 0xD0, 0x05, 0xFF, 0x80, 0x40, 0x05, 0xFF, 0x81, 0x03, 0xFC,
    0x04, 0xFF, 0x81, 0x0F, 0xF4, 0x04, 0xFF, 0x81, 0x3F, 0xD0, 0x05, 0xFF, 0x80, 0x40, 0x05, 0xFF,
    0x81, 0x03, 0xFD, 0x04, 0xFF, 0x81, 0x0F, 0xF4, 0x04, 0xFF, 0x81, 0x3F, 0xD0, 0x05, 0xFF, 0x80,
    0x00, 0x05, 0xFF, 0x81, 0x03, 0xFD, 0x04, 0xFF, 0x81, 0x0F, 0xF4, 0x04, 0xFF, 0x81, 0x3F, 0xD0,
    0x05, 0xFF, 0x80, 0x40, 0x05, 0xFF, 0x81, 0x03, 0xFD, 0x04, 0xFF, 0x81, 0x0F, 0xF4, 0x04, 0xFF,
    0x81, 0x3F, 0xD0, 0x2E, 0xFF, 0x80, 0x0F, 0x38, 0xFF, 0x81, 0x3F, 0xD0, 0x02, 0xFF, 0x83, 0x07,
    0xFC, 0xFF, 0x40, 0x02, 0xFF, 0x8A, 0x0F, 0xF0, 0xFF, 0x03, 0xFD, 0xFF, 0x3F, 0xC0, 0xFF, 0x0F,
    0xF4, 0x02, 0xFF, 0x83, 0x01, 0xFF, 0x3F, 0xD0, 0x02, 0xFF, 0x83, 0x07, 0xFC, 0xFF, 0x40, 0x02,
    0xFF, 0x8A, 0x0F, 0xF0, 0xFF, 0x03, 0xFD, 0xFF, 0x3F, 0xC0, 0xFF, 0x0F, 0xF4, 0x02, 0xFF, 0x83,
    0x01, 0xFF, 0x3F, 0xD0, 0x02, 0xFF, 0x83, 0x07, 0xFC, 0xFF, 0x40, 0x02, 0xFF, 0x8A, 0x0F, 0xF0,
    0xFF, 0x03, 0xFD, 0xFF, 0x3F, 0xC0, 0xFF, 0x07, 0xF4, 0x02, 0xFF, 0x83, 0x00, 0xFF, 0x3F, 0xD0,
    0x02, 0xFF, 0x83, 0x03, 0xFC, 0xFF, 0x40, 0x02, 0xFF, 0x8A, 0x0F, 0xF0, 0xFF, 0x03, 0xFD, 0xFF,
    0x7F, 0xC0, 0xFF, 0x0F, 0xF4, 0x02, 0xFF, 0x83, 0x01, 0xFF, 0x3F, 0xD0, 0x02, 0xFF, 0x83, 0x03,
    0xFC, 0xFF, 0x40, 0x02, 0xFF, 0x8A, 0x0F, 0xF0, 0xFF, 0x01, 0xFD, 0xFF, 0x3F, 0xC0, 0xFF, 0x0F,
    0xF4, 0x02, 0xFF, 0x83, 0x00, 0xFF, 0x3F, 0xD0, 0x02, 0xFF, 0x83, 0x03, 0xFC, 0xFF, 0x40, 0x02,
    0xFF, 0x81, 0x1F, 0xF0, 0x02, 0xFF, 0x82, 0x01, 0x00, 0x40, 0x03, 0xFF, 0x80, 0x07, 0x02, 0x00,
    0x80, 0xFD, 0x02, 0xFF, 0x80, 0x1F, 0x02, 0x00, 0x80, 0xF4, 0x02, 0xFF, 0x80, 0x7F, 0x02, 0x00,
    0x80, 0xD0, 0x2D, 0xFF, 0x80, 0x0F, 0x38, 0xFF, 0x81, 0x3F, 0xD0, 0x02, 0xFF, 0x83, 0x07, 0xFC,
    0xFF, 0x40, 0x02, 0xFF, 0x8A, 0x0F, 0xF0, 0xFF, 0x03, 0xFD, 0xFF, 0x3F, 0xC0, 0xFF, 0x0F, 0xF4,
    0x02, 0xFF, 0x83, 0x01, 0xFF, 0x3F, 0xD0, 0x02, 0xFF, 0x83, 0x07, 0xFC, 0xFF, 0x40, 0x02, 0xFF,
    0x8A, 0x0F, 0xF0, 0xFF, 0x03, 0xFD, 0xFF, 0x3F, 0xC0, 0xFF, 0x0F, 0xF4, 0x02, 0xFF, 0x83, 0x01,
    0xFF, 0x3F, 0xD0, 0x02, 0xFF, 0x83, 0x07, 0xFC, 0xFF, 0x40, 0x02, 0xFF, 0x8A, 0x0F, 0xF0, 0xFF,
    0x03, 0xFD, 0xFF, 0x3F, 0xC0, 0xFF, 0x07, 0xF4, 0x02, 0xFF, 0x83, 0x00, 0xFF, 0x3F, 0xD0, 0x02,
    0xFF, 0x83, 0x03, 0xFC, 0xFF, 0x40, 0x02, 0xFF, 0x8A, 0x0F, 0xF0, 0xFF, 0x03, 0xFD, 0xFF, 0x7F,
    0xC0, 0xFF, 0x0F, 0xF4, 0x02, 0xFF, 0x83, 0x01, 0xFF, 0x3F, 0xD0, 0x02, 0xFF, 0x83, 0x03, 0xFC,
    0xFF, 0x40, 0x02, 0xFF, 0x87, 0x0F, 0xF0, 0xFF, 0x03, 0x00, 0x7F, 0x00, 0xC0, 0x02, 0xFF, 0x83,
    0x07, 0xFC, 0x01, 0xFD, 0x02, 0xFF, 0x83, 0x1F, 0xF0, 0x07, 0xF4, 0x02, 0xFF, 0x83, 0x7F, 0xC0,
    0x1F, 0xD0, 0x04, 0xFF, 0x80, 0x40, 0x05, 0xFF, 0x81, 0x03, 0xFD, 0x04, 0xFF, 0x81, 0x0F, 0xF4,
    0x04, 0xFF, 0x81, 0x3F, 0xD0, 0x2E, 0xFF, 0x80, 0x0F, 0x38, 0xFF, 0x81, 0x3F, 0xD0, 0x02, 0xFF,
    0x83, 0x07, 0xFC, 0xFF, 0x40, 0x02, 0xFF, 0x8A, 0x0F, 0xF0, 0xFF, 0x03, 0xFD, 0xFF, 0x3F, 0xC0,
    0xFF, 0x0F, 0xF4, 0x02, 0xFF, 0x83, 0x01, 0xFF, 0x3F, 0xD0, 0x02, 0xFF, 0x83, 0x07, 0xFC, 0xFF,
    0x40, 0x02, 0xFF, 0x8A, 0x0F, 0xF0, 0xFF, 0x03, 0xFD, 0xFF, 0x3F, 0xC0, 0xFF, 0x0F, 0xF4, 0x02,
    0xFF, 0x83, 0x01, 0xFF, 0x3F, 0xD0, 0x02, 0xFF, 0x83, 0x07, 0xFC, 0xFF, 0x40, 0x02, 0xFF, 0xCC,
    0x0F, 0xF0, 0xFF, 0x03, 0xFD, 0xFF, 0x3F, 0xC0, 0xFF, 0x07, 0xF4, 0x03, 0xFD, 0x00, 0xFF, 0x3F,
    0xD0, 0x0F, 0xF4, 0x03, 0xFC, 0xFF, 0x40, 0x3F, 0xD0, 0x0F, 0xF0, 0xFF, 0x03, 0xFD, 0x40, 0x7F,
    0xC0, 0xFF, 0x0F, 0xF4, 0x03, 0xFD, 0x01, 0xFF, 0x3F, 0xD0, 0x0F, 0xF4, 0x03, 0xFC, 0xFF, 0x40,
    0x3F, 0xD0, 0x0F, 0xF0, 0xFF, 0x01, 0xFD, 0x00, 0x3F, 0xC0, 0xFF, 0x0F, 0xF4, 0x03, 0xFD, 0x00,
    0xFF, 0x3F, 0xD0, 0x0F, 0xF4, 0x03, 0xFC, 0xFF, 0x40, 0x3F, 0xD0, 0x1F, 0xF0, 0x02, 0xFF, 0x82,
    0x01, 0x7F, 0x40, 0x03, 0xFF, 0x83, 0x07, 0xFC, 0x01, 0xFD, 0x02, 0xFF, 0x83, 0x1F, 0xF0, 0x07,
    0xF4, 0x02, 0xFF, 0x83, 0x7F, 0xC0, 0x1F, 0xD0, 0x2D, 0xFF, 0x80, 0x0F, 0x38, 0xFF, 0x81, 0x3F,
    0xD0, 0x02, 0xFF, 0x83, 0x07, 0xFC, 0xFF, 0x40, 0x02, 0xFF, 0x8A, 0x0F, 0xF0, 0xFF, 0x03, 0xFD,
    0xFF, 0x3F, 0xC0, 0xFF, 0x0F, 0xF4, 0x02, 0xFF, 0x83, 0x01, 0xFF, 0x3F, 0xD0, 0x02, 0xFF, 0x83,
    0x07, 0xFC, 0xFF, 0x40, 0x02, 0xFF, 0x8A, 0x0F, 0xF0, 0xFF, 0x03, 0xFD, 0xFF, 0x3F, 0xC0, 0xFF,
    0x0F, 0xF4, 0x02, 0xFF, 0x80, 0x01, 0x02, 0xFF, 0x83, 0x1F, 0xF0, 0x07, 0xF4, 0x02, 0xFF, 0x83,
    0x7F, 0xC0, 0x1F, 0xD0, 0x03, 0xFF, 0x82, 0x01, 0x7F, 0x40, 0x03, 0xFF, 0x80, 0x07, 0x02, 0x00,
    0x80, 0xFD, 0x03, 0xFF, 0x81, 0x0F, 0xF4, 0x04, 0xFF, 0x81, 0x3F, 0xD0, 0x05, 0xFF, 0x80, 0x40,
    0x04, 0xFF, 0x83, 0x07, 0xFC, 0x01, 0xFD, 0x02, 0xFF, 0x83, 0x1F, 0xF0, 0x07, 0xF4, 0x02, 0xFF,
    0x83, 0x7F, 0xC0, 0x1F, 0xD0, 0x02, 0xFF, 0x87, 0x03, 0x00, 0x7F, 0x00, 0xC0, 0xFF, 0x0F, 0xF4,
    0x02, 0xFF, 0x83, 0x00, 0xFF, 0x3F, 0xD0, 0x02, 0xFF, 0x83, 0x03, 0xFC, 0xFF, 0x40, 0x02, 0xFF,
    0x8A, 0x1F, 0xF0, 0xFF, 0x03, 0xFD, 0xFF, 0x7F, 0xC0, 0xFF, 0x0F, 0xF4, 0x02, 0xFF, 0x83, 0x00,
    0xFF, 0x3F, 0xD0, 0x02, 0xFF, 0x83, 0x03, 0xFC, 0xFF, 0x40, 0x02, 0xFF, 0x81, 0x1F, 0xF0, 0x2C,
    0xFF, 0x80, 0x0F, 0x38, 0xFF, 0x81, 0x3F, 0xD0, 0x02, 0xFF, 0x83, 0x07, 0xFC, 0xFF, 0x40, 0x02,
    0xFF, 0x8A, 0x0F, 0xF0, 0xFF, 0x03, 0xFD, 0xFF, 0x3F, 0xC0, 0xFF, 0x0F, 0xF4, 0x02, 0xFF, 0x83,
    0x01, 0xFF, 0x3F, 0xD0, 0x02, 0xFF, 0x83, 0x07, 0xFC, 0xFF, 0x40, 0x02, 0xFF, 0x8A, 0x0F, 0xF0,
    0xFF, 0x03, 0xFD, 0xFF, 0x3F, 0xC0, 0xFF, 0x0F, 0xF4, 0x02, 0xFF, 0x83, 0x01, 0xFF, 0x3F, 0xD0,
    0x02, 0xFF, 0x83, 0x07, 0xFC, 0xFF, 0x40, 0x02, 0xFF, 0x8D, 0x0F, 0xF0, 0xFF, 0x03, 0xFD, 0xFF,
    0x3F, 0xC0, 0xFF, 0x0F, 0x00, 0xFC, 0x01, 0x00, 0x02, 0xFF, 0x83, 0x1F, 0xF0, 0x07, 0xF4, 0x02,
    0xFF, 0x83, 0x7F, 0xC0, 0x1F, 0xD0, 0x03, 0xFF, 0x82, 0x01, 0x7F, 0x40, 0x04, 0xFF, 0x81, 0x03,
    0xFD, 0x04, 0xFF, 0x81, 0x0F, 0xF4, 0x04, 0xFF, 0x81, 0x3F, 0xD0, 0x05, 0xFF, 0x80, 0x00, 0x05,
    0xFF, 0x81, 0x03, 0xFD, 0x04, 0xFF, 0x81, 0x0F, 0xF4, 0x04, 0xFF, 0x81, 0x3F, 0xD0, 0x05, 0xFF,
    0x80, 0x40, 0x05, 0xFF, 0x81, 0x03, 0xFD, 0x04, 0xFF, 0x81, 0x0F, 0xF4, 0x04, 0xFF, 0x81, 0x3F,
    0xD0, 0x2E, 0xFF, 0x80, 0x0F, 0x38, 0xFF, 0x80, 0x3F, 0x04, 0x00, 0x81, 0xFC, 0xFF, 0x04, 0x00,
    0x82, 0xF0, 0xFF, 0x03, 0x03, 0x00, 0x82, 0xC0, 0xFF, 0x0F, 0x04, 0x00, 0x05, 0xFF, 0x81, 0x07,
    0xFC, 0x04, 0xFF, 0x81, 0x0F, 0xF0, 0x04, 0xFF, 0x81, 0x3F, 0xC0, 0x05, 0xFF, 0x80, 0x01, 0x04,
    0xFF, 0x81, 0x07, 0xF4, 0x04, 0xFF, 0x81, 0x1F, 0xD0, 0x04, 0xFF, 0x81, 0x7F, 0x40, 0x04, 0xFF,
    0x82, 0x03, 0x00, 0xFD, 0x03, 0xFF, 0x81, 0x0F, 0xF4, 0x04, 0xFF, 0x81, 0x3F, 0xD0, 0x05, 0xFF,
    0x80, 0x40, 0x04, 0xFF, 0x81, 0x07, 0xFC, 0x04, 0xFF, 0x81, 0x1F, 0xF0, 0x04, 0xFF, 0x81, 0x7F,
    0xC0, 0x04, 0xFF, 0x81, 0x03, 0x00, 0x04, 0xFF, 0x81, 0x0F, 0xF4, 0x04, 0xFF, 0x81, 0x3F, 0xD0,
    0x05, 0xFF, 0x80, 0x40, 0x05, 0xFF, 0x80, 0x03, 0x03, 0x00, 0x82, 0xC0, 0xFF, 0x0F, 0x04, 0x00,
    0x81, 0xFF, 0x3F, 0x04, 0x00, 0x81, 0xFC, 0xFF, 0x04, 0x00, 0x80, 0xF0, 0x2C, 0xFF, 0x80, 0x0F,
    0x3A, 0xFF, 0x82, 0x0F, 0x00, 0xF4, 0x03, 0xFF, 0x82, 0x3F, 0x00, 0xD0, 0x04, 0xFF, 0x81, 0x00,
    0x40, 0x04, 0xFF, 0x82, 0x03, 0x00, 0xFD, 0x03, 0xFF, 0x81, 0x0F, 0xF4, 0x04, 0xFF, 0x81, 0x3F,
    0xD0, 0x05, 0xFF, 0x80, 0x40, 0x05, 0xFF, 0x81, 0x03, 0xFD, 0x04, 0xFF, 0x81, 0x0F, 0xF4, 0x04,
    0xFF, 0x81, 0x3F, 0xD0, 0x05, 0xFF, 0x80, 0x40, 0x05, 0xFF, 0x81, 0x03, 0xFC, 0x04, 0xFF, 0x81,
    0x0F, 0xF4, 0x04, 0xFF, 0x81, 0x3F, 0xD0, 0x05, 0xFF, 0x80, 0x40, 0x05, 0xFF, 0x81, 0x03, 0xFD,
    0x04, 0xFF, 0x81, 0x0F, 0xF4, 0x04, 0xFF, 0x81, 0x3F, 0xD0, 0x05, 0xFF, 0x80, 0x00, 0x05, 0xFF,
    0x81, 0x03, 0xFD, 0x04, 0xFF, 0x81, 0x0F, 0xF4, 0x04, 0xFF, 0x81, 0x3F, 0xD0, 0x05, 0xFF, 0x80,
    0x40, 0x05, 0xFF, 0x81, 0x03, 0xFD, 0x04, 0xFF, 0x81, 0x0F, 0xF4, 0x04, 0xFF, 0x81, 0x3F, 0xD0,
    0x05, 0xFF, 0x80, 0x40, 0x05, 0xFF, 0x81, 0x03, 0xFD, 0x04, 0xFF, 0x81, 0x0F, 0xF4, 0x04, 0xFF,
    0x82, 0x3F, 0x00, 0xD0, 0x04, 0xFF, 0x81, 0x00, 0x40, 0x04, 0xFF, 0x82, 0x03, 0x00, 0xFD, 0x03,
    0xFF, 0x84, 0x0F, 0x00, 0xF4, 0xFF, 0x0F, 0x26, 0xFF, 0x80, 0x40, 0x05, 0xFF, 0x81, 0x03, 0xFD,
    0x04, 0xFF, 0x81, 0x0F, 0xF4, 0x04, 0xFF, 0x81, 0x1F, 0xD0, 0x05, 0xFF, 0x80, 0x40, 0x05, 0xFF,
    0x81, 0x03, 0xFD, 0x04, 0xFF, 0x81, 0x0F, 0xF4, 0x05, 0xFF, 0x81, 0x1F, 0xF0, 0x04, 0xFF, 0x81,
    0x7F, 0xC0, 0x05, 0xFF, 0x80, 0x01, 0x05, 0xFF, 0x81, 0x07, 0xFC, 0x04, 0xFF, 0x81, 0x1F, 0xF0,
    0x04, 0xFF, 0x81, 0x7F, 0xC0, 0x05, 0xFF, 0x80, 0x01, 0x05, 0xFF, 0x82, 0x07, 0x00, 0xFD, 0x04,
    0xFF, 0x81, 0x0F, 0xF4, 0x04, 0xFF, 0x81, 0x3F, 0xD0, 0x05, 0xFF, 0x80, 0x40, 0x05, 0xFF, 0x81,
    0x03, 0xFD, 0x04, 0xFF, 0x81, 0x0F, 0xF4, 0x04, 0xFF, 0x81, 0x3F, 0xD0, 0x05, 0xFF, 0x81, 0x00,
    0x40, 0x05, 0xFF, 0x81, 0x01, 0xFD, 0x04, 0xFF, 0x81, 0x07, 0xF4, 0x04, 0xFF, 0x81, 0x1F, 0xD0,
    0x04, 0xFF, 0x81, 0x7F, 0x40, 0x05, 0xFF, 0x81, 0x01, 0xFD, 0x04, 0xFF, 0x81, 0x07, 0xF4, 0x04,
    0xFF, 0x81, 0x1F, 0xD0, 0x05, 0xFF, 0x81, 0x7F, 0xC0, 0x05, 0xFF, 0x80, 0x00, 0x05, 0xFF, 0x81,
    0x03, 0xFC, 0x04, 0xFF, 0x81, 0x0F, 0xF0, 0x04, 0xFF, 0x81, 0x3F, 0xC0, 0x05, 0xFF, 0x80, 0x00,
    0x05, 0xFF, 0x82, 0x07, 0xFC, 0x0F, 0x39, 0xFF, 0x82, 0x1F, 0x00, 0xF4, 0x03, 0xFF, 0x82, 0x7F,
    0x00, 0xD0, 0x04, 0xFF, 0x81, 0x01, 0x40, 0x04, 0xFF, 0x82, 0x07, 0x00, 0xFD, 0x04, 0xFF, 0x81,
    0x0F, 0xF4, 0x04, 0xFF, 0x81, 0x3F, 0xD0, 0x05, 0xFF, 0x80, 0x40, 0x05, 0xFF, 0x81, 0x03, 0xFD,
    0x04, 0xFF, 0x81, 0x0F, 0xF4, 0x04, 0xFF, 0x81, 0x3F, 0xD0, 0x05, 0xFF, 0x80, 0x40, 0x05, 0xFF,
    0x81, 0x03, 0xFC, 0x04, 0xFF, 0x81, 0x0F, 0xF4, 0x04, 0xFF, 0x81, 0x3F, 0xD0, 0x05, 0xFF, 0x80,
    0x40, 0x05, 0xFF, 0x81, 0x03, 0xFD, 0x04, 0xFF, 0x81, 0x0F, 0xF4, 0x04, 0xFF, 0x81, 0x3F, 0xD0,
    0x05, 0xFF, 0x80, 0x00, 0x05, 0xFF, 0x81, 0x03, 0xFD, 0x04, 0xFF, 0x81, 0x0F, 0xF4, 0x04, 0xFF,
    0x81, 0x3F, 0xD0, 0x05, 0xFF, 0x80, 0x40, 0x05, 0xFF, 0x81, 0x03, 0xFD, 0x04, 0xFF, 0x81, 0x0F,
    0xF4, 0x04, 0xFF, 0x81, 0x3F, 0xD0, 0x05, 0xFF, 0x80, 0x40, 0x05, 0xFF, 0x81, 0x03, 0xFD, 0x04,
    0xFF, 0x81, 0x0F, 0xF4, 0x03, 0xFF, 0x82, 0x7F, 0x00, 0xC0, 0x04, 0xFF, 0x81, 0x01, 0x40, 0x04,
    0xFF, 0x82, 0x07, 0x00, 0xFD, 0x03, 0xFF, 0x82, 0x1F, 0x00, 0xF4, 0x02, 0xFF, 0x80, 0x0F, 0x3A,
    0xFF, 0x81, 0x0F, 0xF4, 0x04, 0xFF, 0x81, 0x3F, 0xD0, 0x05, 0xFF, 0x80, 0x40, 0x05, 0xFF, 0x81,
    0x03, 0xFD, 0x03, 0xFF, 0x83, 0x1F, 0xF0, 0x07, 0xF4, 0x02, 0xFF, 0x83, 0x7F, 0xC0, 0x1F, 0xD0,
    0x03, 0xFF, 0x82, 0x01, 0x7F, 0x40, 0x03, 0xFF, 0x86, 0x07, 0xFC, 0x01, 0xFD, 0xFF, 0x3F, 0xD0,
    0x02, 0xFF, 0x83, 0x07, 0xFC, 0xFF, 0x40, 0x02, 0xFF, 0x8A, 0x0F, 0xF0, 0xFF, 0x03, 0xFD, 0xFF,
    0x3F, 0xC0, 0xFF, 0x0F, 0xF4, 0x02, 0xFF, 0x80, 0x01, 0x7F, 0xFF, 0x05, 0xFF, 0x80, 0x0F, 0x7F,
    0xFF, 0x6E, 0xFF, 0x80, 0x1F, 0x12, 0x00, 0x80, 0x04, 0x06, 0x00, 0x26, 0xFF, 0x81, 0x7F, 0xC0,
    0x05, 0xFF, 0x80, 0x01, 0x05, 0xFF, 0x81, 0x07, 0xFC, 0x04, 0xFF, 0x82, 0x1F, 0x00, 0xF4, 0x04,
    0xFF, 0x81, 0x3F, 0xD0, 0x05, 0xFF, 0x80, 0x40, 0x05, 0xFF, 0x81, 0x03, 0xFD, 0x7F, 0xFF, 0x38,
    0xFF, 0x80, 0x0F, 0x6B, 0xFF, 0x80, 0x1F, 0x02, 0x00, 0x80, 0xF4, 0x02, 0xFF, 0x80, 0x7F, 0x02,
    0x00, 0x80, 0xD0, 0x03, 0xFF, 0x82, 0x01, 0x00, 0x40, 0x03, 0xFF, 0x80, 0x07, 0x03, 0x00, 0x05,
    0xFF, 0x81, 0x03, 0xFC, 0x04, 0xFF, 0x81, 0x0F, 0xF0, 0x04, 0xFF, 0x81, 0x7F, 0xC0, 0x02, 0xFF,
    0x80, 0x07, 0x03, 0x00, 0x02, 0xFF, 0x80, 0x1F, 0x03, 0x00, 0x82, 0xFC, 0xFF, 0x7F, 0x03, 0x00,
    0x82, 0xF0, 0xFF, 0x03, 0x03, 0x00, 0x83, 0xC0, 0xFF, 0x0F, 0xF4, 0x02, 0xFF, 0x83, 0x00, 0xFF,
    0x3F, 0xD0, 0x02, 0xFF, 0x83, 0x03, 0xFC, 0xFF, 0x40, 0x02, 0xFF, 0x81, 0x1F, 0xF0, 0x02, 0xFF,
    0x82, 0x01, 0x00, 0x40, 0x03, 0xFF, 0x80, 0x07, 0x02, 0x00, 0x80, 0xFD, 0x02, 0xFF, 0x80, 0x1F,
    0x02, 0x00, 0x80, 0xF4, 0x02, 0xFF, 0x80, 0x7F, 0x02, 0x00, 0x80, 0xD0, 0x2D, 0xFF, 0x80, 0x0F,
    0x38, 0xFF, 0x81, 0x3F, 0xD0, 0x05, 0xFF, 0x80, 0x40, 0x05, 0xFF, 0x81, 0x03, 0xFD, 0x04, 0xFF,
    0x81, 0x0F, 0xF4, 0x04, 0xFF, 0x81, 0x3F, 0xD0, 0x05, 0xFF, 0x80, 0x40, 0x05, 0xFF, 0x81, 0x03,
    0xFD, 0x04, 0xFF, 0x81, 0x0F, 0xF4, 0x04, 0xFF, 0x80, 0x3F, 0x03, 0x00, 0x80, 0xF4, 0x02, 0xFF,
    0x03, 0x00, 0x80, 0xD0, 0x02, 0xFF, 0x80, 0x03, 0x02, 0x00, 0x80, 0x40, 0x02, 0xFF, 0x80, 0x07,
    0x04, 0x00, 0x82, 0xFF, 0x3F, 0xD0, 0x02, 0xFF, 0x83, 0x03, 0xFC, 0xFF, 0x40, 0x02, 0xFF, 0x8A,
    0x0F, 0xF0, 0xFF, 0x03, 0xFD, 0xFF, 0x7F, 0xC0, 0xFF, 0x0F, 0xF4, 0x02, 0xFF, 0x83, 0x01, 0xFF,
    0x3F, 0xD0, 0x02, 0xFF, 0x83, 0x03, 0xFC, 0xFF, 0x40, 0x02, 0xFF, 0x8A, 0x0F, 0xF0, 0xFF, 0x01,
    0xFD, 0xFF, 0x3F, 0xC0, 0xFF, 0x0F, 0xF4, 0x02, 0xFF, 0x83, 0x00, 0xFF, 0x3F, 0xD0, 0x02, 0xFF,
    0x83, 0x03, 0xFC, 0xFF, 0x40, 0x02, 0xFF, 0x81, 0x1F, 0xF0, 0x02, 0xFF, 0x82, 0x01, 0x00, 0x40,
    0x03, 0xFF, 0x80, 0x07, 0x02, 0x00, 0x80, 0xFD, 0x02, 0xFF, 0x80, 0x1F, 0x02, 0x00, 0x80, 0xF4,
    0x02, 0xFF, 0x80, 0x7F, 0x02, 0x00, 0x80, 0xD0, 0x2D, 0xFF, 0x80, 0x0F, 0x6B, 0xFF, 0x80, 0x1F,
    0x03, 0x00, 0x82, 0xFC, 0xFF, 0x7F, 0x03, 0x00, 0x80, 0xF0, 0x02, 0xFF, 0x80, 0x01, 0x02, 0x00,
    0x82, 0xC0, 0xFF, 0x0F, 0x04, 0x00, 0x82, 0xFF, 0x3F, 0xD0, 0x05, 0xFF, 0x80, 0x40, 0x05, 0xFF,
    0x81, 0x03, 0xFD, 0x04, 0xFF, 0x81, 0x0F, 0xF4, 0x04, 0xFF, 0x81, 0x3F, 0xD0, 0x05, 0xFF, 0x80,
    0x40, 0x05, 0xFF, 0x81, 0x01, 0xFD, 0x04, 0xFF, 0x81, 0x0F, 0xF4, 0x04, 0xFF, 0x81, 0x3F, 0xD0,
    0x05, 0xFF, 0x80, 0x40, 0x06, 0xFF, 0x80, 0x01, 0x02, 0x00, 0x80, 0xC0, 0x02, 0xFF, 0x80, 0x07,
    0x03, 0x00, 0x02, 0xFF, 0x80, 0x1F, 0x03, 0x00, 0x82, 0xFC, 0xFF, 0x7F, 0x03, 0x00, 0x80, 0xF0,
    0x2C, 0xFF, 0x80, 0x0F, 0x3C, 0xFF, 0x81, 0x07, 0xFC, 0x04, 0xFF, 0x81, 0x0F, 0xF0, 0x04, 0xFF,
    0x81, 0x3F, 0xC0, 0x05, 0xFF, 0x80, 0x01, 0x05, 0xFF, 0x81, 0x07, 0xFC, 0x04, 0xFF, 0x81, 0x0F,
    0xF0, 0x04, 0xFF, 0x81, 0x3F, 0xC0, 0x05, 0xFF, 0x80, 0x01, 0x02, 0xFF, 0x80, 0x1F, 0x03, 0x00,
    0x82, 0xFC, 0xFF, 0x7F, 0x03, 0x00, 0x80, 0xF0, 0x02, 0xFF, 0x80, 0x01, 0x02, 0x00, 0x82, 0xC0,
    0xFF, 0x0F, 0x04, 0x00, 0x82, 0xFF, 0x3F, 0xD0, 0x02, 0xFF, 0x83, 0x03, 0xFC, 0xFF, 0x40, 0x02,
    0xFF, 0x8A, 0x0F, 0xF0, 0xFF, 0x03, 0xFD, 0xFF, 0x7F, 0xC0, 0xFF, 0x0F, 0xF4, 0x02, 0xFF, 0x83,
    0x01, 0xFF, 0x3F, 0xD0, 0x02, 0xFF, 0x83, 0x03, 0xFC, 0xFF, 0x40, 0x02, 0xFF, 0x8A, 0x0F, 0xF0,
    0xFF, 0x01, 0xFD, 0xFF, 0x3F, 0xC0, 0xFF, 0x0F, 0xF4, 0x02, 0xFF, 0x83, 0x00, 0xFF, 0x3F, 0xD0,
    0x02, 0xFF, 0x83, 0x03, 0xFC, 0xFF, 0x40, 0x02, 0xFF, 0x81, 0x1F, 0xF0, 0x02, 0xFF, 0x82, 0x01,
    0x00, 0x40, 0x03, 0xFF, 0x80, 0x07, 0x02, 0x00, 0x80, 0xFD, 0x02, 0xFF, 0x80, 0x1F, 0x02, 0x00,
    0x80, 0xF4, 0x02, 0xFF, 0x80, 0x7F, 0x02, 0x00, 0x80, 0xD0, 0x2D, 0xFF, 0x80, 0x0F, 0x6B, 0xFF,
    0x80, 0x1F, 0x02, 0x00, 0x80, 0xF4, 0x02, 0xFF, 0x80, 0x7F, 0x02, 0x00, 0x80, 0xD0, 0x03, 0xFF,
    0x82, 0x01, 0x00, 0x40, 0x02, 0xFF, 0x80, 0x0F, 0x04, 0x00, 0x82, 0xFF, 0x3F, 0xD0, 0x02, 0xFF,
    0x83, 0x03, 0xFC, 0xFF, 0x40, 0x02, 0xFF, 0x89, 0x0F, 0xF0, 0xFF, 0x03, 0xFD, 0xFF, 0x7F, 0xC0,
    0xFF, 0x0F, 0x04, 0x00, 0x81, 0xFF, 0x3F, 0x04, 0x00, 0x81, 0xFC, 0xFF, 0x04, 0x00, 0x82, 0xF0,
    0xFF, 0x01, 0x03, 0x00, 0x83, 0xC0, 0xFF, 0x0F, 0xF4, 0x04, 0xFF, 0x81, 0x3F, 0xD0, 0x05, 0xFF,
    0x80, 0x40, 0x06, 0xFF, 0x80, 0x01, 0x02, 0x00, 0x80, 0xC0, 0x02, 0xFF, 0x80, 0x07, 0x03, 0x00,
    0x02, 0xFF, 0x80, 0x1F, 0x03, 0x00, 0x82, 0xFC, 0xFF, 0x7F, 0x03, 0x00, 0x80, 0xF0, 0x2C, 0xFF,
    0x80, 0x0F, 0x3A, 0xFF, 0x80, 0x0F, 0x02, 0x00, 0x80, 0xFC, 0x02, 0xFF, 0x80, 0x3F, 0x02, 0x00,
    0x80, 0xF0, 0x03, 0xFF, 0x02, 0x00, 0x80, 0xC0, 0x03, 0xFF, 0x80, 0x03, 0x02, 0x00, 0x02, 0xFF,
    0x81, 0x1F, 0xF0, 0x04, 0xFF, 0x81, 0x7F, 0xC0, 0x05, 0xFF, 0x80, 0x01, 0x05, 0xFF, 0x81, 0x07,
    0xFC, 0x03, 0xFF, 0x80, 0x3F, 0x04, 0x00, 0x81, 0xFC, 0xFF, 0x04, 0x00, 0x82, 0xF0, 0xFF, 0x03,
    0x03, 0x00, 0x82, 0xC0, 0xFF, 0x0F, 0x04, 0x00, 0x02, 0xFF, 0x81, 0x1F, 0xF0, 0x04, 0xFF, 0x81,
    0x7F, 0xC0, 0x05, 0xFF, 0x80, 0x01, 0x05, 0xFF, 0x81, 0x07, 0xFC, 0x04, 0xFF, 0x81, 0x1F, 0xF0,
    0x04, 0xFF, 0x81, 0x7F, 0xC0, 0x05, 0xFF, 0x80, 0x01, 0x05, 0xFF, 0x81, 0x07, 0xFC, 0x04, 0xFF,
    0x81, 0x1F, 0xF0, 0x04, 0xFF, 0x81, 0x7F, 0xC0, 0x05, 0xFF, 0x80, 0x01, 0x05, 0xFF, 0x81, 0x07,
    0xFC, 0x04, 0xFF, 0x81, 0x1F, 0xF0, 0x04, 0xFF, 0x81, 0x7F, 0xC0, 0x2F, 0xFF, 0x80, 0x0F, 0x6B,
    0xFF, 0x80, 0x1F, 0x02, 0x00, 0x80, 0xF4, 0x02, 0xFF, 0x80, 0x7F, 0x02, 0x00, 0x80, 0xD0, 0x03,
    0xFF, 0x82, 0x01, 0x00, 0x40, 0x02, 0xFF, 0x80, 0x0F, 0x04, 0x00, 0x82, 0xFF, 0x3F, 0xD0, 0x02,
    0xFF, 0x83, 0x03, 0xFC, 0xFF, 0x40, 0x02, 0xFF, 0x8A, 0x0F, 0xF0, 0xFF, 0x03, 0xFD, 0xFF, 0x7F,
    0xC0, 0xFF, 0x0F, 0xF4, 0x02, 0xFF, 0x83, 0x01, 0xFF, 0x3F, 0xD0, 0x02, 0xFF, 0x83, 0x03, 0xFC,
    0xFF, 0x40, 0x02, 0xFF, 0x8A, 0x0F, 0xF0, 0xFF, 0x01, 0xFD, 0xFF, 0x3F, 0xC0, 0xFF, 0x0F, 0xF4,
    0x02, 0xFF, 0x83, 0x00, 0xFF, 0x3F, 0xD0, 0x02, 0xFF, 0x83, 0x03, 0xFC, 0xFF, 0x40, 0x02, 0xFF,
    0x81, 0x1F, 0xF0, 0x02, 0xFF, 0x80, 0x01, 0x02, 0x00, 0x80, 0xC0, 0x02, 0xFF, 0x80, 0x07, 0x03,
    0x00, 0x02, 0xFF, 0x80, 0x1F, 0x03, 0x00, 0x82, 0xFC, 0xFF, 0x7F, 0x03, 0x00, 0x80, 0xF0, 0x04,
    0xFF, 0x81, 0x7F, 0xC0, 0x05, 0xFF, 0x80, 0x00, 0x05, 0xFF, 0x83, 0x03, 0xFC, 0xFF, 0x7F, 0x03,
    0x00, 0x80, 0xF0, 0x02, 0xFF, 0x82, 0x01, 0x00, 0x40, 0x03, 0xFF, 0x80, 0x07, 0x02, 0x00, 0x80,
    0xFD, 0x02, 0xFF, 0x80, 0x1F, 0x02, 0x00, 0x82, 0xF4, 0xFF, 0x0F, 0x38, 0xFF, 0x81, 0x3F, 0xD0,
    0x05, 0xFF, 0x80, 0x40, 0x05, 0xFF, 0x81, 0x03, 0xFD, 0x04, 0xFF, 0x81, 0x0F, 0xF4, 0x04, 0xFF,
    0x81, 0x3F, 0xD0, 0x05, 0xFF, 0x80, 0x40, 0x05, 0xFF, 0x81, 0x03, 0xFD, 0x04, 0xFF, 0x81, 0x0F,
    0xF4, 0x04, 0xFF, 0x84, 0x3F, 0xD0, 0x0F, 0x00, 0xF4, 0x02, 0xFF, 0x83, 0x40, 0x3F, 0x00, 0xD0,
    0x02, 0xFF, 0x83, 0x03, 0xFD, 0x00, 0x40, 0x02, 0xFF, 0x80, 0x07, 0x04, 0x00, 0x95, 0xFF, 0x3F,
    0x00, 0xF0, 0xFF, 0x03, 0xFC, 0xFF, 0x00, 0xC0, 0xFF, 0x0F, 0xF0, 0xFF, 0x03, 0x00, 0xFF, 0x7F,
    0xC0, 0xFF, 0x0F, 0xF4, 0x02, 0xFF, 0x83, 0x01, 0xFF, 0x3F, 0xD0, 0x02, 0xFF, 0x83, 0x03, 0xFC,
    0xFF, 0x40, 0x02, 0xFF, 0x8A, 0x0F, 0xF0, 0xFF, 0x01, 0xFD, 0xFF, 0x3F, 0xC0, 0xFF, 0x0F, 0xF4,
    0x02, 0xFF, 0x83, 0x00, 0xFF, 0x3F, 0xD0, 0x02, 0xFF, 0x83, 0x03, 0xFC, 0xFF, 0x40, 0x02, 0xFF,
    0x8A, 0x1F, 0xF0, 0xFF, 0x03, 0xFD, 0xFF, 0x7F, 0xC0, 0xFF, 0x0F, 0xF4, 0x02, 0xFF, 0x83, 0x00,
    0xFF, 0x3F, 0xD0, 0x02, 0xFF, 0x83, 0x03, 0xFC, 0xFF, 0x40, 0x02, 0xFF, 0x81, 0x1F, 0xF0, 0x2C,
    0xFF, 0x80, 0x0F, 0x27, 0xFF, 0x81, 0x3F, 0xD0, 0x05, 0xFF, 0x80, 0x40, 0x05, 0xFF, 0x81, 0x03,
    0xFD, 0x04, 0xFF, 0x81, 0x0F, 0xF0, 0x04, 0xFF, 0x81, 0x3F, 0xD0, 0x05, 0xFF, 0x80, 0x40, 0x05,
    0xFF, 0x81, 0x03, 0xFD, 0x1B, 0xFF, 0x80, 0x3F, 0x02, 0x00, 0x80, 0xF4, 0x03, 0xFF, 0x02, 0x00,
    0x80, 0xD0, 0x03, 0xFF, 0x82, 0x03, 0x00, 0x40, 0x03, 0xFF, 0x80, 0x0F, 0x02, 0x00, 0x80, 0xFC,
    0x04, 0xFF, 0x81, 0x0F, 0xF4, 0x04, 0xFF, 0x81, 0x3F, 0xD0, 0x05, 0xFF, 0x80, 0x40, 0x05, 0xFF,
    0x81, 0x03, 0xFD, 0x04, 0xFF, 0x81, 0x0F, 0xF4, 0x04, 0xFF, 0x81, 0x3F, 0xD0, 0x05, 0xFF, 0x80,
    0x00, 0x05, 0xFF, 0x81, 0x03, 0xFD, 0x04, 0xFF, 0x81, 0x0F, 0xF4, 0x04, 0xFF, 0x81, 0x3F, 0xD0,
    0x03, 0xFF, 0x80, 0x03, 0x03, 0x00, 0x82, 0xC0, 0xFF, 0x0F, 0x04, 0x00, 0x81, 0xFF, 0x3F, 0x04,
    0x00, 0x81, 0xFC, 0xFF, 0x04, 0x00, 0x80, 0xF0, 0x2C, 0xFF, 0x80, 0x0F, 0x28, 0xFF, 0x81, 0x1F,
    0xD0, 0x04, 0xFF, 0x81, 0x7F, 0x40, 0x05, 0xFF, 0x81, 0x01, 0xFD, 0x04, 0xFF, 0x81, 0x07, 0xF4,
    0x04, 0xFF, 0x81, 0x1F, 0xD0, 0x04, 0xFF, 0x81, 0x7F, 0x40, 0x05, 0xFF, 0x81, 0x01, 0xFD, 0x1B,
    0xFF, 0x80, 0x1F, 0x02, 0x00, 0x80, 0xF4, 0x02, 0xFF, 0x80, 0x7F, 0x02, 0x00, 0x80, 0xD0, 0x03,
    0xFF, 0x82, 0x01, 0x00, 0x40, 0x03, 0xFF, 0x80, 0x07, 0x02, 0x00, 0x80, 0xFD, 0x04, 0xFF, 0x81,
    0x07, 0xF4, 0x04, 0xFF, 0x81, 0x1F, 0xD0, 0x04, 0xFF, 0x81, 0x7F, 0x40, 0x05, 0xFF, 0x81, 0x01,
    0xFD, 0x04, 0xFF, 0x81, 0x07, 0xF4, 0x04, 0xFF, 0x81, 0x1F, 0xD0, 0x04, 0xFF, 0x81, 0x7F, 0x40,
    0x05, 0xFF, 0x81, 0x01, 0xFD, 0x04, 0xFF, 0x81, 0x07, 0xF4, 0x04, 0xFF, 0x81, 0x1F, 0xD0, 0x04,
    0xFF, 0x81, 0x7F, 0x40, 0x05, 0xFF, 0x81, 0x01, 0xFD, 0x04, 0xFF, 0x81, 0x07, 0xF4, 0x04, 0xFF,
    0x81, 0x1F, 0xD0, 0x02, 0xFF, 0x83, 0x03, 0xFD, 0x7F, 0x40, 0x02, 0xFF, 0x8A, 0x0F, 0xF4, 0xFF,
    0x01, 0xFD, 0xFF, 0x3F, 0xD0, 0xFF, 0x07, 0xF4, 0x02, 0xFF, 0x03, 0x00, 0x80, 0xD0, 0x03, 0xFF,
    0x81, 0x01, 0x40, 0x04, 0xFF, 0x82, 0x07, 0x00, 0xFD, 0x03, 0xFF, 0x82, 0x1F, 0x00, 0xF4, 0x02,
    0xFF, 0x80, 0x0F, 0x38, 0xFF, 0x81, 0x3F, 0xD0, 0x05, 0xFF, 0x80, 0x40, 0x05, 0xFF, 0x81, 0x03,
    0xFD, 0x04, 0xFF, 0x81, 0x0F, 0xF4, 0x04, 0xFF, 0x81, 0x3F, 0xD0, 0x05, 0xFF, 0x80, 0x40, 0x05,
    0xFF, 0x81, 0x03, 0xFD, 0x04, 0xFF, 0x81, 0x0F, 0xF4, 0x04, 0xFF, 0x81, 0x3F, 0xD0, 0x02, 0xFF,
    0x83, 0x07, 0xFC, 0xFF, 0x40, 0x02, 0xFF, 0x93, 0x0F, 0xF0, 0xFF, 0x03, 0xFD, 0xFF, 0x3F, 0xC0,
    0xFF, 0x07, 0xF4, 0xFF, 0x01, 0x00, 0xFF, 0x3F, 0xD0, 0xFF, 0x07, 0xF4, 0x02, 0xFF, 0x83, 0x40,
    0xFF, 0x1F, 0xD0, 0x02, 0xFF, 0x83, 0x03, 0xFD, 0x7F, 0x40, 0x02, 0xFF, 0x80, 0x0F, 0x02, 0x00,
    0x80, 0xFD, 0x02, 0xFF, 0x80, 0x3F, 0x02, 0x00, 0x80, 0xF4, 0x03, 0xFF, 0x02, 0x00, 0x80, 0xD0,
    0x03, 0xFF, 0x80, 0x01, 0x02, 0x00, 0x80, 0x40, 0x02, 0xFF, 0x8A, 0x0F, 0xF4, 0xFF, 0x01, 0xFD,
    0xFF, 0x3F, 0xD0, 0xFF, 0x07, 0xF4, 0x02, 0xFF, 0x83, 0x40, 0xFF, 0x1F, 0xD0, 0x02, 0xFF, 0x87,
    0x03, 0xFD, 0xFF, 0x7F, 0xC0, 0xFF, 0x0F, 0xF4, 0x02, 0xFF, 0x83, 0x00, 0xFF, 0x3F, 0xD0, 0x02,
    0xFF, 0x83, 0x03, 0xFC, 0xFF, 0x40, 0x02, 0xFF, 0x81, 0x1F, 0xF0, 0x2C, 0xFF, 0x80, 0x0F, 0x38,
    0xFF, 0x80, 0x3F, 0x02, 0x00, 0x80, 0xF4, 0x03, 0xFF, 0x02, 0x00, 0x80, 0xD0, 0x03, 0xFF, 0x82,
    0x03, 0x00, 0x40, 0x03, 0xFF, 0x80, 0x0F, 0x02, 0x00, 0x80, 0xFD, 0x04, 0xFF, 0x81, 0x0F, 0xF4,
    0x04, 0xFF, 0x81, 0x3F, 0xD0, 0x05, 0xFF, 0x80, 0x40, 0x05, 0xFF, 0x81, 0x03, 0xFD, 0x04, 0xFF,
    0x81, 0x0F, 0xF4, 0x04, 0xFF, 0x81, 0x3F, 0xD0, 0x05, 0xFF, 0x80, 0x40, 0x05, 0xFF, 0x81, 0x03,
    0xFC, 0x04, 0xFF, 0x81, 0x0F, 0xF4, 0x04, 0xFF, 0x81, 0x3F, 0xD0, 0x05, 0xFF, 0x80, 0x40, 0x05,
    0xFF, 0x81, 0x03, 0xFD, 0x04, 0xFF, 0x81, 0x0F, 0xF4, 0x04, 0xFF, 0x81, 0x3F, 0xD0, 0x05, 0xFF,
    0x80, 0x00, 0x05, 0xFF, 0x81, 0x03, 0xFD, 0x04, 0xFF, 0x81, 0x0F, 0xF4, 0x04, 0xFF, 0x81, 0x3F,
    0xD0, 0x03, 0xFF, 0x80, 0x03, 0x03, 0x00, 0x82, 0xC0, 0xFF, 0x0F, 0x04, 0x00, 0x81, 0xFF, 0x3F,
    0x04, 0x00, 0x81, 0xFC, 0xFF, 0x04, 0x00, 0x80, 0xF0, 0x2C, 0xFF, 0x80, 0x0F, 0x6B, 0xFF, 0x83,
    0x1F, 0xF0, 0x07, 0xF4, 0x02, 0xFF, 0x83, 0x7F, 0xC0, 0x1F, 0xD0, 0x03, 0xFF, 0x82, 0x01, 0x7F,
    0x40, 0x02, 0xFF, 0x80, 0x0F, 0x04, 0x00, 0xAE, 0xFF, 0x3F, 0xD0, 0x0F, 0xF4, 0x03, 0xFC, 0xFF,
    0x40, 0x3F, 0xD0, 0x0F, 0xF0, 0xFF, 0x03, 0xFD, 0x40, 0x7F, 0xC0, 0xFF, 0x0F, 0xF4, 0x03, 0xFD,
    0x01, 0xFF, 0x3F, 0xD0, 0x0F, 0xF4, 0x03, 0xFC, 0xFF, 0x40, 0x3F, 0xD0, 0x0F, 0xF0, 0xFF, 0x01,
    0xFD, 0x40, 0x3F, 0xC0, 0xFF, 0x0F, 0xF4, 0x02, 0xFF, 0x83, 0x00, 0xFF, 0x3F, 0xD0, 0x02, 0xFF,
    0x83, 0x03, 0xFC, 0xFF, 0x40, 0x02, 0xFF, 0x8A, 0x1F, 0xF0, 0xFF, 0x03, 0xFD, 0xFF, 0x7F, 0xC0,
    0xFF, 0x0F, 0xF4, 0x02, 0xFF, 0x83, 0x00, 0xFF, 0x3F, 0xD0, 0x02, 0xFF, 0x83, 0x03, 0xFC, 0xFF,
    0x40, 0x02, 0xFF, 0x81, 0x1F, 0xF0, 0x2C, 0xFF, 0x80, 0x0F, 0x6B, 0xFF, 0x80, 0x1F, 0x02, 0x00,
    0x80, 0xF4, 0x02, 0xFF, 0x80, 0x7F, 0x02, 0x00, 0x80, 0xD0, 0x03, 0xFF, 0x82, 0x01, 0x00, 0x40,
    0x02, 0xFF, 0x80, 0x0F, 0x04, 0x00, 0x82, 0xFF, 0x3F, 0xD0, 0x02, 0xFF, 0x83, 0x03, 0xFC, 0xFF,
    0x40, 0x02, 0xFF, 0x8A, 0x0F, 0xF0, 0xFF, 0x03, 0xFD, 0xFF, 0x7F, 0xC0, 0xFF, 0x0F, 0xF4, 0x02,
    0xFF, 0x83, 0x01, 0xFF, 0x3F, 0xD0, 0x02, 0xFF, 0x83, 0x03, 0xFC, 0xFF, 0x40, 0x02, 0xFF, 0x8A,
    0x0F, 0xF0, 0xFF, 0x01, 0xFD, 0xFF, 0x3F, 0xC0, 0xFF, 0x0F, 0xF4, 0x02, 0xFF, 0x83, 0x00, 0xFF,
    0x3F, 0xD0, 0x02, 0xFF, 0x83, 0x03, 0xFC, 0xFF, 0x40, 0x02, 0xFF, 0x8A, 0x1F, 0xF0, 0xFF, 0x03,
    0xFD, 0xFF, 0x7F, 0xC0, 0xFF, 0x0F, 0xF4, 0x02, 0xFF, 0x83, 0x00, 0xFF, 0x3F, 0xD0, 0x02, 0xFF,
    0x83, 0x03, 0xFC, 0xFF, 0x40, 0x02, 0xFF, 0x81, 0x1F, 0xF0, 0x2C, 0xFF, 0x80, 0x0F, 0x6B, 0xFF,
    0x80, 0x1F, 0x02, 0x00, 0x80, 0xF4, 0x02, 0xFF, 0x80, 0x7F, 0x02, 0x00, 0x80, 0xD0, 0x03, 0xFF,
    0x82, 0x01, 0x00, 0x40, 0x02, 0xFF, 0x80, 0x0F, 0x04, 0x00, 0x82, 0xFF, 0x3F, 0xD0, 0x02, 0xFF,
    0x83, 0x03, 0xFC, 0xFF, 0x40, 0x02, 0xFF, 0x8A, 0x0F, 0xF0, 0xFF, 0x03, 0xFD, 0xFF, 0x7F, 0xC0,
    0xFF, 0x0F, 0xF4, 0x02, 0xFF, 0x83, 0x01, 0xFF, 0x3F, 0xD0, 0x02, 0xFF, 0x83, 0x03, 0xFC, 0xFF,
    0x40, 0x02, 0xFF, 0x8A, 0x0F, 0xF0, 0xFF, 0x01, 0xFD, 0xFF, 0x3F, 0xC0, 0xFF, 0x0F, 0xF4, 0x02,
    0xFF, 0x83, 0x00, 0xFF, 0x3F, 0xD0, 0x02, 0xFF, 0x83, 0x03, 0xFC, 0xFF, 0x40, 0x02, 0xFF, 0x81,
    0x1F, 0xF0, 0x02, 0xFF, 0x82, 0x01, 0x00, 0x40, 0x03, 0xFF, 0x80, 0x07, 0x02, 0x00, 0x80, 0xFD,
    0x02, 0xFF, 0x80, 0x1F, 0x02, 0x00, 0x80, 0xF4, 0x02, 0xFF, 0x80, 0x7F, 0x02, 0x00, 0x80, 0xD0,
    0x2D, 0xFF, 0x80, 0x0F, 0x6B, 0xFF, 0x80, 0x1F, 0x02, 0x00, 0x80, 0xF4, 0x02, 0xFF, 0x80, 0x7F,
    0x02, 0x00, 0x80, 0xD0, 0x03, 0xFF, 0x82, 0x01, 0x00, 0x40, 0x02, 0xFF, 0x80, 0x0F, 0x04, 0x00,
    0x82, 0xFF, 0x3F, 0xD0, 0x02, 0xFF, 0x83, 0x03, 0xFC, 0xFF, 0x40, 0x02, 0xFF, 0x8A, 0x0F, 0xF0,
    0xFF, 0x03, 0xFD, 0xFF, 0x7F, 0xC0, 0xFF, 0x0F, 0xF4, 0x02, 0xFF, 0x83, 0x01, 0xFF, 0x3F, 0xD0,
    0x02, 0xFF, 0x83, 0x03, 0xFC, 0xFF, 0x40, 0x02, 0xFF, 0x8A, 0x0F, 0xF0, 0xFF, 0x01, 0xFD, 0xFF,
    0x3F, 0xC0, 0xFF, 0x0F, 0xF4, 0x02, 0xFF, 0x83, 0x00, 0xFF, 0x3F, 0xD0, 0x02, 0xFF, 0x83, 0x03,
    0xFC, 0xFF, 0x40, 0x02, 0xFF, 0x83, 0x1F, 0xF0, 0xFF, 0x03, 0x02, 0x00, 0x80, 0x40, 0x02, 0xFF,
    0x80, 0x0F, 0x03, 0x00, 0x82, 0xFD, 0xFF, 0x3F, 0x03, 0x00, 0x80, 0xF4, 0x02, 0xFF, 0x03, 0x00,
    0x80, 0xD0, 0x02, 0xFF, 0x81, 0x03, 0xFD, 0x04, 0xFF, 0x81, 0x0F, 0xF4, 0x04, 0xFF, 0x81, 0x3F,
    0xD0, 0x04, 0xFF, 0x81, 0x7F, 0x40, 0x05, 0xFF, 0x81, 0x03, 0xFD, 0x04, 0xFF, 0x81, 0x0F, 0xF4,
    0x04, 0xFF, 0x81, 0x3F, 0xD0, 0x04, 0xFF, 0x80, 0x0F, 0x6B, 0xFF, 0x80, 0x1F, 0x02, 0x00, 0x80,
    0xF4, 0x02, 0xFF, 0x80, 0x7F, 0x02, 0x00, 0x80, 0xD0, 0x03, 0xFF, 0x82, 0x01, 0x00, 0x40, 0x02,
    0xFF, 0x80, 0x0F, 0x04, 0x00, 0x82, 0xFF, 0x3F, 0xD0, 0x02, 0xFF, 0x83, 0x03, 0xFC, 0xFF, 0x40,
    0x02, 0xFF, 0x8A, 0x0F, 0xF0, 0xFF, 0x03, 0xFD, 0xFF, 0x7F, 0xC0, 0xFF, 0x0F, 0xF4, 0x02, 0xFF,
    0x83, 0x01, 0xFF, 0x3F, 0xD0, 0x02, 0xFF, 0x83, 0x03, 0xFC, 0xFF, 0x40, 0x02, 0xFF, 0x8A, 0x0F,
    0xF0, 0xFF, 0x01, 0xFD, 0xFF, 0x3F, 0xC0, 0xFF, 0x0F, 0xF4, 0x02, 0xFF, 0x83, 0x00, 0xFF, 0x3F,
    0xD0, 0x02, 0xFF, 0x83, 0x03, 0xFC, 0xFF, 0x40, 0x02, 0xFF, 0x81, 0x1F, 0xF0, 0x02, 0xFF, 0x80,
    0x01, 0x02, 0x00, 0x80, 0xC0, 0x02, 0xFF, 0x80, 0x07, 0x03, 0x00, 0x02, 0xFF, 0x80, 0x1F, 0x03,
    0x00, 0x82, 0xFC, 0xFF, 0x7F, 0x03, 0x00, 0x80, 0xF0, 0x04, 0xFF, 0x81, 0x7F, 0xC0, 0x05, 0xFF,
    0x80, 0x00, 0x05, 0xFF, 0x81, 0x03, 0xFC, 0x04, 0xFF, 0x81, 0x0F, 0xF0, 0x04, 0xFF, 0x81, 0x3F,
    0xC0, 0x05, 0xFF, 0x80, 0x00, 0x05, 0xFF, 0x82, 0x07, 0xFC, 0x0F, 0x6A, 0xFF, 0x93, 0x3F, 0x00,
    0xF0, 0x07, 0x00, 0xFC, 0xFF, 0x00, 0xC0, 0x1F, 0x00, 0xF0, 0xFF, 0x03, 0x00, 0x7F, 0x00, 0xC0,
    0xFF, 0x0F, 0x04, 0x00, 0x02, 0xFF, 0x8A, 0x1F, 0x00, 0xF4, 0x03, 0xFC, 0xFF, 0x7F, 0x00, 0xD0,
    0x0F, 0xF0, 0x02, 0xFF, 0x83, 0x01, 0x40, 0x7F, 0xC0, 0x02, 0xFF, 0x81, 0x07, 0xFC, 0x04, 0xFF,
    0x81, 0x1F, 0xF0, 0x04, 0xFF, 0x81, 0x7F, 0xC0, 0x05, 0xFF, 0x80, 0x01, 0x05, 0xFF, 0x81, 0x07,
    0xFC, 0x04, 0xFF, 0x81, 0x1F, 0xF0, 0x04, 0xFF, 0x81, 0x7F, 0xC0, 0x04, 0xFF, 0x82, 0x03, 0x00,
    0x40, 0x03, 0xFF, 0x80, 0x0F, 0x02, 0x00, 0x80, 0xFD, 0x02, 0xFF, 0x80, 0x3F, 0x02, 0x00, 0x80,
    0xF4, 0x03, 0xFF, 0x02, 0x00, 0x80, 0xD0, 0x2E, 0xFF, 0x80, 0x0F, 0x6B, 0xFF, 0x80, 0x1F, 0x03,
    0x00, 0x82, 0xFC, 0xFF, 0x7F, 0x03, 0x00, 0x80, 0xF0, 0x02, 0xFF, 0x80, 0x01, 0x02, 0x00, 0x82,
    0xC0, 0xFF, 0x0F, 0x04, 0x00, 0x82, 0xFF, 0x3F, 0xD0, 0x05, 0xFF, 0x80, 0x40, 0x05, 0xFF, 0x81,
    0x03, 0xFD, 0x05, 0xFF, 0x80, 0x07, 0x03, 0x00, 0x02, 0xFF, 0x80, 0x1F, 0x03, 0x00, 0x82, 0xFC,
    0xFF, 0x7F, 0x03, 0x00, 0x80, 0xF0, 0x02, 0xFF, 0x80, 0x01, 0x02, 0x00, 0x80, 0xC0, 0x05, 0xFF,
    0x80, 0x00, 0x05, 0xFF, 0x81, 0x03, 0xFC, 0x04, 0xFF, 0x83, 0x1F, 0xF0, 0xFF, 0x03, 0x02, 0x00,
    0x80, 0x40, 0x02, 0xFF, 0x80, 0x0F, 0x03, 0x00, 0x82, 0xFD, 0xFF, 0x3F, 0x03, 0x00, 0x80, 0xF4,
    0x02, 0xFF, 0x03, 0x00, 0x80, 0xD0, 0x2D, 0xFF, 0x80, 0x0F, 0x39, 0xFF, 0x81, 0x1F, 0xF0, 0x04,
    0xFF, 0x81, 0x7F, 0xC0, 0x05, 0xFF, 0x80, 0x01, 0x05, 0xFF, 0x81, 0x07, 0xFC, 0x04, 0xFF, 0x81,
    0x1F, 0xF0, 0x04, 0xFF, 0x81, 0x7F, 0xC0, 0x05, 0xFF, 0x80, 0x01, 0x05, 0xFF, 0x81, 0x07, 0xFC,
    0x03, 0xFF, 0x80, 0x3F, 0x04, 0x00, 0x81, 0xFC, 0xFF, 0x04, 0x00, 0x82, 0xF0, 0xFF, 0x03, 0x03,
    0x00, 0x82, 0xC0, 0xFF, 0x0F, 0x04, 0x00, 0x02, 0xFF, 0x81, 0x1F, 0xF0, 0x04, 0xFF, 0x81, 0x7F,
    0xC0, 0x05, 0xFF, 0x80, 0x01, 0x05, 0xFF, 0x81, 0x07, 0xFC, 0x04, 0xFF, 0x81, 0x1F, 0xF0, 0x04,
    0xFF, 0x81, 0x7F, 0xC0, 0x05, 0xFF, 0x83, 0x01, 0xFF, 0x7F, 0xC0, 0x02, 0xFF, 0x83, 0x07, 0xFC,
    0xFF, 0x00, 0x02, 0xFF, 0x8A, 0x1F, 0xF0, 0xFF, 0x03, 0xFC, 0xFF, 0x7F, 0xC0, 0xFF, 0x1F, 0xF0,
    0x03, 0xFF, 0x81, 0x00, 0x40, 0x04, 0xFF, 0x82, 0x03, 0x00, 0xFD, 0x03, 0xFF, 0x82, 0x0F, 0x00,
    0xF4, 0x03, 0xFF, 0x82, 0x3F, 0x00, 0xD0, 0x2D, 0xFF, 0x80, 0x0F, 0x6A, 0xFF, 0x81, 0x3F, 0xD0,
    0x02, 0xFF, 0x83, 0x07, 0xFC, 0xFF, 0x40, 0x02, 0xFF, 0x8A, 0x0F, 0xF0, 0xFF, 0x03, 0xFD, 0xFF,
    0x3F, 0xC0, 0xFF, 0x07, 0xF4, 0x02, 0xFF, 0x83, 0x00, 0xFF, 0x3F, 0xD0, 0x02, 0xFF, 0x83, 0x03,
    0xFC, 0xFF, 0x40, 0x02, 0xFF, 0x8A, 0x0F, 0xF0, 0xFF, 0x03, 0xFD, 0xFF, 0x7F, 0xC0, 0xFF, 0x0F,
    0xF4, 0x02, 0xFF, 0x83, 0x01, 0xFF, 0x3F, 0xD0, 0x02, 0xFF, 0x83, 0x03, 0xFC, 0xFF, 0x40, 0x02,
    0xFF, 0x8A, 0x0F, 0xF0, 0xFF, 0x01, 0xFD, 0xFF, 0x3F, 0xC0, 0xFF, 0x0F, 0xF4, 0x02, 0xFF, 0x83,
    0x00, 0xFF, 0x3F, 0xD0, 0x02, 0xFF, 0x83, 0x03, 0xFC, 0xFF, 0x40, 0x02, 0xFF, 0x81, 0x1F, 0xF0,
    0x02, 0xFF, 0x82, 0x01, 0x00, 0x40, 0x03, 0xFF, 0x80, 0x07, 0x02, 0x00, 0x80, 0xFD, 0x02, 0xFF,
    0x80, 0x1F, 0x02, 0x00, 0x80, 0xF4, 0x02, 0xFF, 0x80, 0x7F, 0x02, 0x00, 0x80, 0xD0, 0x2D, 0xFF,
    0x80, 0x0F, 0x6A, 0xFF, 0x81, 0x3F, 0xD0, 0x02, 0xFF, 0x83, 0x07, 0xFC, 0xFF, 0x40, 0x02, 0xFF,
    0x8A, 0x0F, 0xF0, 0xFF, 0x03, 0xFD, 0xFF, 0x3F, 0xC0, 0xFF, 0x07, 0xF4, 0x02, 0xFF, 0x83, 0x00,
    0xFF, 0x3F, 0xD0, 0x02, 0xFF, 0x83, 0x03, 0xFC, 0xFF, 0x40, 0x02, 0xFF, 0x87, 0x0F, 0xF0, 0xFF,
    0x03, 0xFD, 0xFF, 0x7F, 0xC0, 0x02, 0xFF, 0x83, 0x07, 0xFC, 0x01, 0xFD, 0x02, 0xFF, 0x83, 0x1F,
    0xF0, 0x07, 0xF4, 0x02, 0xFF, 0x83, 0x7F, 0xC0, 0x1F, 0xD0, 0x03, 0xFF, 0x82, 0x01, 0x7F, 0x40,
    0x03, 0xFF, 0x83, 0x07, 0xFC, 0x01, 0xFD, 0x02, 0xFF, 0x83, 0x1F, 0xF0, 0x07, 0xF4, 0x02, 0xFF,
    0x83, 0x7F, 0xC0, 0x1F, 0xD0, 0x04, 0xFF, 0x80, 0x40, 0x05, 0xFF, 0x81, 0x03, 0xFD, 0x04, 0xFF,
    0x81, 0x0F, 0xF4, 0x04, 0xFF, 0x81, 0x3F, 0xD0, 0x2E, 0xFF, 0x80, 0x0F, 0x6A, 0xFF, 0x81, 0x3F,
    0xD0, 0x02, 0xFF, 0x83, 0x07, 0xFC, 0xFF, 0x40, 0x02, 0xFF, 0x8A, 0x0F, 0xF0, 0xFF, 0x03, 0xFD,
    0xFF, 0x3F, 0xC0, 0xFF, 0x07, 0xF4, 0x02, 0xFF, 0x83, 0x00, 0xFF, 0x3F, 0xD0, 0x02, 0xFF, 0x83,
    0x03, 0xFC, 0xFF, 0x40, 0x02, 0xFF, 0xB3, 0x0F, 0xF0, 0xFF, 0x03, 0xFD, 0xFF, 0x7F, 0xC0, 0xFF,
    0x0F, 0xF4, 0x03, 0xFD, 0x01, 0xFF, 0x3F, 0xD0, 0x0F, 0xF4, 0x03, 0xFC, 0xFF, 0x40, 0x3F, 0xD0,
    0x0F, 0xF0, 0xFF, 0x01, 0xFD, 0x00, 0x3F, 0xC0, 0xFF, 0x0F, 0xF4, 0x03, 0xFD, 0x00, 0xFF, 0x3F,
    0xD0, 0x0F, 0xF4, 0x03, 0xFC, 0xFF, 0x40, 0x3F, 0xD0, 0x1F, 0xF0, 0x02, 0xFF, 0x82, 0x01, 0x7F,
    0x40, 0x03, 0xFF, 0x83, 0x07, 0xFC, 0x01, 0xFD, 0x02, 0xFF, 0x83, 0x1F, 0xF0, 0x07, 0xF4, 0x02,
    0xFF, 0x83, 0x7F, 0xC0, 0x1F, 0xD0, 0x2D, 0xFF, 0x80, 0x0F, 0x6A, 0xFF, 0x81, 0x3F, 0xD0, 0x02,
    0xFF, 0x83, 0x07, 0xFC, 0xFF, 0x40, 0x02, 0xFF, 0x8D, 0x0F, 0xF0, 0xFF, 0x03, 0xFD, 0xFF, 0x3F,
    0xC0, 0xFF, 0x0F, 0x00, 0xFC, 0x01, 0x00, 0x02, 0xFF, 0x83, 0x1F, 0xF0, 0x07, 0xF4, 0x02, 0xFF,
    0x83, 0x7F, 0xC0, 0x1F, 0xD0, 0x03, 0xFF, 0x82, 0x01, 0x7F, 0x40, 0x04, 0xFF, 0x81, 0x03, 0xFD,
    0x04, 0xFF, 0x81, 0x0F, 0xF4, 0x04, 0xFF, 0x81, 0x3F, 0xD0, 0x04, 0xFF, 0x82, 0x01, 0x00, 0x40,
    0x03, 0xFF, 0x83, 0x07, 0xFC, 0x01, 0xFD, 0x02, 0xFF, 0x83, 0x1F, 0xF0, 0x07, 0xF4, 0x02, 0xFF,
    0x83, 0x7F, 0xC0, 0x1F, 0xD0, 0x02, 0xFF, 0x87, 0x03, 0xFD, 0xFF, 0x7F, 0xC0, 0xFF, 0x0F, 0xF4,
    0x02, 0xFF, 0x83, 0x00, 0xFF, 0x3F, 0xD0, 0x02, 0xFF, 0x83, 0x03, 0xFC, 0xFF, 0x40, 0x02, 0xFF,
    0x81, 0x1F, 0xF0, 0x2C, 0xFF, 0x80, 0x0F, 0x6A, 0xFF, 0x81, 0x3F, 0xD0, 0x02, 0xFF, 0x83, 0x07,
    0xFC, 0xFF, 0x40, 0x02, 0xFF, 0x8A, 0x0F, 0xF0, 0xFF, 0x03, 0xFD, 0xFF, 0x3F, 0xC0, 0xFF, 0x07,
    0xF4, 0x02, 0xFF, 0x83, 0x00, 0xFF, 0x3F, 0xD0, 0x02, 0xFF, 0x83, 0x03, 0xFC, 0xFF, 0x40, 0x02,
    0xFF, 0x87, 0x0F, 0xF0, 0xFF, 0x03, 0xFD, 0xFF, 0x7F, 0xC0, 0x02, 0xFF, 0x83, 0x07, 0xFC, 0x01,
    0xFD, 0x02, 0xFF, 0x83, 0x1F, 0xF0, 0x07, 0xF4, 0x02, 0xFF, 0x83, 0x7F, 0xC0, 0x1F, 0xD0, 0x03,
    0xFF, 0x82, 0x01, 0x7F, 0x40, 0x03, 0xFF, 0x83, 0x07, 0xFC, 0x01, 0xFD, 0x02, 0xFF, 0x83, 0x1F,
    0xF0, 0x07, 0xF4, 0x02, 0xFF, 0x83, 0x7F, 0xC0, 0x1F, 0xD0, 0x04, 0xFF, 0x80, 0x40, 0x05, 0xFF,
    0x81, 0x03, 0xFD, 0x04, 0xFF, 0x81, 0x0F, 0xF4, 0x04, 0xFF, 0x81, 0x3F, 0xD0, 0x05, 0xFF, 0x80,
    0x40, 0x05, 0xFF, 0x81, 0x03, 0xFD, 0x04, 0xFF, 0x81, 0x0F, 0xF4, 0x03, 0xFF, 0x02, 0x00, 0x80,
    0xD0, 0x03, 0xFF, 0x81, 0x03, 0x00, 0x04, 0xFF, 0x82, 0x0F, 0x00, 0xFC, 0x03, 0xFF, 0x82, 0x3F,
    0x00, 0xF0, 0x03, 0xFF, 0x80, 0x0F, 0x6A, 0xFF, 0x80, 0x3F, 0x04, 0x00, 0x81, 0xFC, 0xFF, 0x04,
    0x00, 0x82, 0xF0, 0xFF, 0x03, 0x03, 0x00, 0x82, 0xC0, 0xFF, 0x0F, 0x04, 0x00, 0x04, 0xFF, 0x81,
    0x07, 0xF4, 0x04, 0xFF, 0x81, 0x1F, 0xD0, 0x04, 0xFF, 0x81, 0x7F, 0x40, 0x04, 0xFF, 0x81, 0x03,
    0xFD, 0x04, 0xFF, 0x81, 0x0F, 0xF4, 0x04, 0xFF, 0x81, 0x3F, 0xD0, 0x04, 0xFF, 0x81, 0x01, 0x40,
    0x04, 0xFF, 0x81, 0x07, 0xFC, 0x04, 0xFF, 0x81, 0x1F, 0xF0, 0x04, 0xFF, 0x81, 0x7F, 0xC0, 0x04,
    0xFF, 0x80, 0x03, 0x03, 0x00, 0x82, 0xC0, 0xFF, 0x0F, 0x04, 0x00, 0x81, 0xFF, 0x3F, 0x04, 0x00,
    0x81, 0xFC, 0xFF, 0x04, 0x00, 0x80, 0xF0, 0x2C, 0xFF, 0x80, 0x0F, 0x3B, 0xFF, 0x81, 0x07, 0xF4,
    0x04, 0xFF, 0x81, 0x1F, 0xD0, 0x04, 0xFF, 0x81, 0x7F, 0x40, 0x05, 0xFF, 0x81, 0x01, 0xFD, 0x03,
    0xFF, 0x81, 0x0F, 0xF4, 0x04, 0xFF, 0x81, 0x3F, 0xD0, 0x05, 0xFF, 0x80, 0x40, 0x05, 0xFF, 0x81,
    0x03, 0xFD, 0x04, 0xFF, 0x81, 0x0F, 0xF4, 0x04, 0xFF, 0x81, 0x3F, 0xD0, 0x05, 0xFF, 0x80, 0x40,
    0x05, 0xFF, 0x81, 0x03, 0xFC, 0x04, 0xFF, 0x81, 0x0F, 0xF4, 0x04, 0xFF, 0x81, 0x3F, 0xD0, 0x05,
    0xFF, 0x80, 0x40, 0x04, 0xFF, 0x81, 0x07, 0xFC, 0x04, 0xFF, 0x81, 0x1F, 0xF0, 0x04, 0xFF, 0x81,
    0x7F, 0xC0, 0x05, 0xFF, 0x81, 0x01, 0x40, 0x05, 0xFF, 0x81, 0x03, 0xFD, 0x04, 0xFF, 0x81, 0x0F,
    0xF4, 0x04, 0xFF, 0x81, 0x3F, 0xD0, 0x05, 0xFF, 0x80, 0x40, 0x05, 0xFF, 0x81, 0x03, 0xFD, 0x04,
    0xFF, 0x81, 0x0F, 0xF4, 0x04, 0xFF, 0x81, 0x3F, 0xD0, 0x05, 0xFF, 0x80, 0x40, 0x05, 0xFF, 0x81,
    0x03, 0xFD, 0x04, 0xFF, 0x81, 0x0F, 0xF4, 0x04, 0xFF, 0x82, 0x3F, 0x00, 0xD0, 0x04, 0xFF, 0x81,
    0x7F, 0x40, 0x05, 0xFF, 0x81, 0x01, 0xFD, 0x04, 0xFF, 0x83, 0x07, 0xF4, 0xFF, 0x0F, 0x27, 0xFF,
    0x81, 0x3F, 0xD0, 0x05, 0xFF, 0x80, 0x40, 0x05, 0xFF, 0x81, 0x03, 0xFD, 0x04, 0xFF, 0x81, 0x0F,
    0xF0, 0x04, 0xFF, 0x81, 0x3F, 0xD0, 0x05, 0xFF, 0x80, 0x40, 0x05, 0xFF, 0x81, 0x03, 0xFD, 0x04,
    0xFF, 0x81, 0x0F, 0xF4, 0x04, 0xFF, 0x81, 0x3F, 0xD0, 0x05, 0xFF, 0x80, 0x40, 0x05, 0xFF, 0x81,
    0x03, 0xFD, 0x04, 0xFF, 0x81, 0x0F, 0xF4, 0x04, 0xFF, 0x81, 0x3F, 0xD0, 0x05, 0xFF, 0x80, 0x40,
    0x05, 0xFF, 0x81, 0x03, 0xFC, 0x04, 0xFF, 0x81, 0x0F, 0xF4, 0x04, 0xFF, 0x81, 0x3F, 0xD0, 0x05,
    0xFF, 0x80, 0x40, 0x05, 0xFF, 0x81, 0x03, 0xFD, 0x04, 0xFF, 0x81, 0x0F, 0xF4, 0x04, 0xFF, 0x81,
    0x3F, 0xD0, 0x05, 0xFF, 0x80, 0x00, 0x05, 0xFF, 0x81, 0x03, 0xFD, 0x04, 0xFF, 0x81, 0x0F, 0xF4,
    0x04, 0xFF, 0x81, 0x3F, 0xD0, 0x05, 0xFF, 0x80, 0x40, 0x05, 0xFF, 0x81, 0x03, 0xFD, 0x04, 0xFF,
    0x81, 0x0F, 0xF4, 0x04, 0xFF, 0x81, 0x3F, 0xD0, 0x05, 0xFF, 0x80, 0x40, 0x05, 0xFF, 0x81, 0x03,
    0xFD, 0x04, 0xFF, 0x81, 0x0F, 0xF4, 0x04, 0xFF, 0x81, 0x3F, 0xC0, 0x05, 0xFF, 0x80, 0x40, 0x05,
    0xFF, 0x81, 0x03, 0xFD, 0x04, 0xFF, 0x81, 0x0F, 0xF4, 0x02, 0xFF, 0x80, 0x0F, 0x39, 0xFF, 0x81,
    0x1F, 0xF0, 0x04, 0xFF, 0x81, 0x7F, 0xC0, 0x05, 0xFF, 0x80, 0x01, 0x05, 0xFF, 0x81, 0x07, 0xFC,
    0x05, 0xFF, 0x81, 0x0F, 0xF4, 0x04, 0xFF, 0x81, 0x3F, 0xD0, 0x05, 0xFF, 0x80, 0x40, 0x05, 0xFF,
    0x81, 0x03, 0xFD, 0x04, 0xFF, 0x81, 0x0F, 0xF4, 0x04, 0xFF, 0x81, 0x3F, 0xD0, 0x05, 0xFF, 0x80,
    0x40, 0x05, 0xFF, 0x81, 0x03, 0xFC, 0x04, 0xFF, 0x81, 0x0F, 0xF4, 0x04, 0xFF, 0x81, 0x3F, 0xD0,
    0x05, 0xFF, 0x80, 0x40, 0x06, 0xFF, 0x81, 0x01, 0xFD, 0x04, 0xFF, 0x81, 0x07, 0xF4, 0x04, 0xFF,
    0x81, 0x1F, 0xD0, 0x04, 0xFF, 0x81, 0x00, 0x40, 0x04, 0xFF, 0x81, 0x03, 0xFD, 0x04, 0xFF, 0x81,
    0x0F, 0xF4, 0x04, 0xFF, 0x81, 0x3F, 0xD0, 0x05, 0xFF, 0x80, 0x40, 0x05, 0xFF, 0x81, 0x03, 0xFD,
    0x04, 0xFF, 0x81, 0x0F, 0xF4, 0x04, 0xFF, 0x81, 0x3F, 0xD0, 0x05, 0xFF, 0x80, 0x40, 0x05, 0xFF,
    0x81, 0x03, 0xFD, 0x04, 0xFF, 0x81, 0x0F, 0xF4, 0x03, 0xFF, 0x82, 0x7F, 0x00, 0xD0, 0x04, 0xFF,
    0x80, 0x01, 0x05, 0xFF, 0x81, 0x07, 0xFC, 0x04, 0xFF, 0x81, 0x1F, 0xF0, 0x03, 0xFF, 0x80, 0x0F,
    0x7E, 0xFF, 0x81, 0x07, 0xFC, 0x04, 0xFF, 0x81, 0x1F, 0xF0, 0x04, 0xFF, 0x81, 0x7F, 0xC0, 0x05,
    0xFF, 0x80, 0x01, 0x04, 0xFF, 0x94, 0x0F, 0xF4, 0x03, 0xFD, 0x01, 0xFF, 0x3F, 0xD0, 0x0F, 0xF4,
    0x03, 0xFC, 0xFF, 0x40, 0x3F, 0xD0, 0x0F, 0xF0, 0xFF, 0x03, 0xFD, 0x02, 0x00, 0x80, 0xC0, 0x04,
    0xFF, 0x81, 0x01, 0xFD, 0x04, 0xFF, 0x81, 0x07, 0xF4, 0x04, 0xFF, 0x81, 0x1F, 0xD0, 0x46, 0xFF,
    0x80, 0x0F,
};

const uint8_t font_gridlitepbsmenu[11680] = {
     0x00, 0xFF, 0x14, 0x00, 0x00, 0x51, 0x46, 0x46, 0x01, 0x57, 0x2A, 0x00, 0x00, 0xA8, 0xD5, 0xFF,
    0xFF, 0x19, 0x01, 0x00, 0x00, 0x06, 0x00, 0x01, 0xFF, 0x01, 0xFE, 0x1D, 0x01, 0x00, 0x0F, 0x00,
    0x00, 0x8F, 0x01, 0x00, 0x8F, 0x16, 0x00, 0x8F, 0x25, 0x00, 0x0F, 0x47, 0x00, 0x8F, 0x65, 0x00,
    0x8F, 0x85, 0x00, 0x8F, 0xA5, 0x00, 0x8F, 0xB0, 0x00, 0x8F, 0xCB, 0x00, 0x8F, 0xE6, 0x00, 0x8F,
    0xF5, 0x00, 0x0F, 0x08, 0x01, 0x8F, 0x13, 0x01, 0x8F, 0x1C, 0x01, 0x0F, 0x25, 0x01, 0xCF, 0x44,
    0x01, 0xCF, 0x68, 0x01, 0x8F, 0x82, 0x01, 0x8F, 0xA2, 0x01, 0x8F, 0xC6, 0x01, 0x4F, 0xE1, 0x01,
    0x4F, 0x01, 0x02, 0x4F, 0x25, 0x02, 0xCF, 0x40, 0x02, 0xCF, 0x64, 0x02, 0xCF, 0x88, 0x02, 0xCF,
    0x98, 0x02, 0xCF, 0xAB, 0x02, 0xCF, 0xC1, 0x02, 0xCF, 0xCF, 0x02, 0xCF, 0xE5, 0x02, 0x4F, 0x02,
    0x03, 0xCF, 0x2C, 0x03, 0x4F, 0x51, 0x03, 0xCF, 0x74, 0x03, 0xCF, 0x94, 0x03, 0x4F, 0xB8, 0x03,
    0xCF, 0xD5, 0x03, 0xCF, 0xF0, 0x03, 0x4F, 0x14, 0x04, 0x4F, 0x39, 0x04, 0x4F, 0x52, 0x04, 0x4F,
    0x72, 0x04, 0x4F, 0x95, 0x04, 0x4F, 0xB1, 0x04, 0x4F, 0xD4, 0x04, 0x4F, 0xF7, 0x04, 0x4F, 0x1B,
    0x05, 0x4F, 0x3B, 0x05, 0x4F, 0x60, 0x05, 0x4F, 0x84, 0x05, 0x4F, 0xA8, 0x05, 0x0F, 0xBF, 0x05,
    0x8F, 0xE3, 0x05, 0x0F, 0x05, 0x06, 0x0F, 0x27, 0x06, 0x0F, 0x49, 0x06, 0x8F, 0x66, 0x06, 0x0F,
    0x82, 0x06, 0x0F, 0x9E, 0x06, 0x4F, 0xBD, 0x06, 0x4F, 0xD9, 0x06, 0xCF, 0xE8, 0x06, 0x0F, 0xEE,
    0x06, 0x0F, 0xF8, 0x06, 0x0F, 0x13, 0x07, 0x8F, 0x33, 0x07, 0x8F, 0x49, 0x07, 0x0F, 0x6A, 0x07,
    0x0F, 0x84, 0x07, 0x8F, 0xA0, 0x07, 0x8F, 0xC4, 0x07, 0x0F, 0xE4, 0x07, 0x4F, 0x01, 0x08, 0x0F,
    0x25, 0x08, 0x0F, 0x44, 0x08, 0x8F, 0x5D, 0x08, 0x0F, 0x77, 0x08, 0x8F, 0x92, 0x08, 0x8F, 0xAD,
    0x08, 0x0F, 0xCE, 0x08, 0x0F, 0xEE, 0x08, 0x4F, 0x05, 0x09, 0x4F, 0x1E, 0x09, 0xCF, 0x3A, 0x09,
    0x4F, 0x56, 0x09, 0xCF, 0x6D, 0x09, 0x4F, 0x87, 0x09, 0x4F, 0xA0, 0x09, 0x4F, 0xBE, 0x09, 0xCF,
    0xD4, 0x09, 0xCF, 0xF0, 0x09, 0x8F, 0x0E, 0x0A, 0x8F, 0x2A, 0x0A, 0x03, 0xFC, 0x30, 0x00, 0x00,
    0x00, 0x00, 0xFF, 0x00, 0x00, 0xFD, 0x00, 0x00, 0xFC, 0x00, 0x00, 0xF5, 0x00, 0x00, 0xD5, 0x00,
    0x00, 0xAB, 0x00, 0x00, 0x75, 0x00, 0x00, 0x67, 0x00, 0x00, 0x4B, 0x00, 0x00, 0x23, 0x00, 0x00,
    0x08, 0x00, 0x00, 0x06, 0x00, 0x00, 0x03, 0x00, 0x00, 0x01, 0xD4, 0xFF, 0xFF, 0x00, 0x00, 0x00,
    0x04, 0xFB, 0xE2, 0x28, 0x00, 0x7F, 0xFF, 0x3C, 0xFF, 0x80, 0x0F, 0x28, 0xFF, 0x81, 0xAB, 0xFD,
    0x05, 0xFF, 0x81, 0x4F, 0x80, 0x06, 0xFF, 0x81, 0x04, 0xF8, 0x05, 0xFF, 0x81, 0x4F, 0x80, 0x06,
    0xFF, 0x81, 0x04, 0xF8, 0x05, 0xFF, 0x81, 0x4F, 0x80, 0x06, 0xFF, 0x81, 0x04, 0xF8, 0x05, 0xFF,
    0x81, 0x4F, 0x80, 0x06, 0xFF, 0x81, 0x04, 0xF8, 0x05, 0xFF, 0x81, 0x4F, 0x80, 0x06, 0xFF, 0x81,
    0x04, 0xF8, 0x05, 0xFF, 0x81, 0xBF, 0xDA, 0x06, 0xFF, 0x81, 0xAB, 0xFD, 0x05, 0xFF, 0x81, 0x4F,
    0x80, 0x06, 0xFF, 0x81, 0x04, 0xF8, 0x05, 0xFF, 0x81, 0xBF, 0xDA, 0x21, 0xFF, 0x80, 0x0F, 0x27,
    0xFF, 0x83, 0xAB, 0xFD, 0xAB, 0xFC, 0x03, 0xFF, 0x83, 0x4F, 0x90, 0x5F, 0x80, 0x04, 0xFF, 0x83,
    0x04, 0xF9, 0x05, 0xF8, 0x03, 0xFF, 0x83, 0x4F, 0x90, 0x5F, 0x80, 0x04, 0xFF, 0x83, 0x04, 0xF9,
    0x05, 0xF8, 0x03, 0xFF, 0x83, 0x4F, 0x90, 0x5F, 0x80, 0x04, 0xFF, 0x83, 0x04, 0xF9, 0x05, 0xF8,
    0x03, 0xFF, 0x83, 0xBF, 0xDA, 0xBF, 0xCA, 0x5C, 0xFF, 0x80, 0x0F, 0x27, 0xFF, 0x83, 0xAB, 0xFD,
    0xAB, 0xFC, 0x03, 0xFF, 0x83, 0x4F, 0x90, 0x5F, 0x80, 0x04, 0xFF, 0x83, 0x04, 0xF9, 0x05, 0xF8,
    0x03, 0xFF, 0x83, 0x4F, 0x90, 0x5F, 0x80, 0x03, 0xFF, 0x87, 0xAA, 0x04, 0xA8, 0x05, 0xA7, 0xFC,
    0xFF, 0x3F, 0x04, 0x10, 0x80, 0x70, 0x02, 0xFF, 0x80, 0x03, 0x04, 0x01, 0x87, 0xF7, 0xFF, 0xAF,
    0x4A, 0x80, 0x5A, 0x70, 0xCA, 0x03, 0xFF, 0x83, 0x04, 0xF9, 0x05, 0xF8, 0x03, 0xFF, 0x83, 0x4F,
    0x90, 0x5F, 0x80, 0x03, 0xFF, 0x87, 0xAA, 0x04, 0xA8, 0x05, 0xA7, 0xFC, 0xFF, 0x3F, 0x04, 0x10,
    0x80, 0x70, 0x02, 0xFF, 0x80, 0x03, 0x04, 0x01, 0x87, 0xF7, 0xFF, 0xAF, 0x4A, 0x80, 0x5A, 0x70,
    0xCA, 0x03, 0xFF, 0x83, 0x04, 0xF9, 0x05, 0xF8, 0x03, 0xFF, 0x83, 0x4F, 0x90, 0x5F, 0x80, 0x04,
    0xFF, 0x83, 0x04, 0xF9, 0x05, 0xF8, 0x03, 0xFF, 0x83, 0xBF, 0xDA, 0xBF, 0xCA, 0x11, 0xFF, 0x80,
    0x0F, 0x28, 0xFF, 0x81, 0xAB, 0xFD, 0x05, 0xFF, 0x81, 0x4F, 0x80, 0x05, 0xFF, 0x84, 0xAB, 0x04,
    0xA8, 0xAA, 0xFC, 0x02, 0xFF, 0x80, 0x4F, 0x03, 0x20, 0x80, 0x70, 0x02, 0xFF, 0x81, 0xAA, 0x04,
    0x03, 0x02, 0x87, 0xF7, 0xFF, 0x3F, 0x90, 0x4A, 0x80, 0xAA, 0xCA, 0x02, 0xFF, 0x84, 0x03, 0xA9,
    0x04, 0xA8, 0xFC, 0x02, 0xFF, 0x81, 0xAF, 0x4A, 0x02, 0x20, 0x80, 0x80, 0x04, 0xFF, 0x80, 0x04,
    0x02, 0x02, 0x81, 0xA7, 0xFC, 0x02, 0xFF, 0x84, 0xBF, 0x4A, 0x80, 0x5A, 0x70, 0x02, 0xFF, 0x02,
    0xAA, 0x85, 0x04, 0xA8, 0x05, 0xF7, 0xFF, 0x3F, 0x03, 0x20, 0x81, 0x70, 0xCA, 0x02, 0xFF, 0x80,
    0x03, 0x03, 0x02, 0x80, 0xF8, 0x02, 0xFF, 0x84, 0xAF, 0xAA, 0x4A, 0x80, 0xCA, 0x05, 0xFF, 0x81,
    0x04, 0xF8, 0x05, 0xFF, 0x81, 0xBF, 0xDA, 0x21, 0xFF, 0x80, 0x0F, 0x27, 0xFF, 0x81, 0xAA, 0xFD,
    0x03, 0xFF, 0x83, 0xAC, 0xFF, 0x3F, 0x90, 0x03, 0xFF, 0x9E, 0x6F, 0xF0, 0xAA, 0x03, 0xA9, 0xFD,
    0xFF, 0xAB, 0x05, 0x0A, 0xA0, 0x4A, 0x90, 0xFF, 0x5F, 0x60, 0xAA, 0x00, 0xAA, 0x04, 0xF9, 0xAB,
    0x05, 0xF7, 0xAF, 0x3A, 0x90, 0xDA, 0x5F, 0x70, 0xCA, 0x02, 0xFF, 0x84, 0x03, 0xF9, 0xAB, 0x05,
    0xF8, 0x02, 0xFF, 0x84, 0xAF, 0xDA, 0x4F, 0x80, 0xCA, 0x04, 0xFF, 0x84, 0xAB, 0x04, 0xF8, 0xAB,
    0xFC, 0x02, 0xFF, 0x84, 0x4F, 0x90, 0xDA, 0x5F, 0x70, 0x02, 0xFF, 0x9E, 0xAA, 0x04, 0xF9, 0xAB,
    0x05, 0xA6, 0xFF, 0x3F, 0x90, 0xDA, 0x5F, 0x70, 0x5A, 0xF0, 0xAA, 0x03, 0xF9, 0xFF, 0x05, 0xA7,
    0x05, 0x0A, 0xA0, 0xDA, 0xFF, 0xBF, 0x5A, 0x60, 0xAA, 0x00, 0xFA, 0x03, 0xFF, 0x83, 0x05, 0xF7,
    0xAF, 0xFA, 0x03, 0xFF, 0x81, 0xBF, 0xCA, 0x1E, 0xFF, 0x80, 0x0F, 0x27, 0xFF, 0x80, 0xAB, 0x02,
    0xAA, 0x80, 0xFC, 0x03, 0xFF, 0x80, 0x4F, 0x02, 0x20, 0x80, 0x80, 0x03, 0xFF, 0x81, 0xAA, 0x04,
    0x02, 0x02, 0x80, 0xF8, 0x02, 0xFF, 0x81, 0x3F, 0x90, 0x02, 0xAA, 0x80, 0xCA, 0x03, 0xFF, 0x81,
    0x03, 0xF9, 0x05, 0xFF, 0x81, 0x3F, 0x90, 0x06, 0xFF, 0x8C, 0x03, 0xA9, 0xAA, 0xFD, 0xAB, 0xFC,
    0xFF, 0xAF, 0x4A, 0x20, 0x80, 0x5F, 0x70, 0x02, 0xFF, 0x8C, 0xAA, 0x04, 0x02, 0xF8, 0x05, 0xF7,
    0xFF, 0x3F, 0x90, 0xAA, 0xDA, 0x5F, 0x70, 0x02, 0xFF, 0x8C, 0x03, 0xF9, 0xFF, 0xAB, 0x05, 0xF7,
    0xFF, 0x3F, 0x90, 0xFF, 0x5F, 0x70, 0xCA, 0x02, 0xFF, 0x8C, 0x03, 0xA9, 0xAA, 0x05, 0xA7, 0xFC,
    0xFF, 0xAF, 0x4A, 0x20, 0x80, 0x5A, 0x70, 0x03, 0xFF, 0x84, 0x04, 0x02, 0xF8, 0x05, 0xF7, 0x02,
    0xFF, 0x84, 0xBF, 0xAA, 0xDA, 0xBF, 0xCA, 0x1F, 0xFF, 0x80, 0x0F, 0x28, 0xFF, 0x81, 0xAB, 0xFD,
    0x05, 0xFF, 0x81, 0x4F, 0x80, 0x06, 0xFF, 0x81, 0x04, 0xF8, 0x05, 0xFF, 0x81, 0x4F, 0x80, 0x06,
    0xFF, 0x81, 0x04, 0xF8, 0x05, 0xFF, 0x81, 0x4F, 0x80, 0x06, 0xFF, 0x81, 0x04, 0xF8, 0x05, 0xFF,
    0x81, 0xBF, 0xDA, 0x5D, 0xFF, 0x80, 0x0F, 0x29, 0xFF, 0x81, 0xAB, 0xFC, 0x05, 0xFF, 0x81, 0x5F,
    0x80, 0x05, 0xFF, 0x82, 0xAB, 0x05, 0xF8, 0x04, 0xFF, 0x82, 0x4F, 0x80, 0xCA, 0x05, 0xFF, 0x81,
    0x04, 0xF8, 0x05, 0xFF, 0x81, 0x4F, 0x80, 0x06, 0xFF, 0x81, 0x04, 0xF8, 0x05, 0xFF, 0x81, 0x4F,
    0x80, 0x06, 0xFF, 0x81, 0x04, 0xF8, 0x05, 0xFF, 0x81, 0x4F, 0x80, 0x06, 0xFF, 0x81, 0x04, 0xF8,
    0x05, 0xFF, 0x81, 0x4F, 0x80, 0x06, 0xFF, 0x81, 0x04, 0xF8, 0x05, 0xFF, 0x81, 0x4F, 0x80, 0x06,
    0xFF, 0x81, 0x04, 0xF8, 0x05, 0xFF, 0x81, 0x4F, 0x80, 0x06, 0xFF, 0x82, 0x04, 0xA8, 0xFC, 0x04,
    0xFF, 0x82, 0xBF, 0x5A, 0x80, 0x06, 0xFF, 0x81, 0x05, 0xF8, 0x05, 0xFF, 0x81, 0xBF, 0xCA, 0x02,
    0xFF, 0x80, 0x0F, 0x27, 0xFF, 0x81, 0xAB, 0xFD, 0x05, 0xFF, 0x81, 0x4F, 0x90, 0x06, 0xFF, 0x82,
    0x04, 0xA9, 0xFD, 0x04, 0xFF, 0x82, 0xBF, 0x4A, 0x80, 0x06, 0xFF, 0x81, 0x04, 0xF8, 0x05, 0xFF,
    0x81, 0x4F, 0x80, 0x06, 0xFF, 0x81, 0x04, 0xF8, 0x05, 0xFF, 0x81, 0x4F, 0x80, 0x06, 0xFF, 0x81,
    0x04, 0xF8, 0x05, 0xFF, 0x81, 0x4F, 0x80, 0x06, 0xFF, 0x81, 0x04, 0xF8, 0x05, 0xFF, 0x81, 0x4F,
    0x80, 0x06, 0xFF, 0x81, 0x04, 0xF8, 0x05, 0xFF, 0x81, 0x4F, 0x80, 0x06, 0xFF, 0x81, 0x04, 0xF8,
    0x05, 0xFF, 0x81, 0x4F, 0x80, 0x05, 0xFF, 0x82, 0xAB, 0x04, 0xF8, 0x04, 0xFF, 0x82, 0x4F, 0x90,
    0xDA, 0x05, 0xFF, 0x81, 0x04, 0xF9, 0x05, 0xFF, 0x81, 0xBF, 0xDA, 0x04, 0xFF, 0x80, 0x0F, 0x27,
    0xFF, 0x83, 0xAB, 0xFD, 0xAB, 0xFC, 0x03, 0xFF, 0x83, 0x4F, 0x90, 0x5F, 0x80, 0x04, 0xFF, 0x83,
    0x04, 0xA9, 0x05, 0xF8, 0x03, 0xFF, 0x83, 0xBF, 0x4A, 0x80, 0xCA, 0x04, 0xFF, 0x83, 0xAB, 0x04,
    0xA8, 0xFC, 0x03, 0xFF, 0x83, 0x4F, 0x90, 0x5A, 0x80, 0x04, 0xFF, 0x83, 0x04, 0xF9, 0x05, 0xF8,
    0x03, 0xFF, 0x83, 0xBF, 0xDA, 0xBF, 0xCA, 0x5C, 0xFF, 0x80, 0x0F, 0x46, 0xFF, 0x81, 0xAB, 0xFD,
    0x05, 0xFF, 0x81, 0x4F, 0x80, 0x06, 0xFF, 0x81, 0x04, 0xF8, 0x05, 0xFF, 0x81, 0x4F, 0x80, 0x04,
    0xFF, 0x02, 0xAA, 0x85, 0x04, 0xA8, 0xAA, 0xFC, 0xFF, 0x3F, 0x04, 0x20, 0x80, 0x70, 0x02, 0xFF,
    0x80, 0x03, 0x04, 0x02, 0x87, 0xF7, 0xFF, 0xAF, 0xAA, 0x4A, 0x80, 0xAA, 0xCA, 0x04, 0xFF, 0x81,
    0x04, 0xF8, 0x05, 0xFF, 0x81, 0x4F, 0x80, 0x06, 0xFF, 0x81, 0x04, 0xF8, 0x05, 0xFF, 0x81, 0xBF,
    0xDA, 0x21, 0xFF, 0x80, 0x0F, 0x73, 0xFF, 0x81, 0xAB, 0xFD, 0x05, 0xFF, 0x81, 0x4F, 0x80, 0x06,
    0xFF, 0x81, 0x04, 0xF8, 0x05, 0xFF, 0x81, 0x4F, 0x80, 0x05, 0xFF, 0x82, 0xAB, 0x04, 0xF8, 0x04,
    0xFF, 0x82, 0x4F, 0x90, 0xDA, 0x05, 0xFF, 0x81, 0x04, 0xF9, 0x05, 0xFF, 0x81, 0xBF, 0xDA, 0x13,
    0xFF, 0x80, 0x0F, 0x63, 0xFF, 0x80, 0xAB, 0x02, 0xAA, 0x80, 0xFC, 0x03, 0xFF, 0x80, 0x4F, 0x02,
    0x20, 0x80, 0x80, 0x04, 0xFF, 0x80, 0x04, 0x02, 0x02, 0x80, 0xF8, 0x03, 0xFF, 0x80, 0xBF, 0x02,
    0xAA, 0x80, 0xCA, 0x3E, 0xFF, 0x80, 0x0F, 0x73, 0xFF, 0x81, 0xAB, 0xFD, 0x05, 0xFF, 0x81, 0x4F,
    0x80, 0x06, 0xFF, 0x81, 0x04, 0xF8, 0x05, 0xFF, 0x81, 0x4F, 0x80, 0x06, 0xFF, 0x81, 0x04, 0xF8,
    0x05, 0xFF, 0x81, 0xBF, 0xDA, 0x21, 0xFF, 0x80, 0x0F, 0x13, 0xFF, 0x81, 0xBF, 0xCA, 0x06, 0xFF,
    0x81, 0x05, 0xF7, 0x05, 0xFF, 0x81, 0x5F, 0x70, 0x06, 0xFF, 0x81, 0xAA, 0xFB, 0x05, 0xFF, 0x81,
    0x5F, 0x70, 0x05, 0xFF, 0x82, 0xAB, 0x05, 0xF7, 0x04, 0xFF, 0x82, 0x5F, 0x70, 0xCA, 0x05, 0xFF,
    0x81, 0x05, 0xF8, 0x05, 0xFF, 0x81, 0x5F, 0x80, 0x05, 0xFF, 0x82, 0xAB, 0x05, 0xF8, 0x04, 0xFF,
    0x82, 0x4F, 0x80, 0xCA, 0x05, 0xFF, 0x81, 0x04, 0xF8, 0x05, 0xFF, 0x81, 0x4F, 0x80, 0x05, 0xFF,
    0x82, 0xAB, 0x04, 0xF8, 0x04, 0xFF, 0x82, 0x4F, 0x90, 0xDA, 0x05, 0xFF, 0x81, 0x04, 0xF9, 0x05,
    0xFF, 0x81, 0x4F, 0x90, 0x05, 0xFF, 0x82, 0xAA, 0x04, 0xF9, 0x04, 0xFF, 0x82, 0x3F, 0x90, 0xDA,
    0x05, 0xFF, 0x81, 0x03, 0xF9, 0x05, 0xFF, 0x81, 0x3F, 0x90, 0x06, 0xFF, 0x81, 0x03, 0xF9, 0x05,
    0xFF, 0x81, 0xAF, 0xDA, 0x05, 0xFF, 0x80, 0x0F, 0x27, 0xFF, 0x80, 0xAB, 0x02, 0xAA, 0x80, 0xFC,
    0x03, 0xFF, 0x80, 0x4F, 0x02, 0x20, 0x80, 0x80, 0x03, 0xFF, 0x81, 0xAA, 0x04, 0x02, 0x02, 0x84,
    0xA7, 0xFC, 0xFF, 0x3F, 0x90, 0x02, 0xAA, 0x81, 0x5A, 0x70, 0x02, 0xFF, 0x81, 0x03, 0xF9, 0x02,
    0xFF, 0x84, 0x05, 0xF7, 0xFF, 0x3F, 0x90, 0x02, 0xFF, 0x81, 0x5F, 0x70, 0x02, 0xFF, 0x81, 0x03,
    0xF9, 0x02, 0xFF, 0x84, 0x05, 0xF7, 0xFF, 0x3F, 0x90, 0x02, 0xFF, 0x81, 0x5F, 0x70, 0x02, 0xFF,
    0x81, 0x03, 0xF9, 0x02, 0xFF, 0x84, 0x05, 0xF7, 0xFF, 0x3F, 0x90, 0x02, 0xFF, 0x81, 0x5F, 0x70,
    0x02, 0xFF, 0x81, 0x03, 0xF9, 0x02, 0xFF, 0x84, 0x05, 0xF7, 0xFF, 0x3F, 0x90, 0x02, 0xFF, 0x81,
    0x5F, 0x70, 0x02, 0xFF, 0x81, 0x03, 0xA9, 0x02, 0xAA, 0x84, 0x05, 0xF7, 0xFF, 0xAF, 0x4A, 0x02,
    0x20, 0x81, 0x70, 0xCA, 0x03, 0xFF, 0x80, 0x04, 0x02, 0x02, 0x80, 0xF8, 0x03, 0xFF, 0x80, 0xBF,
    0x02, 0xAA, 0x80, 0xCA, 0x20, 0xFF, 0x80, 0x0F, 0x28, 0xFF, 0x81, 0xAB, 0xFD, 0x05, 0xFF, 0x81,
    0x4F, 0x80, 0x04, 0xFF, 0x02, 0xAA, 0x81, 0x04, 0xF8, 0x03, 0xFF, 0x80, 0x3F, 0x02, 0x20, 0x80,
    0x80, 0x04, 0xFF, 0x80, 0x03, 0x02, 0x02, 0x80, 0xF8, 0x03, 0xFF, 0x83, 0xAF, 0xAA, 0x4A, 0x80,
    0x06, 0xFF, 0x81, 0x04, 0xF8, 0x05, 0xFF, 0x81, 0x4F, 0x80, 0x06, 0xFF, 0x81, 0x04, 0xF8, 0x05,
    0xFF, 0x81, 0x4F, 0x80, 0x06, 0xFF, 0x81, 0x04, 0xF8, 0x05, 0xFF, 0x81, 0x4F, 0x80, 0x04, 0xFF,
    0x02, 0xAA, 0x85, 0x04, 0xA8, 0xAA, 0xFC, 0xFF, 0x3F, 0x04, 0x20, 0x80, 0x70, 0x02, 0xFF, 0x80,
    0x03, 0x04, 0x02, 0x82, 0xF7, 0xFF, 0xAF, 0x04, 0xAA, 0x80, 0xCA, 0x1F, 0xFF, 0x80, 0x0F, 0x27,
    0xFF, 0x80, 0xAB, 0x02, 0xAA, 0x80, 0xFC, 0x03, 0xFF, 0x80, 0x4F, 0x02, 0x20, 0x80, 0x80, 0x03,
    0xFF, 0x81, 0xAA, 0x04, 0x02, 0x02, 0x84, 0xA7, 0xFC, 0xFF, 0x3F, 0x90, 0x02, 0xAA, 0x81, 0x5A,
    0x70, 0x02, 0xFF, 0x81, 0x03, 0xF9, 0x02, 0xFF, 0x84, 0x05, 0xF7, 0xFF, 0x3F, 0x90, 0x02, 0xFF,
    0x81, 0x5F, 0x70, 0x02, 0xFF, 0x8C, 0x03, 0xF9, 0xFF, 0xAB, 0x05, 0xF7, 0xFF, 0xAF, 0xDA, 0xFF,
    0x5F, 0x70, 0xCA, 0x04, 0xFF, 0x82, 0xAB, 0x05, 0xF8, 0x04, 0xFF, 0x82, 0x4F, 0x80, 0xCA, 0x04,
    0xFF, 0x82, 0xAB, 0x04, 0xF8, 0x04, 0xFF, 0x82, 0x4F, 0x90, 0xDA, 0x04, 0xFF, 0x82, 0xAA, 0x04,
    0xA8, 0x02, 0xAA, 0x82, 0xFC, 0xFF, 0x3F, 0x02, 0x10, 0x02, 0x20, 0x80, 0x70, 0x02, 0xFF, 0x80,
    0x03, 0x04, 0x02, 0x82, 0xF7, 0xFF, 0xAF, 0x04, 0xAA, 0x80, 0xCA, 0x1F, 0xFF, 0x80, 0x0F, 0x27,
    0xFF, 0x80, 0xAB, 0x02, 0xAA, 0x80, 0xFC, 0x03, 0xFF, 0x80, 0x4F, 0x02, 0x20, 0x80, 0x80, 0x03,
    0xFF, 0x81, 0xAA, 0x04, 0x02, 0x02, 0x84, 0xA7, 0xFC, 0xFF, 0x3F, 0x90, 0x02, 0xAA, 0x81, 0x5A,
    0x70, 0x02, 0xFF, 0x81, 0x03, 0xF9, 0x02, 0xFF, 0x84, 0x05, 0xF7, 0xFF, 0xAF, 0xDA, 0x02, 0xFF,
    0x81, 0x5F, 0x70, 0x03, 0xFF, 0x80, 0xAB, 0x02, 0xAA, 0x81, 0x05, 0xF7, 0x02, 0xFF, 0x80, 0x4F,
    0x02, 0x20, 0x81, 0x70, 0xCA, 0x03, 0xFF, 0x80, 0x04, 0x02, 0x02, 0x81, 0xA7, 0xFC, 0x02, 0xFF,
    0x80, 0xBF, 0x02, 0xAA, 0x81, 0x5A, 0x70, 0x02, 0xFF, 0x81, 0xAA, 0xFD, 0x02, 0xFF, 0x84, 0x05,
    0xF7, 0xFF, 0x3F, 0x90, 0x02, 0xFF, 0x81, 0x5F, 0x70, 0x02, 0xFF, 0x81, 0x03, 0xA9, 0x02, 0xAA,
    0x84, 0x05, 0xF7, 0xFF, 0xAF, 0x4A, 0x02, 0x20, 0x81, 0x70, 0xCA, 0x03, 0xFF, 0x80, 0x04, 0x02,
    0x02, 0x80, 0xF8, 0x03, 0xFF, 0x80, 0xBF, 0x02, 0xAA, 0x80, 0xCA, 0x20, 0xFF, 0x80, 0x0F, 0x28,
    0xFF, 0x81, 0xAB, 0xFD, 0x05, 0xFF, 0x81, 0x4F, 0x80, 0x06, 0xFF, 0x81, 0x04, 0xF8, 0x05, 0xFF,
    0x81, 0x4F, 0x80, 0x05, 0xFF, 0x82, 0xAB, 0x04, 0xF8, 0x04, 0xFF, 0x82, 0x4F, 0x90, 0xDA, 0x05,
    0xFF, 0x81, 0x04, 0xF9, 0x05, 0xFF, 0x81, 0x4F, 0x90, 0x05, 0xFF, 0x84, 0xAA, 0x04, 0xF9, 0xAB,
    0xFC, 0x02, 0xFF, 0x84, 0x3F, 0x90, 0xDA, 0x5F, 0x80, 0x03, 0xFF, 0x89, 0x03, 0xA9, 0xAA, 0x05,
    0xA7, 0xFC, 0xFF, 0x3F, 0x10, 0x20, 0x02, 0x10, 0x80, 0x70, 0x02, 0xFF, 0x80, 0x03, 0x02, 0x02,
    0x02, 0x01, 0x82, 0xF7, 0xFF, 0xAF, 0x02, 0xAA, 0x82, 0x5A, 0x70, 0xCA, 0x05, 0xFF, 0x81, 0x05,
    0xF8, 0x05, 0xFF, 0x81, 0xBF, 0xCA, 0x20, 0xFF, 0x80, 0x0F, 0x26, 0xFF, 0x05, 0xAA, 0x82, 0xFC,
    0xFF, 0x3F, 0x04, 0x20, 0x80, 0x70, 0x02, 0xFF, 0x81, 0x03, 0x01, 0x03, 0x02, 0x83, 0xF7, 0xFF,
    0x3F, 0x90, 0x03, 0xAA, 0x80, 0xCA, 0x02, 0xFF, 0x81, 0x03, 0xF9, 0x05, 0xFF, 0x81, 0x3F, 0x90,
    0x06, 0xFF, 0x81, 0x03, 0xA9, 0x02, 0xAA, 0x80, 0xFC, 0x02, 0xFF, 0x81, 0x3F, 0x10, 0x02, 0x20,
    0x80, 0x80, 0x03, 0xFF, 0x80, 0x03, 0x03, 0x02, 0x83, 0xA7, 0xFC, 0xFF, 0xAF, 0x03, 0xAA, 0x81,
    0x5A, 0x70, 0x02, 0xFF, 0x81, 0xAA, 0xFD, 0x02, 0xFF, 0x84, 0x05, 0xF7, 0xFF, 0x3F, 0x90, 0x02,
    0xFF, 0x81, 0x5F, 0x70, 0x02, 0xFF, 0x81, 0x03, 0xA9, 0x02, 0xAA, 0x84, 0x05, 0xF7, 0xFF, 0xAF,
    0x4A, 0x02, 0x20, 0x81, 0x70, 0xCA, 0x03, 0xFF, 0x80, 0x04, 0x02, 0x02, 0x80, 0xF8, 0x03, 0xFF,
    0x80, 0xBF, 0x02, 0xAA, 0x80, 0xCA, 0x20, 0xFF, 0x80, 0x0F, 0x27, 0xFF, 0x80, 0xAB, 0x02, 0xAA,
    0x80, 0xFC, 0x03, 0xFF, 0x80, 0x4F, 0x02, 0x20, 0x80, 0x80, 0x03, 0xFF, 0x81, 0xAA, 0x04, 0x02,
    0x02, 0x84, 0xA7, 0xFC, 0xFF, 0x3F, 0x90, 0x02, 0xAA, 0x81, 0x5A, 0x70, 0x02, 0xFF, 0x81, 0x03,
    0xF9, 0x02, 0xFF, 0x84, 0x05, 0xF7, 0xFF, 0x3F, 0x90, 0x02, 0xFF, 0x81, 0xBF, 0xCA, 0x02, 0xFF,
    0x81, 0x03, 0xA9, 0x02, 0xAA, 0x80, 0xFC, 0x02, 0xFF, 0x81, 0x3F, 0x10, 0x02, 0x20, 0x80, 0x80,
    0x03, 0xFF, 0x81, 0x03, 0x01, 0x02, 0x02, 0x84, 0xA7, 0xFC, 0xFF, 0x3F, 0x90, 0x02, 0xAA, 0x81,
    0x5A, 0x70, 0x02, 0xFF, 0x81, 0x03, 0xF9, 0x02, 0xFF, 0x84, 0x05, 0xF7, 0xFF, 0x3F, 0x90, 0x02,
    0xFF, 0x81, 0x5F, 0x70, 0x02, 0xFF, 0x81, 0x03, 0xA9, 0x02, 0xAA, 0x84, 0x05, 0xF7, 0xFF, 0xAF,
    0x4A, 0x02, 0x20, 0x81, 0x70, 0xCA, 0x03, 0xFF, 0x80, 0x04, 0x02, 0x02, 0x80, 0xF8, 0x03, 0xFF,
    0x80, 0xBF, 0x02, 0xAA, 0x80, 0xCA, 0x20, 0xFF, 0x80, 0x0F, 0x26, 0xFF, 0x05, 0xAA, 0x82, 0xFC,
    0xFF, 0x3F, 0x04, 0x20, 0x80, 0x70, 0x02, 0xFF, 0x81, 0x03, 0x01, 0x02, 0x02, 0x84, 0x01, 0xF7,
    0xFF, 0x3F, 0x90, 0x02, 0xAA, 0x81, 0x5A, 0x70, 0x02, 0xFF, 0x81, 0x03, 0xF9, 0x02, 0xFF, 0x84,
    0x05, 0xF7, 0xFF, 0x3F, 0x90, 0x02, 0xFF, 0x81, 0x5F, 0x70, 0x02, 0xFF, 0x8C, 0x03, 0xF9, 0xFF,
    0xAB, 0x05, 0xF7, 0xFF, 0xAF, 0xDA, 0xFF, 0x5F, 0x70, 0xCA, 0x05, 0xFF, 0x81, 0x05, 0xF8, 0x05,
    0xFF, 0x81, 0x5F, 0x80, 0x05, 0xFF, 0x82, 0xAB, 0x05, 0xF8, 0x04, 0xFF, 0x82, 0x4F, 0x80, 0xCA,
    0x05, 0xFF, 0x81, 0x04, 0xF8, 0x05, 0xFF, 0x81, 0x4F, 0x80, 0x06, 0xFF, 0x81, 0x04, 0xF8, 0x05,
    0xFF, 0x81, 0xBF, 0xDA, 0x21, 0xFF, 0x80, 0x0F, 0x27, 0xFF, 0x80, 0xAB, 0x02, 0xAA, 0x80, 0xFC,
    0x03, 0xFF, 0x80, 0x4F, 0x02, 0x20, 0x80, 0x80, 0x03, 0xFF, 0x81, 0xAA, 0x04, 0x02, 0x02, 0x84,
    0xA7, 0xFC, 0xFF, 0x3F, 0x90, 0x02, 0xAA, 0x81, 0x5A, 0x70, 0x02, 0xFF, 0x81, 0x03, 0xF9, 0x02,
    0xFF, 0x84, 0x05, 0xF7, 0xFF, 0x3F, 0x90, 0x02, 0xFF, 0x81, 0x5F, 0x70, 0x02, 0xFF, 0x81, 0x03,
    0xA9, 0x02, 0xAA, 0x84, 0x05, 0xF7, 0xFF, 0xAF, 0x4A, 0x02, 0x20, 0x81, 0x70, 0xCA, 0x02, 0xFF,
    0x81, 0xAA, 0x04, 0x02, 0x02, 0x84, 0xA7, 0xFC, 0xFF, 0x3F, 0x90, 0x02, 0xAA, 0x81, 0x5A, 0x70,
    0x02, 0xFF, 0x81, 0x03, 0xF9, 0x02, 0xFF, 0x84, 0x05, 0xF7, 0xFF, 0x3F, 0x90, 0x02, 0xFF, 0x81,
    0x5F, 0x70, 0x02, 0xFF, 0x81, 0x03, 0xA9, 0x02, 0xAA, 0x84, 0x05, 0xF7, 0xFF, 0xAF, 0x4A, 0x02,
    0x20, 0x81, 0x70, 0xCA, 0x03, 0xFF, 0x80, 0x04, 0x02, 0x02, 0x80, 0xF8, 0x03, 0xFF, 0x80, 0xBF,
    0x02, 0xAA, 0x80, 0xCA, 0x20, 0xFF, 0x80, 0x0F, 0x27, 0xFF, 0x80, 0xAB, 0x02, 0xAA, 0x80, 0xFC,
    0x03, 0xFF, 0x80, 0x4F, 0x02, 0x20, 0x80, 0x80, 0x03, 0xFF, 0x81, 0xAA, 0x04, 0x02, 0x02, 0x84,
    0xA7, 0xFC, 0xFF, 0x3F, 0x90, 0x02, 0xAA, 0x81, 0x5A, 0x70, 0x02, 0xFF, 0x81, 0x03, 0xF9, 0x02,
    0xFF, 0x84, 0x05, 0xF7, 0xFF, 0x3F, 0x90, 0x02, 0xFF, 0x81, 0x5F, 0x70, 0x02, 0xFF, 0x81, 0x03,
    0xA9, 0x02, 0xAA, 0x84, 0x05, 0xF7, 0xFF, 0xAF, 0x4A, 0x02, 0x20, 0x81, 0x10, 0x70, 0x03, 0xFF,
    0x80, 0x04, 0x02, 0x02, 0x81, 0x01, 0xF7, 0x02, 0xFF, 0x80, 0xBF, 0x02, 0xAA, 0x81, 0x5A, 0x70,
    0x02, 0xFF, 0x81, 0xAA, 0xFD, 0x02, 0xFF, 0x84, 0x05, 0xF7, 0xFF, 0x3F, 0x90, 0x02, 0xFF, 0x81,
    0x5F, 0x70, 0x02, 0xFF, 0x81, 0x03, 0xA9, 0x02, 0xAA, 0x84, 0x05, 0xF7, 0xFF, 0xAF, 0x4A, 0x02,
    0x20, 0x81, 0x70, 0xCA, 0x03, 0xFF, 0x80, 0x04, 0x02, 0x02, 0x80, 0xF8, 0x03, 0xFF, 0x80, 0xBF,
    0x02, 0xAA, 0x80, 0xCA, 0x20, 0xFF, 0x80, 0x0F, 0x46, 0xFF, 0x81, 0xAB, 0xFD, 0x05, 0xFF, 0x81,
    0x4F, 0x80, 0x06, 0xFF, 0x81, 0x04, 0xF8, 0x05, 0xFF, 0x81, 0x4F, 0x80, 0x06, 0xFF, 0x81, 0x04,
    0xF8, 0x05, 0xFF, 0x81, 0xBF, 0xDA, 0x06, 0xFF, 0x81, 0xAB, 0xFD, 0x05, 0xFF, 0x81, 0x4F, 0x80,
    0x06, 0xFF, 0x81, 0x04, 0xF8, 0x05, 0xFF, 0x81, 0x4F, 0x80, 0x06, 0xFF, 0x81, 0x04, 0xF8, 0x05,
    0xFF, 0x81, 0xBF, 0xDA, 0x21, 0xFF, 0x80, 0x0F, 0x46, 0xFF, 0x81, 0xAB, 0xFD, 0x05, 0xFF, 0x81,
    0x4F, 0x80, 0x06, 0xFF, 0x81, 0x04, 0xF8, 0x05, 0xFF, 0x81, 0x4F, 0x80, 0x06, 0xFF, 0x81, 0x04,
    0xF8, 0x05, 0xFF, 0x81, 0xBF, 0xDA, 0x06, 0xFF, 0x81, 0xAB, 0xFD, 0x05, 0xFF, 0x81, 0x4F, 0x80,
    0x06, 0xFF, 0x81, 0x04, 0xF8, 0x05, 0xFF, 0x81, 0x4F, 0x80, 0x05, 0xFF, 0x82, 0xAB, 0x04, 0xF8,
    0x04, 0xFF, 0x82, 0x4F, 0x90, 0xDA, 0x05, 0xFF, 0x81, 0x04, 0xF9, 0x05, 0xFF, 0x81, 0xBF, 0xDA,
    0x13, 0xFF, 0x80, 0x0F, 0x47, 0xFF, 0x82, 0xAB, 0xAA, 0xFC, 0x04, 0xFF, 0x82, 0x5F, 0x20, 0x70,
    0x03, 0xFF, 0x84, 0xAB, 0xAA, 0x05, 0x02, 0xF7, 0x02, 0xFF, 0x84, 0x4F, 0x20, 0x80, 0xAA, 0xCA,
    0x02, 0xFF, 0x83, 0xAA, 0x04, 0x02, 0xF8, 0x03, 0xFF, 0x83, 0x3F, 0x90, 0xAA, 0xDA, 0x04, 0xFF,
    0x83, 0x03, 0xA9, 0xAA, 0xFD, 0x03, 0xFF, 0x83, 0xAF, 0x4A, 0x20, 0x80, 0x05, 0xFF, 0x84, 0x04,
    0x02, 0xA8, 0xAA, 0xFC, 0x02, 0xFF, 0x84, 0xBF, 0xAA, 0x5A, 0x20, 0x70, 0x05, 0xFF, 0x82, 0x05,
    0x02, 0xF7, 0x04, 0xFF, 0x82, 0xBF, 0xAA, 0xCA, 0x1F, 0xFF, 0x80, 0x0F, 0x53, 0xFF, 0x05, 0xAA,
    0x82, 0xFC, 0xFF, 0x3F, 0x04, 0x20, 0x80, 0x70, 0x02, 0xFF, 0x80, 0x03, 0x04, 0x02, 0x82, 0xF7,
    0xFF, 0xAF, 0x04, 0xAA, 0x80, 0xCA, 0x02, 0xFF, 0x05, 0xAA, 0x82, 0xFC, 0xFF, 0x3F, 0x04, 0x20,
    0x80, 0x70, 0x02, 0xFF, 0x80, 0x03, 0x04, 0x02, 0x82, 0xF7, 0xFF, 0xAF, 0x04, 0xAA, 0x80, 0xCA,
    0x2E, 0xFF, 0x80, 0x0F, 0x44, 0xFF, 0x02, 0xAA, 0x80, 0xFD, 0x04, 0xFF, 0x82, 0x3F, 0x20, 0x90,
    0x05, 0xFF, 0x84, 0x03, 0x02, 0xA9, 0xAA, 0xFC, 0x02, 0xFF, 0x84, 0xAF, 0xAA, 0x4A, 0x20, 0x80,
    0x05, 0xFF, 0x83, 0x04, 0x02, 0xA7, 0xFC, 0x03, 0xFF, 0x83, 0xBF, 0xAA, 0x5A, 0x70, 0x04, 0xFF,
    0x83, 0xAB, 0xAA, 0x05, 0xF7, 0x03, 0xFF, 0x83, 0x4F, 0x20, 0x70, 0xCA, 0x02, 0xFF, 0x02, 0xAA,
    0x82, 0x04, 0x02, 0xF8, 0x02, 0xFF, 0x84, 0x3F, 0x20, 0x90, 0xAA, 0xCA, 0x03, 0xFF, 0x82, 0x03,
    0x02, 0xF9, 0x04, 0xFF, 0x82, 0xAF, 0xAA, 0xDA, 0x22, 0xFF, 0x80, 0x0F, 0x27, 0xFF, 0x80, 0xAB,
    0x02, 0xAA, 0x80, 0xFC, 0x03, 0xFF, 0x80, 0x4F, 0x02, 0x20, 0x80, 0x80, 0x03, 0xFF, 0x81, 0xAA,
    0x04, 0x02, 0x02, 0x84, 0xA7, 0xFC, 0xFF, 0x3F, 0x90, 0x02, 0xAA, 0x81, 0x5A, 0x70, 0x02, 0xFF,
    0x81, 0x03, 0xF9, 0x02, 0xFF, 0x84, 0x05, 0xF7, 0xFF, 0x3F, 0x90, 0x02, 0xFF, 0x81, 0x5F, 0x70,
    0x02, 0xFF, 0x8C, 0x03, 0xF9, 0xFF, 0xAB, 0x05, 0xF7, 0xFF, 0xAF, 0xDA, 0xFF, 0x5F, 0x70, 0xCA,
    0x04, 0xFF, 0x82, 0xAB, 0x05, 0xF8, 0x04, 0xFF, 0x82, 0x4F, 0x80, 0xCA, 0x05, 0xFF, 0x81, 0x04,
    0xF8, 0x05, 0xFF, 0x81, 0xBF, 0xDA, 0x06, 0xFF, 0x81, 0xAB, 0xFD, 0x05, 0xFF, 0x81, 0x4F, 0x80,
    0x06, 0xFF, 0x81, 0x04, 0xF8, 0x05, 0xFF, 0x81, 0xBF, 0xDA, 0x21, 0xFF, 0x80, 0x0F, 0x27, 0xFF,
    0x80, 0xAB, 0x02, 0xAA, 0x80, 0xFC, 0x03, 0xFF, 0x80, 0x4F, 0x02, 0x20, 0x80, 0x80, 0x03, 0xFF,
    0x81, 0xAA, 0x04, 0x02, 0x02, 0x84, 0xA7, 0xFC, 0xFF, 0x3F, 0x90, 0x02, 0xAA, 0x81, 0x5A, 0x70,
    0x02, 0xFF, 0x81, 0x03, 0xF9, 0x02, 0xFF, 0x84, 0x05, 0xF7, 0xFF, 0x3F, 0x90, 0x02, 0xFF, 0x81,
    0x5F, 0x70, 0x02, 0xFF, 0x8C, 0x03, 0xF9, 0xAB, 0xFD, 0x05, 0xF7, 0xFF, 0x3F, 0x90, 0x4F, 0x80,
    0x5F, 0x70, 0x02, 0xFF, 0x8C, 0x03, 0xF9, 0x04, 0xF8, 0x05, 0xF7, 0xFF, 0x3F, 0x90, 0x4F, 0x80,
    0x5F, 0x70, 0x02, 0xFF, 0x8C, 0x03, 0xF9, 0x04, 0xF8, 0x05, 0xF7, 0xFF, 0x3F, 0x90, 0x4F, 0x80,
    0x5F, 0x70, 0x02, 0xFF, 0x8C, 0x03, 0xF9, 0x04, 0xA8, 0x05, 0xF7, 0xFF, 0x3F, 0x90, 0xBF, 0x5A,
    0x70, 0xCA, 0x02, 0xFF, 0x84, 0x03, 0xF9, 0xFF, 0x05, 0xF8, 0x02, 0xFF, 0x84, 0x3F, 0x90, 0xFF,
    0xBF, 0xCA, 0x03, 0xFF, 0x81, 0x03, 0xA9, 0x02, 0xAA, 0x80, 0xFC, 0x02, 0xFF, 0x81, 0xAF, 0x4A,
    0x02, 0x20, 0x80, 0x80, 0x04, 0xFF, 0x80, 0x04, 0x02, 0x02, 0x80, 0xF8, 0x03, 0xFF, 0x80, 0xBF,
    0x02, 0xAA, 0x80, 0xCA, 0x02, 0xFF, 0x80, 0x0F, 0x27, 0xFF, 0x80, 0xAB, 0x02, 0xAA, 0x80, 0xFC,
    0x03, 0xFF, 0x80, 0x4F, 0x02, 0x20, 0x80, 0x80, 0x03, 0xFF, 0x81, 0xAA, 0x04, 0x02, 0x02, 0x84,
    0xA7, 0xFC, 0xFF, 0x3F, 0x90, 0x02, 0xAA, 0x81, 0x5A, 0x70, 0x02, 0xFF, 0x81, 0x03, 0xF9, 0x02,
    0xFF, 0x84, 0x05, 0xF7, 0xFF, 0x3F, 0x90, 0x02, 0xFF, 0x81, 0x5F, 0x70, 0x02, 0xFF, 0x81, 0x03,
    0xF9, 0x02, 0xFF, 0x84, 0x05, 0xF7, 0xFF, 0x3F, 0x90, 0x02, 0xFF, 0x81, 0x5F, 0x70, 0x02, 0xFF,
    0x81, 0x03, 0xA9, 0x02, 0xAA, 0x84, 0x05, 0xF7, 0xFF, 0x3F, 0x10, 0x02, 0x20, 0x81, 0x10, 0x70,
    0x02, 0xFF, 0x81, 0x03, 0x01, 0x02, 0x02, 0x84, 0x01, 0xF7, 0xFF, 0x3F, 0x90, 0x02, 0xAA, 0x81,
    0x5A, 0x70, 0x02, 0xFF, 0x81, 0x03, 0xF9, 0x02, 0xFF, 0x84, 0x05, 0xF7, 0xFF, 0x3F, 0x90, 0x02,
    0xFF, 0x81, 0x5F, 0x70, 0x02, 0xFF, 0x81, 0x03, 0xF9, 0x02, 0xFF, 0x84, 0x05, 0xF7, 0xFF, 0xAF,
    0xDA, 0x02, 0xFF, 0x81, 0xBF, 0xCA, 0x1F, 0xFF, 0x80, 0x0F, 0x26, 0xFF, 0x04, 0xAA, 0x80, 0xFC,
    0x02, 0xFF, 0x80, 0x3F, 0x03, 0x20, 0x80, 0x80, 0x03, 0xFF, 0x81, 0x03, 0x01, 0x02, 0x02, 0x84,
    0xA7, 0xFC, 0xFF, 0x3F, 0x90, 0x02, 0xAA, 0x81, 0x5A, 0x70, 0x02, 0xFF, 0x81, 0x03, 0xF9, 0x02,
    0xFF, 0x84, 0x05, 0xF7, 0xFF, 0x3F, 0x90, 0x02, 0xFF, 0x81, 0x5F, 0x70, 0x02, 0xFF, 0x81, 0x03,
    0xA9, 0x02, 0xAA, 0x84, 0x05, 0xF7, 0xFF, 0x3F, 0x10, 0x02, 0x20, 0x81, 0x70, 0xCA, 0x02, 0xFF,
    0x81, 0x03, 0x01, 0x02, 0x02, 0x84, 0xA7, 0xFC, 0xFF, 0x3F, 0x90, 0x02, 0xAA, 0x81, 0x5A, 0x70,
    0x02, 0xFF, 0x81, 0x03, 0xF9, 0x02, 0xFF, 0x84, 0x05, 0xF7, 0xFF, 0x3F, 0x90, 0x02, 0xFF, 0x81,
    0x5F, 0x70, 0x02, 0xFF, 0x81, 0x03, 0xA9, 0x02, 0xAA, 0x84, 0x05, 0xF7, 0xFF, 0x3F, 0x10, 0x02,
    0x20, 0x81, 0x70, 0xCA, 0x02, 0xFF, 0x80, 0x03, 0x03, 0x02, 0x80, 0xF8, 0x02, 0xFF, 0x80, 0xAF,
    0x03, 0xAA, 0x80, 0xCA, 0x20, 0xFF, 0x80, 0x0F, 0x27, 0xFF, 0x80, 0xAB, 0x02, 0xAA, 0x80, 0xFC,
    0x03, 0xFF, 0x80, 0x4F, 0x02, 0x20, 0x80, 0x80, 0x03, 0xFF, 0x81, 0xAA, 0x04, 0x02, 0x02, 0x84,
    0xA7, 0xFC, 0xFF, 0x3F, 0x90, 0x02, 0xAA, 0x81, 0x5A, 0x70, 0x02, 0xFF, 0x81, 0x03, 0xF9, 0x02,
    0xFF, 0x84, 0x05, 0xF7, 0xFF, 0x3F, 0x90, 0x02, 0xFF, 0x81, 0xBF, 0xCA, 0x02, 0xFF, 0x81, 0x03,
    0xF9, 0x05, 0xFF, 0x81, 0x3F, 0x90, 0x06, 0xFF, 0x81, 0x03, 0xF9, 0x05, 0xFF, 0x81, 0x3F, 0x90,
    0x06, 0xFF, 0x81, 0x03, 0xF9, 0x02, 0xFF, 0x84, 0xAB, 0xFC, 0xFF, 0x3F, 0x90, 0x02, 0xFF, 0x81,
    0x5F, 0x70, 0x02, 0xFF, 0x81, 0x03, 0xA9, 0x02, 0xAA, 0x84, 0x05, 0xF7, 0xFF, 0xAF, 0x4A, 0x02,
    0x20, 0x81, 0x70, 0xCA, 0x03, 0xFF, 0x80, 0x04, 0x02, 0x02, 0x80, 0xF8, 0x03, 0xFF, 0x80, 0xBF,
    0x02, 0xAA, 0x80, 0xCA, 0x20, 0xFF, 0x80, 0x0F, 0x26, 0xFF, 0x04, 0xAA, 0x80, 0xFC, 0x02, 0xFF,
    0x80, 0x3F, 0x03, 0x20, 0x80, 0x80, 0x03, 0xFF, 0x81, 0x03, 0x01, 0x02, 0x02, 0x84, 0xA7, 0xFC,
    0xFF, 0x3F, 0x90, 0x02, 0xAA, 0x81, 0x5A, 0x70, 0x02, 0xFF, 0x81, 0x03, 0xF9, 0x02, 0xFF, 0x84,
    0x05, 0xF7, 0xFF, 0x3F, 0x90, 0x02, 0xFF, 0x81, 0x5F, 0x70, 0x02, 0xFF, 0x81, 0x03, 0xF9, 0x02,
    0xFF, 0x84, 0x05, 0xF7, 0xFF, 0x3F, 0x90, 0x02, 0xFF, 0x81, 0x5F, 0x70, 0x02, 0xFF, 0x81, 0x03,
    0xF9, 0x02, 0xFF, 0x84, 0x05, 0xF7, 0xFF, 0x3F, 0x90, 0x02, 0xFF, 0x81, 0x5F, 0x70, 0x02, 0xFF,
    0x81, 0x03, 0xF9, 0x02, 0xFF, 0x84, 0x05, 0xF7, 0xFF, 0x3F, 0x90, 0x02, 0xFF, 0x81, 0x5F, 0x70,
    0x02, 0xFF, 0x81, 0x03, 0xA9, 0x02, 0xAA, 0x84, 0x05, 0xF7, 0xFF, 0x3F, 0x10, 0x02, 0x20, 0x81,
    0x70, 0xCA, 0x02, 0xFF, 0x80, 0x03, 0x03, 0x02, 0x80, 0xF8, 0x02, 0xFF, 0x80, 0xAF, 0x03, 0xAA,
    0x80, 0xCA, 0x20, 0xFF, 0x80, 0x0F, 0x26, 0xFF, 0x05, 0xAA, 0x82, 0xFC, 0xFF, 0x3F, 0x04, 0x20,
    0x80, 0x70, 0x02, 0xFF, 0x81, 0x03, 0x01, 0x03, 0x02, 0x83, 0xF7, 0xFF, 0x3F, 0x90, 0x03, 0xAA,
    0x80, 0xCA, 0x02, 0xFF, 0x81, 0x03, 0xF9, 0x05, 0xFF, 0x81, 0x3F, 0x90, 0x06, 0xFF, 0x81, 0x03,
    0xA9, 0x02, 0xAA, 0x80, 0xFC, 0x02, 0xFF, 0x81, 0x3F, 0x10, 0x02, 0x20, 0x80, 0x80, 0x03, 0xFF,
    0x81, 0x03, 0x01, 0x02, 0x02, 0x80, 0xF8, 0x02, 0xFF, 0x81, 0x3F, 0x90, 0x02, 0xAA, 0x80, 0xCA,
    0x03, 0xFF, 0x81, 0x03, 0xF9, 0x05, 0xFF, 0x81, 0x3F, 0x90, 0x06, 0xFF, 0x81, 0x03, 0xA9, 0x03,
    0xAA, 0x83, 0xFC, 0xFF, 0x3F, 0x10, 0x03, 0x20, 0x80, 0x70, 0x02, 0xFF, 0x80, 0x03, 0x04, 0x02,
    0x82, 0xF7, 0xFF, 0xAF, 0x04, 0xAA, 0x80, 0xCA, 0x1F, 0xFF, 0x80, 0x0F, 0x26, 0xFF, 0x05, 0xAA,
    0x82, 0xFC, 0xFF, 0x3F, 0x04, 0x20, 0x80, 0x70, 0x02, 0xFF, 0x81, 0x03, 0x01, 0x03, 0x02, 0x83,
    0xF7, 0xFF, 0x3F, 0x90, 0x03, 0xAA, 0x80, 0xCA, 0x02, 0xFF, 0x81, 0x03, 0xF9, 0x05, 0xFF, 0x81,
    0x3F, 0x90, 0x06, 0xFF, 0x81, 0x03, 0xA9, 0x02, 0xAA, 0x80, 0xFC, 0x02, 0xFF, 0x81, 0x3F, 0x10,
    0x02, 0x20, 0x80, 0x80, 0x03, 0xFF, 0x81, 0x03, 0x01, 0x02, 0x02, 0x80, 0xF8, 0x02, 0xFF, 0x81,
    0x3F, 0x90, 0x02, 0xAA, 0x80, 0xCA, 0x03, 0xFF, 0x81, 0x03, 0xF9, 0x05, 0xFF, 0x81, 0x3F, 0x90,
    0x06, 0xFF, 0x81, 0x03, 0xF9, 0x05, 0xFF, 0x81, 0x3F, 0x90, 0x06, 0xFF, 0x81, 0x03, 0xF9, 0x05,
    0xFF, 0x81, 0xAF, 0xDA, 0x23, 0xFF, 0x80, 0x0F, 0x27, 0xFF, 0x80, 0xAB, 0x02, 0xAA, 0x80, 0xFC,
    0x03, 0xFF, 0x80, 0x4F, 0x02, 0x20, 0x80, 0x80, 0x03, 0xFF, 0x81, 0xAA, 0x04, 0x02, 0x02, 0x84,
    0xA7, 0xFC, 0xFF, 0x3F, 0x90, 0x02, 0xAA, 0x81, 0x5A, 0x70, 0x02, 0xFF, 0x81, 0x03, 0xF9, 0x02,
    0xFF, 0x84, 0x05, 0xF7, 0xFF, 0x3F, 0x90, 0x02, 0xFF, 0x81, 0xBF, 0xCA, 0x02, 0xFF, 0x82, 0x03,
    0xF9, 0xAB, 0x02, 0xAA, 0x84, 0xFC, 0xFF, 0x3F, 0x90, 0x4F, 0x02, 0x20, 0x80, 0x70, 0x02, 0xFF,
    0x8C, 0x03, 0xF9, 0x04, 0x02, 0x01, 0xF7, 0xFF, 0x3F, 0x90, 0xBF, 0xAA, 0x5A, 0x70, 0x02, 0xFF,
    0x81, 0x03, 0xF9, 0x02, 0xFF, 0x84, 0x05, 0xF7, 0xFF, 0x3F, 0x90, 0x02, 0xFF, 0x81, 0x5F, 0x70,
    0x02, 0xFF, 0x81, 0x03, 0xA9, 0x02, 0xAA, 0x84, 0x05, 0xF7, 0xFF, 0xAF, 0x4A, 0x02, 0x20, 0x81,
    0x70, 0xCA, 0x03, 0xFF, 0x80, 0x04, 0x02, 0x02, 0x80, 0xF8, 0x03, 0xFF, 0x80, 0xBF, 0x02, 0xAA,
    0x80, 0xCA, 0x20, 0xFF, 0x80, 0x0F, 0x26, 0xFF, 0x81, 0xAA, 0xFD, 0x02, 0xFF, 0x84, 0xAB, 0xFC,
    0xFF, 0x3F, 0x90, 0x02, 0xFF, 0x81, 0x5F, 0x70, 0x02, 0xFF, 0x81, 0x03, 0xF9, 0x02, 0xFF, 0x84,
    0x05, 0xF7, 0xFF, 0x3F, 0x90, 0x02, 0xFF, 0x81, 0x5F, 0x70, 0x02, 0xFF, 0x81, 0x03, 0xF9, 0x02,
    0xFF, 0x84, 0x05, 0xF7, 0xFF, 0x3F, 0x90, 0x02, 0xFF, 0x81, 0x5F, 0x70, 0x02, 0xFF, 0x81, 0x03,
    0xA9, 0x02, 0xAA, 0x84, 0x05, 0xF7, 0xFF, 0x3F, 0x10, 0x02, 0x20, 0x81, 0x10, 0x70, 0x02, 0xFF,
    0x81, 0x03, 0x01, 0x02, 0x02, 0x84, 0x01, 0xF7, 0xFF, 0x3F, 0x90, 0x02, 0xAA, 0x81, 0x5A, 0x70,
    0x02, 0xFF, 0x81, 0x03, 0xF9, 0x02, 0xFF, 0x84, 0x05, 0xF7, 0xFF, 0x3F, 0x90, 0x02, 0xFF, 0x81,
    0x5F, 0x70, 0x02, 0xFF, 0x81, 0x03, 0xF9, 0x02, 0xFF, 0x84, 0x05, 0xF7, 0xFF, 0x3F, 0x90, 0x02,
    0xFF, 0x81, 0x5F, 0x70, 0x02, 0xFF, 0x81, 0x03, 0xF9, 0x02, 0xFF, 0x84, 0x05, 0xF7, 0xFF, 0xAF,
    0xDA, 0x02, 0xFF, 0x81, 0xBF, 0xCA, 0x1F, 0xFF, 0x80, 0x0F, 0x26, 0xFF, 0x05, 0xAA, 0x82, 0xFC,
    0xFF, 0x3F, 0x04, 0x20, 0x80, 0x70, 0x02, 0xFF, 0x80, 0x03, 0x04, 0x02, 0x87, 0xF7, 0xFF, 0xAF,
    0xAA, 0x4A, 0x80, 0xAA, 0xCA, 0x04, 0xFF, 0x81, 0x04, 0xF8, 0x05, 0xFF, 0x81, 0x4F, 0x80, 0x06,
    0xFF, 0x81, 0x04, 0xF8, 0x05, 0xFF, 0x81, 0x4F, 0x80, 0x06, 0xFF, 0x81, 0x04, 0xF8, 0x05, 0xFF,
    0x81, 0x4F, 0x80, 0x06, 0xFF, 0x81, 0x04, 0xF8, 0x05, 0xFF, 0x81, 0x4F, 0x80, 0x04, 0xFF, 0x02,
    0xAA, 0x85, 0x04, 0xA8, 0xAA, 0xFC, 0xFF, 0x3F, 0x04, 0x20, 0x80, 0x70, 0x02, 0xFF, 0x80, 0x03,
    0x04, 0x02, 0x82, 0xF7, 0xFF, 0xAF, 0x04, 0xAA, 0x80, 0xCA, 0x1F, 0xFF, 0x80, 0x0F, 0x27, 0xFF,
    0x80, 0xAB, 0x03, 0xAA, 0x80, 0xFC, 0x02, 0xFF, 0x80, 0x4F, 0x03, 0x20, 0x80, 0x70, 0x03, 0xFF,
    0x80, 0x04, 0x02, 0x02, 0x81, 0x01, 0xF7, 0x02, 0xFF, 0x80, 0xBF, 0x02, 0xAA, 0x81, 0x5A, 0x70,
    0x06, 0xFF, 0x81, 0x05, 0xF7, 0x05, 0xFF, 0x81, 0x5F, 0x70, 0x06, 0xFF, 0x81, 0x05, 0xF7, 0x05,
    0xFF, 0x81, 0x5F, 0x70, 0x02, 0xFF, 0x81, 0xAA, 0xFD, 0x02, 0xFF, 0x84, 0x05, 0xF7, 0xFF, 0x3F,
    0x90, 0x02, 0xFF, 0x81, 0x5F, 0x70, 0x02, 0xFF, 0x81, 0x03, 0xF9, 0x02, 0xFF, 0x84, 0x05, 0xF7,
    0xFF, 0x3F, 0x90, 0x02, 0xFF, 0x81, 0x5F, 0x70, 0x02, 0xFF, 0x81, 0x03, 0xA9, 0x02, 0xAA, 0x84,
    0x05, 0xF7, 0xFF, 0xAF, 0x4A, 0x02, 0x20, 0x81, 0x70, 0xCA, 0x03, 0xFF, 0x80, 0x04, 0x02, 0x02,
    0x80, 0xF8, 0x03, 0xFF, 0x80, 0xBF, 0x02, 0xAA, 0x80, 0xCA, 0x20, 0xFF, 0x80, 0x0F, 0x26, 0xFF,
    0x81, 0xAA, 0xFD, 0x02, 0xFF, 0x84, 0xAB, 0xFC, 0xFF, 0x3F, 0x90, 0x02, 0xFF, 0x81, 0x5F, 0x70,
    0x02, 0xFF, 0x81, 0x03, 0xF9, 0x02, 0xFF, 0x84, 0x05, 0xF7, 0xFF, 0x3F, 0x90, 0x02, 0xFF, 0x81,
    0x5F, 0x70, 0x02, 0xFF, 0x8C, 0x03, 0xF9, 0xFF, 0xAB, 0x05, 0xF7, 0xFF, 0x3F, 0x90, 0xFF, 0x5F,
    0x70, 0xCA, 0x02, 0xFF, 0x84, 0x03, 0xA9, 0xAA, 0x05, 0xF8, 0x02, 0xFF, 0x84, 0x3F, 0x10, 0x20,
    0x80, 0xCA, 0x03, 0xFF, 0x84, 0x03, 0x01, 0x02, 0xA8, 0xFC, 0x02, 0xFF, 0x84, 0x3F, 0x90, 0xAA,
    0x5A, 0x80, 0x03, 0xFF, 0x8C, 0x03, 0xF9, 0xFF, 0x05, 0xA7, 0xFC, 0xFF, 0x3F, 0x90, 0xFF, 0xBF,
    0x5A, 0x70, 0x02, 0xFF, 0x81, 0x03, 0xF9, 0x02, 0xFF, 0x84, 0x05, 0xF7, 0xFF, 0x3F, 0x90, 0x02,
    0xFF, 0x81, 0x5F, 0x70, 0x02, 0xFF, 0x81, 0x03, 0xF9, 0x02, 0xFF, 0x84, 0x05, 0xF7, 0xFF, 0xAF,
    0xDA, 0x02, 0xFF, 0x81, 0xBF, 0xCA, 0x1F, 0xFF, 0x80, 0x0F, 0x26, 0xFF, 0x81, 0xAA, 0xFD, 0x05,
    0xFF, 0x81, 0x3F, 0x90, 0x06, 0xFF, 0x81, 0x03, 0xF9, 0x05, 0xFF, 0x81, 0x3F, 0x90, 0x06, 0xFF,
    0x81, 0x03, 0xF9, 0x05, 0xFF, 0x81, 0x3F, 0x90, 0x06, 0xFF, 0x81, 0x03, 0xF9, 0x05, 0xFF, 0x81,
    0x3F, 0x90, 0x06, 0xFF, 0x81, 0x03, 0xF9, 0x02, 0xFF, 0x84, 0xAB, 0xFC, 0xFF, 0x3F, 0x90, 0x02,
    0xFF, 0x81, 0x5F, 0x70, 0x02, 0xFF, 0x81, 0x03, 0xF9, 0x02, 0xFF, 0x84, 0x05, 0xF7, 0xFF, 0x3F,
    0x90, 0x02, 0xFF, 0x81, 0x5F, 0x70, 0x02, 0xFF, 0x81, 0x03, 0xA9, 0x02, 0xAA, 0x84, 0x05, 0xF7,
    0xFF, 0x3F, 0x10, 0x02, 0x20, 0x81, 0x10, 0x70, 0x02, 0xFF, 0x80, 0x03, 0x04, 0x02, 0x82, 0xF7,
    0xFF, 0xAF, 0x04, 0xAA, 0x80, 0xCA, 0x1F, 0xFF, 0x80, 0x0F, 0x26, 0xFF, 0x81, 0xAA, 0xFD, 0x02,
    0xFF, 0x84, 0xAB, 0xFC, 0xFF, 0x3F, 0x90, 0x02, 0xFF, 0x81, 0x5F, 0x70, 0x02, 0xFF, 0x8C, 0x03,
    0xA9, 0xFD, 0xAB, 0x05, 0xF7, 0xFF, 0x3F, 0x10, 0x90, 0x5F, 0x10, 0x70, 0x02, 0xFF, 0x8C, 0x03,
    0x01, 0xA9, 0x05, 0x01, 0xF7, 0xFF, 0x3F, 0x90, 0x4A, 0x80, 0x5A, 0x70, 0x02, 0xFF, 0x8C, 0x03,
    0xF9, 0x04, 0xF8, 0x05, 0xF7, 0xFF, 0x3F, 0x90, 0x4F, 0x80, 0x5F, 0x70, 0x02, 0xFF, 0x8C, 0x03,
    0xF9, 0x04, 0xF8, 0x05, 0xF7, 0xFF, 0x3F, 0x90, 0xBF, 0xDA, 0x5F, 0x70, 0x02, 0xFF, 0x81, 0x03,
    0xF9, 0x02, 0xFF, 0x84, 0x05, 0xF7, 0xFF, 0x3F, 0x90, 0x02, 0xFF, 0x81, 0x5F, 0x70, 0x02, 0xFF,
    0x81, 0x03, 0xF9, 0x02, 0xFF, 0x84, 0x05, 0xF7, 0xFF, 0x3F, 0x90, 0x02, 0xFF, 0x81, 0x5F, 0x70,
    0x02, 0xFF, 0x81, 0x03, 0xF9, 0x02, 0xFF, 0x84, 0x05, 0xF7, 0xFF, 0xAF, 0xDA, 0x02, 0xFF, 0x81,
    0xBF, 0xCA, 0x1F, 0xFF, 0x80, 0x0F, 0x26, 0xFF, 0x81, 0xAA, 0xFD, 0x02, 0xFF, 0x84, 0xAB, 0xFC,
    0xFF, 0x3F, 0x90, 0x02, 0xFF, 0x81, 0x5F, 0x70, 0x02, 0xFF, 0x81, 0x03, 0xF9, 0x02, 0xFF, 0x84,
    0x05, 0xF7, 0xFF, 0x3F, 0x90, 0x02, 0xFF, 0x81, 0x5F, 0x70, 0x02, 0xFF, 0x8C, 0x03, 0xA9, 0xFD,
    0xFF, 0x05, 0xF7, 0xFF, 0x3F, 0x10, 0x90, 0xFF, 0x5F, 0x70, 0x02, 0xFF, 0x8C, 0x03, 0x01, 0xA9,
    0xFD, 0x05, 0xF7, 0xFF, 0x3F, 0x90, 0x4A, 0x80, 0x5F, 0x70, 0x02, 0xFF, 0x8C, 0x03, 0xF9, 0x04,
    0xA8, 0x05, 0xF7, 0xFF, 0x3F, 0x90, 0xBF, 0x5A, 0x10, 0x70, 0x02, 0xFF, 0x8C, 0x03, 0xF9, 0xFF,
    0x05, 0x01, 0xF7, 0xFF, 0x3F, 0x90, 0xFF, 0xBF, 0x5A, 0x70, 0x02, 0xFF, 0x81, 0x03, 0xF9, 0x02,
    0xFF, 0x84, 0x05, 0xF7, 0xFF, 0x3F, 0x90, 0x02, 0xFF, 0x81, 0x5F, 0x70, 0x02, 0xFF, 0x81, 0x03,
    0xF9, 0x02, 0xFF, 0x84, 0x05, 0xF7, 0xFF, 0xAF, 0xDA, 0x02, 0xFF, 0x81, 0xBF, 0xCA, 0x1F, 0xFF,
    0x80, 0x0F, 0x27, 0xFF, 0x80, 0xAB, 0x02, 0xAA, 0x80, 0xFC, 0x03, 0xFF, 0x80, 0x4F, 0x02, 0x20,
    0x80, 0x80, 0x03, 0xFF, 0x81, 0xAA, 0x04, 0x02, 0x02, 0x84, 0xA7, 0xFC, 0xFF, 0x3F, 0x90, 0x02,
    0xAA, 0x81, 0x5A, 0x70, 0x02, 0xFF, 0x81, 0x03, 0xF9, 0x02, 0xFF, 0x84, 0x05, 0xF7, 0xFF, 0x3F,
    0x90, 0x02, 0xFF, 0x81, 0x5F, 0x70, 0x02, 0xFF, 0x81, 0x03, 0xF9, 0x02, 0xFF, 0x84, 0x05, 0xF7,
    0xFF, 0x3F, 0x90, 0x02, 0xFF, 0x81, 0x5F, 0x70, 0x02, 0xFF, 0x81, 0x03, 0xF9, 0x02, 0xFF, 0x84,
    0x05, 0xF7, 0xFF, 0x3F, 0x90, 0x02, 0xFF, 0x81, 0x5F, 0x70, 0x02, 0xFF, 0x81, 0x03, 0xF9, 0x02,
    0xFF, 0x84, 0x05, 0xF7, 0xFF, 0x3F, 0x90, 0x02, 0xFF, 0x81, 0x5F, 0x70, 0x02, 0xFF, 0x81, 0x03,
    0xA9, 0x02, 0xAA, 0x84, 0x05, 0xF7, 0xFF, 0xAF, 0x4A, 0x02, 0x20, 0x81, 0x70, 0xCA, 0x03, 0xFF,
    0x80, 0x04, 0x02, 0x02, 0x80, 0xF8, 0x03, 0xFF, 0x80, 0xBF, 0x02, 0xAA, 0x80, 0xCA, 0x20, 0xFF,
    0x80, 0x0F, 0x26, 0xFF, 0x04, 0xAA, 0x80, 0xFC, 0x02, 0xFF, 0x80, 0x3F, 0x03, 0x20, 0x80, 0x80,
    0x03, 0xFF, 0x81, 0x03, 0x01, 0x02, 0x02, 0x84, 0xA7, 0xFC, 0xFF, 0x3F, 0x90, 0x02, 0xAA, 0x81,
    0x5A, 0x70, 0x02, 0xFF, 0x81, 0x03, 0xF9, 0x02, 0xFF, 0x84, 0x05, 0xF7, 0xFF, 0x3F, 0x90, 0x02,
    0xFF, 0x81, 0x5F, 0x70, 0x02, 0xFF, 0x81, 0x03, 0xF9, 0x02, 0xFF, 0x84, 0x05, 0xF7, 0xFF, 0x3F,
    0x90, 0x02, 0xFF, 0x81, 0x5F, 0x70, 0x02, 0xFF, 0x81, 0x03, 0xA9, 0x02, 0xAA, 0x84, 0x05, 0xF7,
    0xFF, 0x3F, 0x10, 0x02, 0x20, 0x81, 0x70, 0xCA, 0x02, 0xFF, 0x81, 0x03, 0x01, 0x02, 0x02, 0x80,
    0xF8, 0x02, 0xFF, 0x81, 0x3F, 0x90, 0x02, 0xAA, 0x80, 0xCA, 0x03, 0xFF, 0x81, 0x03, 0xF9, 0x05,
    0xFF, 0x81, 0x3F, 0x90, 0x06, 0xFF, 0x81, 0x03, 0xF9, 0x05, 0xFF, 0x81, 0xAF, 0xDA, 0x23, 0xFF,
    0x80, 0x0F, 0x27, 0xFF, 0x80, 0xAB, 0x02, 0xAA, 0x80, 0xFC, 0x03, 0xFF, 0x80, 0x4F, 0x02, 0x20,
    0x80, 0x80, 0x03, 0xFF, 0x81, 0xAA, 0x04, 0x02, 0x02, 0x84, 0xA7, 0xFC, 0xFF, 0x3F, 0x90, 0x02,
    0xAA, 0x81, 0x5A, 0x70, 0x02, 0xFF, 0x81, 0x03, 0xF9, 0x02, 0xFF, 0x84, 0x05, 0xF7, 0xFF, 0x3F,
    0x90, 0x02, 0xFF, 0x81, 0x5F, 0x70, 0x02, 0xFF, 0x81, 0x03, 0xF9, 0x02, 0xFF, 0x84, 0x05, 0xF7,
    0xFF, 0x3F, 0x90, 0x02, 0xFF, 0x81, 0x5F, 0x70, 0x02, 0xFF, 0x8C, 0x03, 0xF9, 0xAB, 0xFD, 0x05,
    0xF7, 0xFF, 0x3F, 0x90, 0x4F, 0x80, 0x5F, 0x70, 0x02, 0xFF, 0x8C, 0x03, 0xF9, 0x04, 0xF8, 0x05,
    0xF7, 0xFF, 0x3F, 0x90, 0x4F, 0x80, 0x5F, 0x70, 0x02, 0xFF, 0x88, 0x03, 0xA9, 0x04, 0xA8, 0x05,
    0xF7, 0xFF, 0xAF, 0x4A, 0x02, 0x20, 0x81, 0x70, 0xCA, 0x03, 0xFF, 0x80, 0x04, 0x02, 0x02, 0x80,
    0xF8, 0x03, 0xFF, 0x83, 0xBF, 0x4A, 0x80, 0xCA, 0x05, 0xFF, 0x81, 0x04, 0xF8, 0x05, 0xFF, 0x81,
    0xBF, 0xDA, 0x12, 0xFF, 0x80, 0x0F, 0x26, 0xFF, 0x04, 0xAA, 0x80, 0xFC, 0x02, 0xFF, 0x80, 0x3F,
    0x03, 0x20, 0x80, 0x80, 0x03, 0xFF, 0x81, 0x03, 0x01, 0x02, 0x02, 0x84, 0xA7, 0xFC, 0xFF, 0x3F,
    0x90, 0x02, 0xAA, 0x81, 0x5A, 0x70, 0x02, 0xFF, 0x81, 0x03, 0xF9, 0x02, 0xFF, 0x84, 0x05, 0xF7,
    0xFF, 0x3F, 0x90, 0x02, 0xFF, 0x81, 0x5F, 0x70, 0x02, 0xFF, 0x81, 0x03, 0xF9, 0x02, 0xFF, 0x84,
    0x05, 0xF7, 0xFF, 0x3F, 0x90, 0x02, 0xFF, 0x81, 0x5F, 0x70, 0x02, 0xFF, 0x81, 0x03, 0xA9, 0x02,
    0xAA, 0x84, 0x05, 0xF7, 0xFF, 0x3F, 0x10, 0x02, 0x20, 0x81, 0x70, 0xCA, 0x02, 0xFF, 0x81, 0x03,
    0x01, 0x02, 0x02, 0x84, 0xA7, 0xFC, 0xFF, 0x3F, 0x90, 0x02, 0xAA, 0x81, 0x5A, 0x70, 0x02, 0xFF,
    0x81, 0x03, 0xF9, 0x02, 0xFF, 0x84, 0x05, 0xF7, 0xFF, 0x3F, 0x90, 0x02, 0xFF, 0x81, 0x5F, 0x70,
    0x02, 0xFF, 0x81, 0x03, 0xF9, 0x02, 0xFF, 0x84, 0x05, 0xF7, 0xFF, 0xAF, 0xDA, 0x02, 0xFF, 0x81,
    0xBF, 0xCA, 0x1F, 0xFF, 0x80, 0x0F, 0x27, 0xFF, 0x80, 0xAB, 0x02, 0xAA, 0x80, 0xFC, 0x03, 0xFF,
    0x80, 0x4F, 0x02, 0x20, 0x80, 0x80, 0x03, 0xFF, 0x81, 0xAA, 0x04, 0x02, 0x02, 0x84, 0xA7, 0xFC,
    0xFF, 0x3F, 0x90, 0x02, 0xAA, 0x81, 0x5A, 0x70, 0x02, 0xFF, 0x81, 0x03, 0xF9, 0x02, 0xFF, 0x84,
    0x05, 0xF7, 0xFF, 0x3F, 0x90, 0x02, 0xFF, 0x81, 0xBF, 0xCA, 0x02, 0xFF, 0x81, 0x03, 0xA9, 0x02,
    0xAA, 0x80, 0xFC, 0x02, 0xFF, 0x81, 0xAF, 0x4A, 0x02, 0x20, 0x80, 0x80, 0x04, 0xFF, 0x80, 0x04,
    0x02, 0x02, 0x81, 0xA7, 0xFC, 0x02, 0xFF, 0x80, 0xBF, 0x02, 0xAA, 0x81, 0x5A, 0x70, 0x02, 0xFF,
    0x81, 0xAA, 0xFD, 0x02, 0xFF, 0x84, 0x05, 0xF7, 0xFF, 0x3F, 0x90, 0x02, 0xFF, 0x81, 0x5F, 0x70,
    0x02, 0xFF, 0x81, 0x03, 0xA9, 0x02, 0xAA, 0x84, 0x05, 0xF7, 0xFF, 0xAF, 0x4A, 0x02, 0x20, 0x81,
    0x70, 0xCA, 0x03, 0xFF, 0x80, 0x04, 0x02, 0x02, 0x80, 0xF8, 0x03, 0xFF, 0x80, 0xBF, 0x02, 0xAA,
    0x80, 0xCA, 0x20, 0xFF, 0x80, 0x0F, 0x26, 0xFF, 0x05, 0xAA, 0x82, 0xFC, 0xFF, 0x3F, 0x04, 0x20,
    0x80, 0x70, 0x02, 0xFF, 0x80, 0x03, 0x04, 0x02, 0x87, 0xF7, 0xFF, 0xAF, 0xAA, 0x4A, 0x80, 0xAA,
    0xCA, 0x04, 0xFF, 0x81, 0x04, 0xF8, 0x05, 0xFF, 0x81, 0x4F, 0x80, 0x06, 0xFF, 0x81, 0x04, 0xF8,
    0x05, 0xFF, 0x81, 0x4F, 0x80, 0x06, 0xFF, 0x81, 0x04, 0xF8, 0x05, 0xFF, 0x81, 0x4F, 0x80, 0x06,
    0xFF, 0x81, 0x04, 0xF8, 0x05, 0xFF, 0x81, 0x4F, 0x80, 0x06, 0xFF, 0x81, 0x04, 0xF8, 0x05, 0xFF,
    0x81, 0x4F, 0x80, 0x06, 0xFF, 0x81, 0x04, 0xF8, 0x05, 0xFF, 0x81, 0xBF, 0xDA, 0x21, 0xFF, 0x80,
    0x0F, 0x26, 0xFF, 0x81, 0xAA, 0xFD, 0x02, 0xFF, 0x84, 0xAB, 0xFC, 0xFF, 0x3F, 0x90, 0x02, 0xFF,
    0x81, 0x5F, 0x70, 0x02, 0xFF, 0x81, 0x03, 0xF9, 0x02, 0xFF, 0x84, 0x05, 0xF7, 0xFF, 0x3F, 0x90,
    0x02, 0xFF, 0x81, 0x5F, 0x70, 0x02, 0xFF, 0x81, 0x03, 0xF9, 0x02, 0xFF, 0x84, 0x05, 0xF7, 0xFF,
    0x3F, 0x90, 0x02, 0xFF, 0x81, 0x5F, 0x70, 0x02, 0xFF, 0x81, 0x03, 0xF9, 0x02, 0xFF, 0x84, 0x05,
    0xF7, 0xFF, 0x3F, 0x90, 0x02, 0xFF, 0x81, 0x5F, 0x70, 0x02, 0xFF, 0x81, 0x03, 0xF9, 0x02, 0xFF,
    0x84, 0x05, 0xF7, 0xFF, 0x3F, 0x90, 0x02, 0xFF, 0x81, 0x5F, 0x70, 0x02, 0xFF, 0x81, 0x03, 0xF9,
    0x02, 0xFF, 0x84, 0x05, 0xF7, 0xFF, 0x3F, 0x90, 0x02, 0xFF, 0x81, 0x5F, 0x70, 0x02, 0xFF, 0x81,
    0x03, 0xA9, 0x02, 0xAA, 0x84, 0x05, 0xF7, 0xFF, 0xAF, 0x4A, 0x02, 0x20, 0x81, 0x70, 0xCA, 0x03,
    0xFF, 0x80, 0x04, 0x02, 0x02, 0x80, 0xF8, 0x03, 0xFF, 0x80, 0xBF, 0x02, 0xAA, 0x80, 0xCA, 0x20,
    0xFF, 0x80, 0x0F, 0x26, 0xFF, 0x81, 0xAA, 0xFD, 0x02, 0xFF, 0x84, 0xAB, 0xFC, 0xFF, 0x3F, 0x90,
    0x02, 0xFF, 0x81, 0x5F, 0x70, 0x02, 0xFF, 0x81, 0x03, 0xF9, 0x02, 0xFF, 0x84, 0x05, 0xF7, 0xFF,
    0x3F, 0x90, 0x02, 0xFF, 0x81, 0x5F, 0x70, 0x02, 0xFF, 0x81, 0x03, 0xF9, 0x02, 0xFF, 0x84, 0x05,
    0xF7, 0xFF, 0x3F, 0x90, 0x02, 0xFF, 0x81, 0x5F, 0x70, 0x02, 0xFF, 0x81, 0x03, 0xF9, 0x02, 0xFF,
    0x84, 0x05, 0xF7, 0xFF, 0x3F, 0x90, 0x02, 0xFF, 0x81, 0x5F, 0x70, 0x02, 0xFF, 0x81, 0x03, 0xF9,
    0x02, 0xFF, 0x84, 0x05, 0xF7, 0xFF, 0x3F, 0x90, 0x02, 0xFF, 0x81, 0x5F, 0x70, 0x02, 0xFF, 0x8C,
    0x03, 0xA9, 0xFD, 0xAB, 0x05, 0xF7, 0xFF, 0xAF, 0x4A, 0x90, 0x5F, 0x70, 0xCA, 0x03, 0xFF, 0x83,
    0x04, 0xA9, 0x05, 0xF8, 0x03, 0xFF, 0x83, 0xBF, 0x4A, 0x80, 0xCA, 0x05, 0xFF, 0x81, 0x04, 0xF8,
    0x05, 0xFF, 0x81, 0xBF, 0xDA, 0x21, 0xFF, 0x80, 0x0F, 0x26, 0xFF, 0x81, 0xAA, 0xFD, 0x02, 0xFF,
    0x84, 0xAB, 0xFC, 0xFF, 0x3F, 0x90, 0x02, 0xFF, 0x81, 0x5F, 0x70, 0x02, 0xFF, 0x81, 0x03, 0xF9,
    0x02, 0xFF, 0x84, 0x05, 0xF7, 0xFF, 0x3F, 0x90, 0x02, 0xFF, 0x81, 0x5F, 0x70, 0x02, 0xFF, 0x81,
    0x03, 0xF9, 0x02, 0xFF, 0x84, 0x05, 0xF7, 0xFF, 0x3F, 0x90, 0x02, 0xFF, 0x81, 0x5F, 0x70, 0x02,
    0xFF, 0x8C, 0x03, 0xF9, 0xAB, 0xFD, 0x05, 0xF7, 0xFF, 0x3F, 0x90, 0x4F, 0x80, 0x5F, 0x70, 0x02,
    0xFF, 0x8C, 0x03, 0xF9, 0x04, 0xF8, 0x05, 0xF7, 0xFF, 0x3F, 0x90, 0x4F, 0x80, 0x5F, 0x70, 0x02,
    0xFF, 0x8C, 0x03, 0xF9, 0x04, 0xF8, 0x05, 0xF7, 0xFF, 0x3F, 0x90, 0x4F, 0x80, 0x5F, 0x70, 0x02,
    0xFF, 0x8C, 0x03, 0xA9, 0x04, 0xA8, 0x05, 0xF7, 0xFF, 0xAF, 0x4A, 0x90, 0x5A, 0x70, 0xCA, 0x03,
    0xFF, 0x83, 0x04, 0xF9, 0x05, 0xF8, 0x03, 0xFF, 0x83, 0xBF, 0xDA, 0xBF, 0xCA, 0x20, 0xFF, 0x80,
    0x0F, 0x26, 0xFF, 0x81, 0xAA, 0xFD, 0x02, 0xFF, 0x84, 0xAB, 0xFC, 0xFF, 0x3F, 0x90, 0x02, 0xFF,
    0x81, 0x5F, 0x70, 0x02, 0xFF, 0x81, 0x03, 0xF9, 0x02, 0xFF, 0x84, 0x05, 0xF7, 0xFF, 0x3F, 0x90,
    0x02, 0xFF, 0x81, 0x5F, 0x70, 0x02, 0xFF, 0x8C, 0x03, 0xA9, 0xFD, 0xAB, 0x05, 0xF7, 0xFF, 0xAF,
    0x4A, 0x90, 0x5F, 0x70, 0xCA, 0x03, 0xFF, 0x83, 0x04, 0xA9, 0x05, 0xF8, 0x03, 0xFF, 0x83, 0xBF,
    0x4A, 0x80, 0xCA, 0x04, 0xFF, 0x83, 0xAB, 0x04, 0xA8, 0xFC, 0x03, 0xFF, 0x83, 0x4F, 0x90, 0x5A,
    0x80, 0x03, 0xFF, 0x8C, 0xAA, 0x04, 0xF9, 0x05, 0xA7, 0xFC, 0xFF, 0x3F, 0x90, 0xDA, 0xBF, 0x5A,
    0x70, 0x02, 0xFF, 0x81, 0x03, 0xF9, 0x02, 0xFF, 0x84, 0x05, 0xF7, 0xFF, 0x3F, 0x90, 0x02, 0xFF,
    0x81, 0x5F, 0x70, 0x02, 0xFF, 0x81, 0x03, 0xF9, 0x02, 0xFF, 0x84, 0x05, 0xF7, 0xFF, 0xAF, 0xDA,
    0x02, 0xFF, 0x81, 0xBF, 0xCA, 0x1F, 0xFF, 0x80, 0x0F, 0x26, 0xFF, 0x81, 0xAA, 0xFD, 0x02, 0xFF,
    0x84, 0xAB, 0xFC, 0xFF, 0x3F, 0x90, 0x02, 0xFF, 0x81, 0x5F, 0x70, 0x02, 0xFF, 0x81, 0x03, 0xF9,
    0x02, 0xFF, 0x84, 0x05, 0xF7, 0xFF, 0x3F, 0x90, 0x02, 0xFF, 0x81, 0x5F, 0x70, 0x02, 0xFF, 0x81,
    0x03, 0xF9, 0x02, 0xFF, 0x84, 0x05, 0xF7, 0xFF, 0x3F, 0x90, 0x02, 0xFF, 0x81, 0x5F, 0x70, 0x02,
    0xFF, 0x8C, 0x03, 0xA9, 0xFD, 0xAB, 0x05, 0xF7, 0xFF, 0xAF, 0x4A, 0x90, 0x5F, 0x70, 0xCA, 0x03,
    0xFF, 0x83, 0x04, 0xA9, 0x05, 0xF8, 0x03, 0xFF, 0x83, 0xBF, 0x4A, 0x80, 0xCA, 0x05, 0xFF, 0x81,
    0x04, 0xF8, 0x05, 0xFF, 0x81, 0x4F, 0x80, 0x06, 0xFF, 0x81, 0x04, 0xF8, 0x05, 0xFF, 0x81, 0x4F,
    0x80, 0x06, 0xFF, 0x81, 0x04, 0xF8, 0x05, 0xFF, 0x81, 0xBF, 0xDA, 0x21, 0xFF, 0x80, 0x0F, 0x26,
    0xFF, 0x05, 0xAA, 0x82, 0xFC, 0xFF, 0x3F, 0x04, 0x20, 0x80, 0x70, 0x02, 0xFF, 0x80, 0x03, 0x03,
    0x02, 0x83, 0x01, 0xF7, 0xFF, 0xAF, 0x03, 0xAA, 0x81, 0x5A, 0x70, 0x05, 0xFF, 0x82, 0xAB, 0x05,
    0xF7, 0x04, 0xFF, 0x82, 0x5F, 0x70, 0xCA, 0x04, 0xFF, 0x82, 0xAB, 0x05, 0xF8, 0x04, 0xFF, 0x82,
    0x4F, 0x80, 0xCA, 0x04, 0xFF, 0x82, 0xAB, 0x04, 0xF8, 0x04, 0xFF, 0x82, 0x4F, 0x90, 0xDA, 0x04,
    0xFF, 0x82, 0xAA, 0x04, 0xF9, 0x04, 0xFF, 0x82, 0x3F, 0x90, 0xDA, 0x05, 0xFF, 0x81, 0x03, 0xA9,
    0x03, 0xAA, 0x83, 0xFC, 0xFF, 0x3F, 0x10, 0x03, 0x20, 0x80, 0x70, 0x02, 0xFF, 0x80, 0x03, 0x04,
    0x02, 0x82, 0xF7, 0xFF, 0xAF, 0x04, 0xAA, 0x80, 0xCA, 0x1F, 0xFF, 0x80, 0x0F, 0x28, 0xFF, 0x82,
    0xAB, 0xAA, 0xFC, 0x04, 0xFF, 0x82, 0x4F, 0x20, 0x80, 0x05, 0xFF, 0x82, 0x04, 0x02, 0xF8, 0x04,
    0xFF, 0x82, 0x4F, 0x80, 0xCA, 0x05, 0xFF, 0x81, 0x04, 0xF8, 0x05, 0xFF, 0x81, 0x4F, 0x80, 0x06,
    0xFF, 0x81, 0x04, 0xF8, 0x05, 0xFF, 0x81, 0x4F, 0x80, 0x06, 0xFF, 0x81, 0x04, 0xF8, 0x05, 0xFF,
    0x81, 0x4F, 0x80, 0x06, 0xFF, 0x81, 0x04, 0xF8, 0x05, 0xFF, 0x81, 0x4F, 0x80, 0x06, 0xFF, 0x81,
    0x04, 0xF8, 0x05, 0xFF, 0x81, 0x4F, 0x80, 0x06, 0xFF, 0x81, 0x04, 0xF8, 0x05, 0xFF, 0x81, 0x4F,
    0x80, 0x06, 0xFF, 0x82, 0x04, 0xA8, 0xFC, 0x04, 0xFF, 0x82, 0x4F, 0x20, 0x80, 0x05, 0xFF, 0x82,
    0x04, 0x02, 0xF8, 0x04, 0xFF, 0x82, 0xBF, 0xAA, 0xCA, 0x02, 0xFF, 0x80, 0x0F, 0x0F, 0xFF, 0x81,
    0xAF, 0xDA, 0x06, 0xFF, 0x81, 0x03, 0xF9, 0x05, 0xFF, 0x81, 0x3F, 0x90, 0x06, 0xFF, 0x81, 0xAA,
    0xFD, 0x05, 0xFF, 0x81, 0x3F, 0x90, 0x06, 0xFF, 0x82, 0x03, 0xA9, 0xFD, 0x04, 0xFF, 0x82, 0xAF,
    0x4A, 0x90, 0x06, 0xFF, 0x81, 0x04, 0xF9, 0x05, 0xFF, 0x81, 0x4F, 0x90, 0x06, 0xFF, 0x82, 0x04,
    0xA9, 0xFD, 0x04, 0xFF, 0x82, 0xBF, 0x4A, 0x80, 0x06, 0xFF, 0x81, 0x04, 0xF8, 0x05, 0xFF, 0x81,
    0x4F, 0x80, 0x06, 0xFF, 0x82, 0x04, 0xA8, 0xFC, 0x04, 0xFF, 0x82, 0xBF, 0x5A, 0x80, 0x06, 0xFF,
    0x81, 0x05, 0xF8, 0x05, 0xFF, 0x81, 0x5F, 0x80, 0x06, 0xFF, 0x82, 0x05, 0xA7, 0xFC, 0x04, 0xFF,
    0x82, 0xBF, 0x5A, 0x70, 0x06, 0xFF, 0x81, 0x05, 0xF7, 0x05, 0xFF, 0x81, 0x5F, 0x70, 0x06, 0xFF,
    0x81, 0x05, 0xF7, 0x05, 0xFF, 0x83, 0xBF, 0xCA, 0xFF, 0x0F, 0x27, 0xFF, 0x82, 0xAB, 0xAA, 0xFD,
    0x04, 0xFF, 0x82, 0x4F, 0x20, 0x80, 0x05, 0xFF, 0x82, 0x04, 0x02, 0xF8, 0x04, 0xFF, 0x82, 0xBF,
    0x4A, 0x80, 0x06, 0xFF, 0x81, 0x04, 0xF8, 0x05, 0xFF, 0x81, 0x4F, 0x80, 0x06, 0xFF, 0x81, 0x04,
    0xF8, 0x05, 0xFF, 0x81, 0x4F, 0x80, 0x06, 0xFF, 0x81, 0x04, 0xF8, 0x05, 0xFF, 0x81, 0x4F, 0x80,
    0x06, 0xFF, 0x81, 0x04, 0xF8, 0x05, 0xFF, 0x81, 0x4F, 0x80, 0x06, 0xFF, 0x81, 0x04, 0xF8, 0x05,
    0xFF, 0x81, 0x4F, 0x80, 0x06, 0xFF, 0x81, 0x04, 0xF8, 0x05, 0xFF, 0x81, 0x4F, 0x80, 0x05, 0xFF,
    0x82, 0xAB, 0x04, 0xF8, 0x04, 0xFF, 0x82, 0x4F, 0x20, 0x80, 0x05, 0xFF, 0x82, 0x04, 0x02, 0xF8,
    0x04, 0xFF, 0x82, 0xBF, 0xAA, 0xDA, 0x03, 0xFF, 0x80, 0x0F, 0x28, 0xFF, 0x81, 0xAB, 0xFD, 0x05,
    0xFF, 0x81, 0x4F, 0x80, 0x05, 0xFF, 0x83, 0xAB, 0x04, 0xA8, 0xFC, 0x03, 0xFF, 0x83, 0x4F, 0x90,
    0x5A, 0x80, 0x03, 0xFF, 0x8C, 0xAA, 0x04, 0xF9, 0x05, 0xA7, 0xFC, 0xFF, 0x3F, 0x90, 0xDA, 0xBF,
    0x5A, 0x70, 0x02, 0xFF, 0x81, 0x03, 0xF9, 0x02, 0xFF, 0x84, 0x05, 0xF7, 0xFF, 0xAF, 0xDA, 0x02,
    0xFF, 0x81, 0xBF, 0xCA, 0x5B, 0xFF, 0x80, 0x0F, 0x7F, 0xFF, 0x1F, 0xFF, 0x07, 0xAA, 0x80, 0x0A,
    0x06, 0x20, 0x81, 0xA0, 0x00, 0x06, 0x02, 0x80, 0xAF, 0x06, 0xAA, 0x80, 0x0A, 0x10, 0xFF, 0x81,
    0xBF, 0xDA, 0x06, 0xFF, 0x81, 0x04, 0xF9, 0x05, 0xFF, 0x81, 0x4F, 0x90, 0x06, 0xFF, 0x02, 0xAB,
    0x80, 0xFD, 0x05, 0xFF, 0x81, 0x4F, 0x80, 0x06, 0xFF, 0x81, 0x04, 0xF8, 0x05, 0xFF, 0x81, 0xBF,
    0xDA, 0x7B, 0xFF, 0x80, 0x0F, 0x45, 0xFF, 0x80, 0xAB, 0x02, 0xAA, 0x80, 0xFC, 0x03, 0xFF, 0x80,
    0x4F, 0x02, 0x20, 0x80, 0x80, 0x04, 0xFF, 0x80, 0x04, 0x02, 0x02, 0x81, 0xA7, 0xFC, 0x02, 0xFF,
    0x80, 0xBF, 0x02, 0xAA, 0x81, 0x5A, 0x70, 0x03, 0xFF, 0x80, 0xAB, 0x02, 0xAA, 0x81, 0x05, 0xF7,
    0x02, 0xFF, 0x80, 0x4F, 0x02, 0x20, 0x81, 0x10, 0x70, 0x02, 0xFF, 0x81, 0xAA, 0x04, 0x02, 0x02,
    0x84, 0x01, 0xF7, 0xFF, 0x3F, 0x90, 0x02, 0xAA, 0x81, 0x5A, 0x70, 0x02, 0xFF, 0x81, 0x03, 0xA9,
    0x02, 0xAA, 0x84, 0x05, 0xF7, 0xFF, 0xAF, 0x4A, 0x02, 0x20, 0x81, 0x70, 0xCA, 0x03, 0xFF, 0x80,
    0x04, 0x02, 0x02, 0x80, 0xF8, 0x03, 0xFF, 0x80, 0xBF, 0x02, 0xAA, 0x80, 0xCA, 0x20, 0xFF, 0x80,
    0x0F, 0x26, 0xFF, 0x81, 0xAA, 0xFD, 0x05, 0xFF, 0x81, 0x3F, 0x90, 0x06, 0xFF, 0x81, 0x03, 0xF9,
    0x05, 0xFF, 0x81, 0x3F, 0x90, 0x06, 0xFF, 0x81, 0x03, 0xA9, 0x02, 0xAA, 0x80, 0xFC, 0x02, 0xFF,
    0x81, 0x3F, 0x10, 0x02, 0x20, 0x80, 0x80, 0x03, 0xFF, 0x81, 0x03, 0x01, 0x02, 0x02, 0x84, 0xA7,
    0xFC, 0xFF, 0x3F, 0x90, 0x02, 0xAA, 0x81, 0x5A, 0x70, 0x02, 0xFF, 0x81, 0x03, 0xF9, 0x02, 0xFF,
    0x84, 0x05, 0xF7, 0xFF, 0x3F, 0x90, 0x02, 0xFF, 0x81, 0x5F, 0x70, 0x02, 0xFF, 0x81, 0x03, 0xF9,
    0x02, 0xFF, 0x84, 0x05, 0xF7, 0xFF, 0x3F, 0x90, 0x02, 0xFF, 0x81, 0x5F, 0x70, 0x02, 0xFF, 0x81,
    0x03, 0xA9, 0x02, 0xAA, 0x84, 0x05, 0xF7, 0xFF, 0xAF, 0x4A, 0x02, 0x20, 0x81, 0x70, 0xCA, 0x03,
    0xFF, 0x80, 0x04, 0x02, 0x02, 0x80, 0xF8, 0x03, 0xFF, 0x80, 0xBF, 0x02, 0xAA, 0x80, 0xCA, 0x20,
    0xFF, 0x80, 0x0F, 0x45, 0xFF, 0x80, 0xAB, 0x03, 0xAA, 0x80, 0xFC, 0x02, 0xFF, 0x80, 0x4F, 0x03,
    0x20, 0x80, 0x70, 0x02, 0xFF, 0x81, 0xAA, 0x04, 0x03, 0x02, 0x83, 0xF7, 0xFF, 0x3F, 0x90, 0x03,
    0xAA, 0x80, 0xCA, 0x02, 0xFF, 0x81, 0x03, 0xF9, 0x05, 0xFF, 0x81, 0x3F, 0x90, 0x06, 0xFF, 0x81,
    0x03, 0xF9, 0x05, 0xFF, 0x81, 0x3F, 0x90, 0x06, 0xFF, 0x81, 0x03, 0xA9, 0x03, 0xAA, 0x83, 0xFC,
    0xFF, 0xAF, 0x4A, 0x03, 0x20, 0x80, 0x70, 0x03, 0xFF, 0x80, 0x04, 0x03, 0x02, 0x80, 0xF7, 0x02,
    0xFF, 0x80, 0xBF, 0x03, 0xAA, 0x80, 0xCA, 0x1F, 0xFF, 0x80, 0x0F, 0x2A, 0xFF, 0x81, 0xAB, 0xFC,
    0x05, 0xFF, 0x81, 0x5F, 0x70, 0x06, 0xFF, 0x81, 0x05, 0xF7, 0x05, 0xFF, 0x81, 0x5F, 0x70, 0x03,
    0xFF, 0x80, 0xAB, 0x02, 0xAA, 0x81, 0x05, 0xF7, 0x02, 0xFF, 0x80, 0x4F, 0x02, 0x20, 0x81, 0x10,
    0x70, 0x02, 0xFF, 0x81, 0xAA, 0x04, 0x02, 0x02, 0x84, 0x01, 0xF7, 0xFF, 0x3F, 0x90, 0x02, 0xAA,
    0x81, 0x5A, 0x70, 0x02, 0xFF, 0x81, 0x03, 0xF9, 0x02, 0xFF, 0x84, 0x05, 0xF7, 0xFF, 0x3F, 0x90,
    0x02, 0xFF, 0x81, 0x5F, 0x70, 0x02, 0xFF, 0x81, 0x03, 0xF9, 0x02, 0xFF, 0x84, 0x05, 0xF7, 0xFF,
    0x3F, 0x90, 0x02, 0xFF, 0x81, 0x5F, 0x70, 0x02, 0xFF, 0x81, 0x03, 0xA9, 0x02, 0xAA, 0x84, 0x05,
    0xF7, 0xFF, 0xAF, 0x4A, 0x02, 0x20, 0x81, 0x70, 0xCA, 0x03, 0xFF, 0x80, 0x04, 0x02, 0x02, 0x80,
    0xF8, 0x03, 0xFF, 0x80, 0xBF, 0x02, 0xAA, 0x80, 0xCA, 0x20, 0xFF, 0x80, 0x0F, 0x45, 0xFF, 0x80,
    0xAB, 0x02, 0xAA, 0x80, 0xFC, 0x03, 0xFF, 0x80, 0x4F, 0x02, 0x20, 0x80, 0x80, 0x03, 0xFF, 0x81,
    0xAA, 0x04, 0x02, 0x02, 0x84, 0xA7, 0xFC, 0xFF, 0x3F, 0x90, 0x02, 0xAA, 0x81, 0x5A, 0x70, 0x02,
    0xFF, 0x81, 0x03, 0xA9, 0x02, 0xAA, 0x84, 0x05, 0xF7, 0xFF, 0x3F, 0x10, 0x02, 0x20, 0x81, 0x10,
    0x70, 0x02, 0xFF, 0x81, 0x03, 0x01, 0x03, 0x02, 0x83, 0xF7, 0xFF, 0x3F, 0x90, 0x03, 0xAA, 0x80,
    0xCA, 0x02, 0xFF, 0x81, 0x03, 0xA9, 0x03, 0xAA, 0x83, 0xFC, 0xFF, 0xAF, 0x4A, 0x03, 0x20, 0x80,
    0x70, 0x03, 0xFF, 0x80, 0x04, 0x03, 0x02, 0x80, 0xF7, 0x02, 0xFF, 0x80, 0xBF, 0x03, 0xAA, 0x80,
    0xCA, 0x1F, 0xFF, 0x80, 0x0F, 0x28, 0xFF, 0x80, 0xAB, 0x02, 0xAA, 0x80, 0xFC, 0x03, 0xFF, 0x80,
    0x4F, 0x02, 0x20, 0x80, 0x70, 0x03, 0xFF, 0x81, 0xAB, 0x04, 0x02, 0x02, 0x80, 0xF7, 0x02, 0xFF,
    0x81, 0x4F, 0x90, 0x02, 0xAA, 0x80, 0xCA, 0x02, 0xFF, 0x82, 0xAA, 0x04, 0xA8, 0x02, 0xAA, 0x82,
    0xFC, 0xFF, 0x3F, 0x02, 0x10, 0x02, 0x20, 0x80, 0x70, 0x02, 0xFF, 0x80, 0x03, 0x02, 0x01, 0x02,
    0x02, 0x84, 0xF7, 0xFF, 0xAF, 0x4A, 0x80, 0x02, 0xAA, 0x80, 0xCA, 0x03, 0xFF, 0x81, 0x04, 0xF9,
    0x05, 0xFF, 0x81, 0x4F, 0x90, 0x06, 0xFF, 0x81, 0x04, 0xF9, 0x05, 0xFF, 0x81, 0x4F, 0x90, 0x06,
    0xFF, 0x81, 0x04, 0xF9, 0x05, 0xFF, 0x81, 0x4F, 0x90, 0x06, 0xFF, 0x81, 0x04, 0xF9, 0x05, 0xFF,
    0x81, 0xBF, 0xDA, 0x22, 0xFF, 0x80, 0x0F, 0x45, 0xFF, 0x80, 0xAB, 0x02, 0xAA, 0x80, 0xFC, 0x03,
    0xFF, 0x80, 0x4F, 0x02, 0x20, 0x80, 0x80, 0x03, 0xFF, 0x81, 0xAA, 0x04, 0x02, 0x02, 0x84, 0xA7,
    0xFC, 0xFF, 0x3F, 0x90, 0x02, 0xAA, 0x81, 0x5A, 0x70, 0x02, 0xFF, 0x81, 0x03, 0xF9, 0x02, 0xFF,
    0x84, 0x05, 0xF7, 0xFF, 0x3F, 0x90, 0x02, 0xFF, 0x81, 0x5F, 0x70, 0x02, 0xFF, 0x81, 0x03, 0xF9,
    0x02, 0xFF, 0x84, 0x05, 0xF7, 0xFF, 0x3F, 0x90, 0x02, 0xFF, 0x81, 0x5F, 0x70, 0x02, 0xFF, 0x81,
    0x03, 0xA9, 0x02, 0xAA, 0x84, 0x05, 0xF7, 0xFF, 0xAF, 0x4A, 0x02, 0x20, 0x81, 0x10, 0x70, 0x03,
    0xFF, 0x80, 0x04, 0x02, 0x02, 0x81, 0x01, 0xF7, 0x02, 0xFF, 0x80, 0xBF, 0x02, 0xAA, 0x81, 0x5A,
    0x70, 0x03, 0xFF, 0x80, 0xAB, 0x02, 0xAA, 0x81, 0x05, 0xF7, 0x02, 0xFF, 0x80, 0x4F, 0x02, 0x20,
    0x81, 0x70, 0xCA, 0x03, 0xFF, 0x80, 0x04, 0x02, 0x02, 0x80, 0xF8, 0x03, 0xFF, 0x80, 0xBF, 0x02,
    0xAA, 0x80, 0xCA, 0x02, 0xFF, 0x80, 0x0F, 0x26, 0xFF, 0x81, 0xAA, 0xFD, 0x05, 0xFF, 0x81, 0x3F,
    0x90, 0x06, 0xFF, 0x81, 0x03, 0xF9, 0x05, 0xFF, 0x81, 0x3F, 0x90, 0x06, 0xFF, 0x84, 0x03, 0xF9,
    0xAB, 0xAA, 0xFC, 0x02, 0xFF, 0x84, 0x3F, 0x90, 0x4F, 0x20, 0x80, 0x03, 0xFF, 0x8C, 0x03, 0xA9,
    0x04, 0x02, 0xA7, 0xFC, 0xFF, 0x3F, 0x10, 0x90, 0xAA, 0x5A, 0x70, 0x02, 0xFF, 0x8C, 0x03, 0x01,
    0xF9, 0xFF, 0x05, 0xF7, 0xFF, 0x3F, 0x90, 0xDA, 0xFF, 0x5F, 0x70, 0x02, 0xFF, 0x81, 0x03, 0xF9,
    0x02, 0xFF, 0x84, 0x05, 0xF7, 0xFF, 0x3F, 0x90, 0x02, 0xFF, 0x81, 0x5F, 0x70, 0x02, 0xFF, 0x81,
    0x03, 0xF9, 0x02, 0xFF, 0x84, 0x05, 0xF7, 0xFF, 0x3F, 0x90, 0x02, 0xFF, 0x81, 0x5F, 0x70, 0x02,
    0xFF, 0x81, 0x03, 0xF9, 0x02, 0xFF, 0x84, 0x05, 0xF7, 0xFF, 0xAF, 0xDA, 0x02, 0xFF, 0x81, 0xBF,
    0xCA, 0x1F, 0xFF, 0x80, 0x0F, 0x11, 0xFF, 0x81, 0xBF, 0xDA, 0x06, 0xFF, 0x81, 0x04, 0xF8, 0x05,
    0xFF, 0x81, 0x4F, 0x80, 0x06, 0xFF, 0x81, 0xAA, 0xFC, 0x05, 0xFF, 0x81, 0x4F, 0x80, 0x06, 0xFF,
    0x81, 0x04, 0xF8, 0x05, 0xFF, 0x81, 0xBF, 0xDA, 0x04, 0xFF, 0x03, 0xAA, 0x80, 0xFD, 0x03, 0xFF,
    0x80, 0x3F, 0x02, 0x20, 0x80, 0x80, 0x04, 0xFF, 0x80, 0x03, 0x02, 0x02, 0x80, 0xF8, 0x03, 0xFF,
    0x83, 0xAF, 0xAA, 0x4A, 0x80, 0x06, 0xFF, 0x81, 0x04, 0xF8, 0x05, 0xFF, 0x81, 0x4F, 0x80, 0x06,
    0xFF, 0x81, 0x04, 0xF8, 0x05, 0xFF, 0x81, 0x4F, 0x80, 0x04, 0xFF, 0x02, 0xAA, 0x85, 0x04, 0xA8,
    0xAA, 0xFC, 0xFF, 0x3F, 0x04, 0x20, 0x80, 0x70, 0x02, 0xFF, 0x80, 0x03, 0x04, 0x02, 0x82, 0xF7,
    0xFF, 0xAF, 0x04, 0xAA, 0x80, 0xCA, 0x1F, 0xFF, 0x80, 0x0F, 0x12, 0xFF, 0x81, 0xBF, 0xCA, 0x06,
    0xFF, 0x81, 0x05, 0xF8, 0x05, 0xFF, 0x81, 0x5F, 0x80, 0x06, 0xFF, 0x81, 0xAA, 0xFB, 0x05, 0xFF,
    0x81, 0x5F, 0x80, 0x06, 0xFF, 0x81, 0x05, 0xF8, 0x05, 0xFF, 0x81, 0xBF, 0xCA, 0x04, 0xFF, 0x80,
    0xAB, 0x02, 0xAA, 0x80, 0xFC, 0x03, 0xFF, 0x80, 0x4F, 0x02, 0x20, 0x80, 0x80, 0x04, 0xFF, 0x83,
    0x04, 0x02, 0x01, 0xF8, 0x03, 0xFF, 0x83, 0xBF, 0xAA, 0x5A, 0x80, 0x06, 0xFF, 0x81, 0x05, 0xF8,
    0x05, 0xFF, 0x81, 0x5F, 0x80, 0x06, 0xFF, 0x81, 0x05, 0xF8, 0x05, 0xFF, 0x81, 0x5F, 0x80, 0x06,
    0xFF, 0x81, 0x05, 0xF8, 0x05, 0xFF, 0x81, 0x5F, 0x80, 0x03, 0xFF, 0x84, 0xAA, 0xFD, 0xFF, 0x05,
    0xF8, 0x02, 0xFF, 0x84, 0x3F, 0x90, 0xFF, 0x5F, 0x80, 0x03, 0xFF, 0x84, 0x03, 0xA9, 0xAA, 0x05,
    0xF8, 0x02, 0xFF, 0x84, 0xAF, 0x4A, 0x20, 0x80, 0xCA, 0x04, 0xFF, 0x82, 0x04, 0x02, 0xF8, 0x04,
    0xFF, 0x82, 0xBF, 0xAA, 0xDA, 0x03, 0xFF, 0x80, 0x0F, 0x26, 0xFF, 0x81, 0xAA, 0xFD, 0x05, 0xFF,
    0x81, 0x3F, 0x90, 0x06, 0xFF, 0x81, 0x03, 0xF9, 0x05, 0xFF, 0x81, 0x3F, 0x90, 0x06, 0xFF, 0x81,
    0x03, 0xF9, 0x02, 0xFF, 0x84, 0xAB, 0xFC, 0xFF, 0x3F, 0x90, 0x02, 0xFF, 0x81, 0x5F, 0x70, 0x02,
    0xFF, 0x8C, 0x03, 0xF9, 0xFF, 0xAB, 0x05, 0xF7, 0xFF, 0x3F, 0x90, 0xFF, 0x5F, 0x70, 0xCA, 0x02,
    0xFF, 0x84, 0x03, 0xA9, 0xAA, 0x05, 0xF8, 0x02, 0xFF, 0x84, 0x3F, 0x10, 0x20, 0x80, 0xCA, 0x03,
    0xFF, 0x84, 0x03, 0x01, 0x02, 0xA8, 0xFC, 0x02, 0xFF, 0x84, 0x3F, 0x90, 0xAA, 0x5A, 0x80, 0x03,
    0xFF, 0x8C, 0x03, 0xF9, 0xFF, 0x05, 0xA7, 0xFC, 0xFF, 0x3F, 0x90, 0xFF, 0xBF, 0x5A, 0x70, 0x02,
    0xFF, 0x81, 0x03, 0xF9, 0x02, 0xFF, 0x84, 0x05, 0xF7, 0xFF, 0xAF, 0xDA, 0x02, 0xFF, 0x81, 0xBF,
    0xCA, 0x1F, 0xFF, 0x80, 0x0F, 0x26, 0xFF, 0x03, 0xAA, 0x80, 0xFD, 0x03, 0xFF, 0x80, 0x3F, 0x02,
    0x20, 0x80, 0x80, 0x04, 0xFF, 0x80, 0x03, 0x02, 0x02, 0x80, 0xF8, 0x03, 0xFF, 0x83, 0xAF, 0xAA,
    0x4A, 0x80, 0x06, 0xFF, 0x81, 0x04, 0xF8, 0x05, 0xFF, 0x81, 0x4F, 0x80, 0x06, 0xFF, 0x81, 0x04,
    0xF8, 0x05, 0xFF, 0x81, 0x4F, 0x80, 0x06, 0xFF, 0x81, 0x04, 0xF8, 0x05, 0xFF, 0x81, 0x4F, 0x80,
    0x06, 0xFF, 0x81, 0x04, 0xF8, 0x05, 0xFF, 0x81, 0x4F, 0x80, 0x04, 0xFF, 0x02, 0xAA, 0x85, 0x04,
    0xA8, 0xAA, 0xFC, 0xFF, 0x3F, 0x04, 0x20, 0x80, 0x70, 0x02, 0xFF, 0x80, 0x03, 0x04, 0x02, 0x82,
    0xF7, 0xFF, 0xAF, 0x04, 0xAA, 0x80, 0xCA, 0x1F, 0xFF, 0x80, 0x0F, 0x45, 0xFF, 0x83, 0xAB, 0xFD,
    0xAB, 0xFC, 0x03, 0xFF, 0x83, 0x4F, 0x90, 0x5F, 0x80, 0x03, 0xFF, 0x8C, 0xAA, 0x04, 0xA9, 0x05,
    0xA7, 0xFC, 0xFF, 0x3F, 0x90, 0x4A, 0x80, 0x5A, 0x70, 0x02, 0xFF, 0x8C, 0x03, 0xF9, 0x04, 0xF8,
    0x05, 0xF7, 0xFF, 0x3F, 0x90, 0x4F, 0x80, 0x5F, 0x70, 0x02, 0xFF, 0x8C, 0x03, 0xF9, 0x04, 0xF8,
    0x05, 0xF7, 0xFF, 0x3F, 0x90, 0xBF, 0xDA, 0x5F, 0x70, 0x02, 0xFF, 0x81, 0x03, 0xF9, 0x02, 0xFF,
    0x84, 0x05, 0xF7, 0xFF, 0x3F, 0x90, 0x02, 0xFF, 0x81, 0x5F, 0x70, 0x02, 0xFF, 0x81, 0x03, 0xF9,
    0x02, 0xFF, 0x84, 0x05, 0xF7, 0xFF, 0xAF, 0xDA, 0x02, 0xFF, 0x81, 0xBF, 0xCA, 0x1F, 0xFF, 0x80,
    0x0F, 0x45, 0xFF, 0x80, 0xAB, 0x02, 0xAA, 0x80, 0xFC, 0x03, 0xFF, 0x80, 0x4F, 0x02, 0x20, 0x80,
    0x80, 0x03, 0xFF, 0x81, 0xAA, 0x04, 0x02, 0x02, 0x84, 0xA7, 0xFC, 0xFF, 0x3F, 0x90, 0x02, 0xAA,
    0x81, 0x5A, 0x70, 0x02, 0xFF, 0x81, 0x03, 0xF9, 0x02, 0xFF, 0x84, 0x05, 0xF7, 0xFF, 0x3F, 0x90,
    0x02, 0xFF, 0x81, 0x5F, 0x70, 0x02, 0xFF, 0x81, 0x03, 0xF9, 0x02, 0xFF, 0x84, 0x05, 0xF7, 0xFF,
    0x3F, 0x90, 0x02, 0xFF, 0x81, 0x5F, 0x70, 0x02, 0xFF, 0x81, 0x03, 0xF9, 0x02, 0xFF, 0x84, 0x05,
    0xF7, 0xFF, 0x3F, 0x90, 0x02, 0xFF, 0x81, 0x5F, 0x70, 0x02, 0xFF, 0x81, 0x03, 0xF9, 0x02, 0xFF,
    0x84, 0x05, 0xF7, 0xFF, 0xAF, 0xDA, 0x02, 0xFF, 0x81, 0xBF, 0xCA, 0x1F, 0xFF, 0x80, 0x0F, 0x45,
    0xFF, 0x80, 0xAB, 0x02, 0xAA, 0x80, 0xFC, 0x03, 0xFF, 0x80, 0x4F, 0x02, 0x20, 0x80, 0x80, 0x03,
    0xFF, 0x81, 0xAA, 0x04, 0x02, 0x02, 0x84, 0xA7, 0xFC, 0xFF, 0x3F, 0x90, 0x02, 0xAA, 0x81, 0x5A,
    0x70, 0x02, 0xFF, 0x81, 0x03, 0xF9, 0x02, 0xFF, 0x84, 0x05, 0xF7, 0xFF, 0x3F, 0x90, 0x02, 0xFF,
    0x81, 0x5F, 0x70, 0x02, 0xFF, 0x81, 0x03, 0xF9, 0x02, 0xFF, 0x84, 0x05, 0xF7, 0xFF, 0x3F, 0x90,
    0x02, 0xFF, 0x81, 0x5F, 0x70, 0x02, 0xFF, 0x81, 0x03, 0xA9, 0x02, 0xAA, 0x84, 0x05, 0xF7, 0xFF,
    0xAF, 0x4A, 0x02, 0x20, 0x81, 0x70, 0xCA, 0x03, 0xFF, 0x80, 0x04, 0x02, 0x02, 0x80, 0xF8, 0x03,
    0xFF, 0x80, 0xBF, 0x02, 0xAA, 0x80, 0xCA, 0x20, 0xFF, 0x80, 0x0F, 0x45, 0xFF, 0x80, 0xAB, 0x02,
    0xAA, 0x80, 0xFC, 0x03, 0xFF, 0x80, 0x4F, 0x02, 0x20, 0x80, 0x80, 0x03, 0xFF, 0x81, 0xAA, 0x04,
    0x02, 0x02, 0x84, 0xA7, 0xFC, 0xFF, 0x3F, 0x90, 0x02, 0xAA, 0x81, 0x5A, 0x70, 0x02, 0xFF, 0x81,
    0x03, 0xF9, 0x02, 0xFF, 0x84, 0x05, 0xF7, 0xFF, 0x3F, 0x90, 0x02, 0xFF, 0x81, 0x5F, 0x70, 0x02,
    0xFF, 0x81, 0x03, 0xF9, 0x02, 0xFF, 0x84, 0x05, 0xF7, 0xFF, 0x3F, 0x90, 0x02, 0xFF, 0x81, 0x5F,
    0x70, 0x02, 0xFF, 0x81, 0x03, 0xA9, 0x02, 0xAA, 0x84, 0x05, 0xF7, 0xFF, 0x3F, 0x10, 0x02, 0x20,
    0x81, 0x70, 0xCA, 0x02, 0xFF, 0x81, 0x03, 0x01, 0x02, 0x02, 0x80, 0xF8, 0x02, 0xFF, 0x81, 0x3F,
    0x90, 0x02, 0xAA, 0x80, 0xCA, 0x03, 0xFF, 0x81, 0x03, 0xF9, 0x05, 0xFF, 0x81, 0x3F, 0x90, 0x06,
    0xFF, 0x81, 0x03, 0xF9, 0x05, 0xFF, 0x81, 0xAF, 0xDA, 0x05, 0xFF, 0x80, 0x0F, 0x45, 0xFF, 0x80,
    0xAB, 0x02, 0xAA, 0x80, 0xFC, 0x03, 0xFF, 0x80, 0x4F, 0x02, 0x20, 0x80, 0x80, 0x03, 0xFF, 0x81,
    0xAA, 0x04, 0x02, 0x02, 0x84, 0xA7, 0xFC, 0xFF, 0x3F, 0x90, 0x02, 0xAA, 0x81, 0x5A, 0x70, 0x02,
    0xFF, 0x81, 0x03, 0xF9, 0x02, 0xFF, 0x84, 0x05, 0xF7, 0xFF, 0x3F, 0x90, 0x02, 0xFF, 0x81, 0x5F,
    0x70, 0x02, 0xFF, 0x81, 0x03, 0xF9, 0x02, 0xFF, 0x84, 0x05, 0xF7, 0xFF, 0x3F, 0x90, 0x02, 0xFF,
    0x81, 0x5F, 0x70, 0x02, 0xFF, 0x81, 0x03, 0xA9, 0x02, 0xAA, 0x84, 0x05, 0xF7, 0xFF, 0xAF, 0x4A,
    0x02, 0x20, 0x81, 0x10, 0x70, 0x03, 0xFF, 0x80, 0x04, 0x02, 0x02, 0x81, 0x01, 0xF7, 0x02, 0xFF,
    0x80, 0xBF, 0x02, 0xAA, 0x81, 0x5A, 0x70, 0x06, 0xFF, 0x81, 0x05, 0xF7, 0x05, 0xFF, 0x81, 0x5F,
    0x70, 0x06, 0xFF, 0x81, 0x05, 0xF7, 0x05, 0xFF, 0x83, 0xBF, 0xCA, 0xFF, 0x0F, 0x44, 0xFF, 0x02,
    0xAA, 0x8A, 0xFD, 0xAB, 0xAA, 0xFC, 0xFF, 0x3F, 0x20, 0x90, 0x5F, 0x20, 0x70, 0x02, 0xFF, 0x8C,
    0x03, 0x01, 0xA8, 0x05, 0x01, 0xF7, 0xFF, 0xAF, 0x4A, 0x10, 0x80, 0x5A, 0x70, 0x03, 0xFF, 0x84,
    0x04, 0x01, 0xF8, 0x05, 0xF7, 0x02, 0xFF, 0x84, 0x4F, 0x80, 0xDA, 0xBF, 0xCA, 0x03, 0xFF, 0x81,
    0x04, 0xF9, 0x05, 0xFF, 0x81, 0x4F, 0x90, 0x05, 0xFF, 0x83, 0xAA, 0x04, 0xA8, 0xFD, 0x03, 0xFF,
    0x80, 0x3F, 0x02, 0x10, 0x80, 0x80, 0x04, 0xFF, 0x80, 0x03, 0x02, 0x02, 0x80, 0xF8, 0x03, 0xFF,
    0x80, 0xAF, 0x02, 0xAA, 0x80, 0xDA, 0x21, 0xFF, 0x80, 0x0F, 0x45, 0xFF, 0x80, 0xAB, 0x03, 0xAA,
    0x80, 0xFC, 0x02, 0xFF, 0x80, 0x4F, 0x03, 0x20, 0x80, 0x70, 0x02, 0xFF, 0x81, 0xAA, 0x04, 0x03,
    0x02, 0x83, 0xF7, 0xFF, 0x3F, 0x90, 0x03, 0xAA, 0x80, 0xCA, 0x02, 0xFF, 0x81, 0x03, 0xA9, 0x03,
    0xAA, 0x83, 0xFC, 0xFF, 0xAF, 0x4A, 0x03, 0x20, 0x80, 0x70, 0x03, 0xFF, 0x80, 0x04, 0x02, 0x02,
    0x81, 0x01, 0xF7, 0x02, 0xFF, 0x80, 0xBF, 0x02, 0xAA, 0x81, 0x5A, 0x70, 0x02, 0xFF, 0x04, 0xAA,
    0x83, 0x05, 0xF7, 0xFF, 0x3F, 0x03, 0x20, 0x81, 0x70, 0xCA, 0x02, 0xFF, 0x80, 0x03, 0x03, 0x02,
    0x80, 0xF8, 0x02, 0xFF, 0x80, 0xAF, 0x03, 0xAA, 0x80, 0xCA, 0x20, 0xFF, 0x80, 0x0F, 0x27, 0xFF,
    0x81, 0xAB, 0xFD, 0x05, 0xFF, 0x81, 0x4F, 0x90, 0x06, 0xFF, 0x81, 0x04, 0xF9, 0x05, 0xFF, 0x81,
    0x4F, 0x90, 0x05, 0xFF, 0x82, 0xAA, 0x04, 0xA8, 0x02, 0xAA, 0x82, 0xFC, 0xFF, 0x3F, 0x02, 0x10,
    0x02, 0x20, 0x80, 0x70, 0x02, 0xFF, 0x80, 0x03, 0x02, 0x01, 0x02, 0x02, 0x84, 0xF7, 0xFF, 0xAF,
    0x4A, 0x80, 0x02, 0xAA, 0x80, 0xCA, 0x03, 0xFF, 0x81, 0x04, 0xF9, 0x05, 0xFF, 0x81, 0x4F, 0x90,
    0x06, 0xFF, 0x84, 0x04, 0xF9, 0xFF, 0xAB, 0xFC, 0x02, 0xFF, 0x84, 0x4F, 0x90, 0xFF, 0x5F, 0x70,
    0x03, 0xFF, 0x84, 0x04, 0xA9, 0xAA, 0x05, 0xF7, 0x02, 0xFF, 0x84, 0xBF, 0x4A, 0x20, 0x70, 0xCA,
    0x04, 0xFF, 0x82, 0x04, 0x02, 0xF8, 0x04, 0xFF, 0x82, 0xBF, 0xAA, 0xCA, 0x20, 0xFF, 0x80, 0x0F,
    0x44, 0xFF, 0x81, 0xAA, 0xFD, 0x02, 0xFF, 0x84, 0xAB, 0xFC, 0xFF, 0x3F, 0x90, 0x02, 0xFF, 0x81,
    0x5F, 0x70, 0x02, 0xFF, 0x81, 0x03, 0xF9, 0x02, 0xFF, 0x84, 0x05, 0xF7, 0xFF, 0x3F, 0x90, 0x02,
    0xFF, 0x81, 0x5F, 0x70, 0x02, 0xFF, 0x81, 0x03, 0xF9, 0x02, 0xFF, 0x84, 0x05, 0xF7, 0xFF, 0x3F,
    0x90, 0x02, 0xFF, 0x81, 0x5F, 0x70, 0x02, 0xFF, 0x81, 0x03, 0xF9, 0x02, 0xFF, 0x84, 0x05, 0xF7,
    0xFF, 0x3F, 0x90, 0x02, 0xFF, 0x81, 0x5F, 0x70, 0x02, 0xFF, 0x81, 0x03, 0xA9, 0x02, 0xAA, 0x84,
    0x05, 0xF7, 0xFF, 0xAF, 0x4A, 0x02, 0x20, 0x81, 0x70, 0xCA, 0x03, 0xFF, 0x80, 0x04, 0x02, 0x02,
    0x80, 0xF8, 0x03, 0xFF, 0x80, 0xBF, 0x02, 0xAA, 0x80, 0xCA, 0x20, 0xFF, 0x80, 0x0F, 0x44, 0xFF,
    0x81, 0xAA, 0xFD, 0x02, 0xFF, 0x84, 0xAB, 0xFC, 0xFF, 0x3F, 0x90, 0x02, 0xFF, 0x81, 0x5F, 0x70,
    0x02, 0xFF, 0x81, 0x03, 0xF9, 0x02, 0xFF, 0x84, 0x05, 0xF7, 0xFF, 0x3F, 0x90, 0x02, 0xFF, 0x81,
    0x5F, 0x70, 0x02, 0xFF, 0x8C, 0x03, 0xA9, 0xFD, 0xAB, 0x05, 0xF7, 0xFF, 0xAF, 0x4A, 0x90, 0x5F,
    0x70, 0xCA, 0x03, 0xFF, 0x83, 0x04, 0xF9, 0x05, 0xF8, 0x03, 0xFF, 0x83, 0x4F, 0x90, 0x5F, 0x80,
    0x04, 0xFF, 0x83, 0x04, 0xA9, 0x05, 0xF8, 0x03, 0xFF, 0x83, 0xBF, 0x4A, 0x80, 0xCA, 0x05, 0xFF,
    0x81, 0x04, 0xF8, 0x05, 0xFF, 0x81, 0xBF, 0xDA, 0x21, 0xFF, 0x80, 0x0F, 0x44, 0xFF, 0x81, 0xAA,
    0xFD, 0x02, 0xFF, 0x84, 0xAB, 0xFC, 0xFF, 0x3F, 0x90, 0x02, 0xFF, 0x81, 0x5F, 0x70, 0x02, 0xFF,
    0x81, 0x03, 0xF9, 0x02, 0xFF, 0x84, 0x05, 0xF7, 0xFF, 0x3F, 0x90, 0x02, 0xFF, 0x81, 0x5F, 0x70,
    0x02, 0xFF, 0x8C, 0x03, 0xF9, 0xAB, 0xFD, 0x05, 0xF7, 0xFF, 0x3F, 0x90, 0x4F, 0x80, 0x5F, 0x70,
    0x02, 0xFF, 0x8C, 0x03, 0xF9, 0x04, 0xF8, 0x05, 0xF7, 0xFF, 0x3F, 0x90, 0x4F, 0x80, 0x5F, 0x70,
    0x02, 0xFF, 0x8C, 0x03, 0xA9, 0x04, 0xA8, 0x05, 0xF7, 0xFF, 0xAF, 0x4A, 0x90, 0x5A, 0x70, 0xCA,
    0x03, 0xFF, 0x83, 0x04, 0xF9, 0x05, 0xF8, 0x03, 0xFF, 0x83, 0xBF, 0xDA, 0xBF, 0xCA, 0x20, 0xFF,
    0x80, 0x0F, 0x44, 0xFF, 0x81, 0xAA, 0xFD, 0x02, 0xFF, 0x84, 0xAB, 0xFC, 0xFF, 0x3F, 0x90, 0x02,
    0xFF, 0x81, 0x5F, 0x70, 0x02, 0xFF, 0x8C, 0x03, 0xA9, 0xFD, 0xAB, 0x05, 0xF7, 0xFF, 0xAF, 0x4A,
    0x90, 0x5F, 0x70, 0xCA, 0x03, 0xFF, 0x83, 0x04, 0xA9, 0x05, 0xF8, 0x03, 0xFF, 0x83, 0xBF, 0x4A,
    0x80, 0xCA, 0x04, 0xFF, 0x83, 0xAB, 0x04, 0xA8, 0xFC, 0x03, 0xFF, 0x83, 0x4F, 0x90, 0x5A, 0x80,
    0x03, 0xFF, 0x8C, 0xAA, 0x04, 0xF9, 0x05, 0xA7, 0xFC, 0xFF, 0x3F, 0x90, 0xDA, 0xBF, 0x5A, 0x70,
    0x02, 0xFF, 0x81, 0x03, 0xF9, 0x02, 0xFF, 0x84, 0x05, 0xF7, 0xFF, 0xAF, 0xDA, 0x02, 0xFF, 0x81,
    0xBF, 0xCA, 0x1F, 0xFF, 0x80, 0x0F, 0x44, 0xFF, 0x81, 0xAA, 0xFD, 0x02, 0xFF, 0x84, 0xAB, 0xFC,
    0xFF, 0x3F, 0x90, 0x02, 0xFF, 0x81, 0x5F, 0x70, 0x02, 0xFF, 0x81, 0x03, 0xF9, 0x02, 0xFF, 0x84,
    0x05, 0xF7, 0xFF, 0x3F, 0x90, 0x02, 0xFF, 0x81, 0x5F, 0x70, 0x02, 0xFF, 0x8C, 0x03, 0xA9, 0xFD,
    0xAB, 0x05, 0xF7, 0xFF, 0xAF, 0x4A, 0x90, 0x5F, 0x70, 0xCA, 0x03, 0xFF, 0x83, 0x04, 0xF9, 0x05,
    0xF8, 0x03, 0xFF, 0x83, 0x4F, 0x90, 0x5F, 0x80, 0x04, 0xFF, 0x83, 0x04, 0xA9, 0x05, 0xF8, 0x03,
    0xFF, 0x83, 0xBF, 0x4A, 0x80, 0xCA, 0x05, 0xFF, 0x81, 0x04, 0xF8, 0x05, 0xFF, 0x81, 0x4F, 0x80,
    0x04, 0xFF, 0x02, 0xAA, 0x81, 0x04, 0xF8, 0x03, 0xFF, 0x83, 0x3F, 0x20, 0x90, 0xDA, 0x04, 0xFF,
    0x82, 0x03, 0x02, 0xF9, 0x04, 0xFF, 0x82, 0xAF, 0xAA, 0xDA, 0x04, 0xFF, 0x80, 0x0F, 0x44, 0xFF,
    0x05, 0xAA, 0x82, 0xFC, 0xFF, 0x3F, 0x04, 0x20, 0x80, 0x70, 0x02, 0xFF, 0x80, 0x03, 0x02, 0x02,
    0x02, 0x01, 0x82, 0xF7, 0xFF, 0xAF, 0x02, 0xAA, 0x82, 0x5A, 0x70, 0xCA, 0x04, 0xFF, 0x82, 0xAB,
    0x05, 0xF8, 0x04, 0xFF, 0x82, 0x4F, 0x80, 0xCA, 0x04, 0xFF, 0x82, 0xAB, 0x04, 0xF8, 0x04, 0xFF,
    0x82, 0x4F, 0x90, 0xDA, 0x04, 0xFF, 0x82, 0xAA, 0x04, 0xA8, 0x02, 0xAA, 0x82, 0xFC, 0xFF, 0x3F,
    0x02, 0x10, 0x02, 0x20, 0x80, 0x70, 0x02, 0xFF, 0x80, 0x03, 0x04, 0x02, 0x82, 0xF7, 0xFF, 0xAF,
    0x04, 0xAA, 0x80, 0xCA, 0x1F, 0xFF, 0x80, 0x0F, 0x29, 0xFF, 0x81, 0xAB, 0xFC, 0x05, 0xFF, 0x81,
    0x5F, 0x80, 0x05, 0xFF, 0x82, 0xAB, 0x05, 0xF8, 0x04, 0xFF, 0x82, 0x4F, 0x80, 0xCA, 0x05, 0xFF,
    0x81, 0x04, 0xF8, 0x05, 0xFF, 0x81, 0x4F, 0x80, 0x06, 0xFF, 0x81, 0x04, 0xF8, 0x05, 0xFF, 0x81,
    0x4F, 0x80, 0x05, 0xFF, 0x82, 0xAB, 0x04, 0xF8, 0x04, 0xFF, 0x82, 0x4F, 0x90, 0xDA, 0x05, 0xFF,
    0x82, 0x04, 0xA9, 0xFD, 0x04, 0xFF, 0x82, 0xBF, 0x4A, 0x80, 0x06, 0xFF, 0x81, 0x04, 0xF8, 0x05,
    0xFF, 0x81, 0x4F, 0x80, 0x06, 0xFF, 0x81, 0x04, 0xF8, 0x05, 0xFF, 0x81, 0x4F, 0x80, 0x06, 0xFF,
    0x82, 0x04, 0xA8, 0xFC, 0x04, 0xFF, 0x82, 0xBF, 0x5A, 0x80, 0x06, 0xFF, 0x81, 0x05, 0xF8, 0x05,
    0xFF, 0x81, 0xBF, 0xCA, 0x02, 0xFF, 0x80, 0x0F, 0x11, 0xFF, 0x81, 0xBF, 0xDA, 0x06, 0xFF, 0x81,
    0x04, 0xF8, 0x05, 0xFF, 0x81, 0x4F, 0x80, 0x06, 0xFF, 0x81, 0xAA, 0xFC, 0x05, 0xFF, 0x81, 0x4F,
    0x80, 0x06, 0xFF, 0x81, 0x04, 0xF8, 0x05, 0xFF, 0x81, 0x4F, 0x80, 0x06, 0xFF, 0x81, 0x04, 0xF8,
    0x05, 0xFF, 0x81, 0x4F, 0x80, 0x06, 0xFF, 0x81, 0x04, 0xF8, 0x05, 0xFF, 0x81, 0x4F, 0x80, 0x06,
    0xFF, 0x81, 0x04, 0xF8, 0x05, 0xFF, 0x81, 0x4F, 0x80, 0x06, 0xFF, 0x81, 0x04, 0xF8, 0x05, 0xFF,
    0x81, 0x4F, 0x80, 0x06, 0xFF, 0x81, 0x04, 0xF8, 0x05, 0xFF, 0x81, 0x4F, 0x80, 0x06, 0xFF, 0x81,
    0x04, 0xF8, 0x05, 0xFF, 0x81, 0x4F, 0x80, 0x06, 0xFF, 0x81, 0x04, 0xF8, 0x05, 0xFF, 0x81, 0x4F,
    0x80, 0x06, 0xFF, 0x81, 0x04, 0xF8, 0x05, 0xFF, 0x81, 0xBF, 0xDA, 0x03, 0xFF, 0x80, 0x0F, 0x27,
    0xFF, 0x81, 0xAB, 0xFD, 0x05, 0xFF, 0x81, 0x4F, 0x90, 0x06, 0xFF, 0x82, 0x04, 0xA9, 0xFD, 0x04,
    0xFF, 0x82, 0xBF, 0x4A, 0x80, 0x06, 0xFF, 0x81, 0x04, 0xF8, 0x05, 0xFF, 0x81, 0x4F, 0x80, 0x06,
    0xFF, 0x81, 0x04, 0xF8, 0x05, 0xFF, 0x81, 0x4F, 0x80, 0x06, 0xFF, 0x82, 0x04, 0xA8, 0xFC, 0x04,
    0xFF, 0x82, 0xBF, 0x5A, 0x80, 0x05, 0xFF, 0x82, 0xAB, 0x05, 0xF8, 0x04, 0xFF, 0x82, 0x4F, 0x80,
    0xCA, 0x05, 0xFF, 0x81, 0x04, 0xF8, 0x05, 0xFF, 0x81, 0x4F, 0x80, 0x06, 0xFF, 0x81, 0x04, 0xF8,
    0x05, 0xFF, 0x81, 0x4F, 0x80, 0x05, 0xFF, 0x82, 0xAB, 0x04, 0xF8, 0x04, 0xFF, 0x82, 0x4F, 0x90,
    0xDA, 0x05, 0xFF, 0x81, 0x04, 0xF9, 0x05, 0xFF, 0x81, 0xBF, 0xDA, 0x04, 0xFF, 0x80, 0x0F, 0x54,
    0xFF, 0x81, 0xAB, 0xFD, 0x05, 0xFF, 0x81, 0x4F, 0x90, 0x05, 0xFF, 0x8C, 0xAA, 0x04, 0xA9, 0xFD,
    0xAB, 0xFC, 0xFF, 0x3F, 0x90, 0x4A, 0x80, 0x5F, 0x70, 0x02, 0xFF, 0x8C, 0x03, 0xF9, 0x04, 0xA8,
    0x05, 0xF7, 0xFF, 0xAF, 0xDA, 0xBF, 0x5A, 0x70, 0xCA, 0x05, 0xFF, 0x81, 0x05, 0xF8, 0x05, 0xFF,
    0x81, 0xBF, 0xCA, 0x2F, 0xFF, 0x80, 0x0F,
};
const uint8_t font_gridlitepbsmenuoff[10839] = {
    0x00, 0xFF, 0x14, 0x00, 0x00, 0x51, 0x46, 0x46, 0x01, 0x3B, 0x22, 0x00, 0x00, 0xC4, 0xDD, 0xFF,
    0xFF, 0x19, 0x01, 0x00, 0x00, 0x02, 0x00, 0x01, 0xFF, 0x01, 0xFE, 0x1D, 0x01, 0x00, 0x0F, 0x00,
    0x00, 0x0F, 0x01, 0x00, 0x8F, 0x10, 0x00, 0x8F, 0x1B, 0x00, 0x0F, 0x39, 0x00, 0x8F, 0x50, 0x00,
    0x4F, 0x6A, 0x00, 0xCF, 0x83, 0x00, 0xCF, 0x8B, 0x00, 0xCF, 0xA2, 0x00, 0xCF, 0xB9, 0x00, 0xCF,
    0xC3, 0x00, 0x4F, 0xD2, 0x00, 0x4F, 0xDA, 0x00, 0xCF, 0xDE, 0x00, 0x4F, 0xE4, 0x00, 0xCF, 0xFE,
    0x00, 0x4F, 0x1E, 0x01, 0x4F, 0x33, 0x01, 0xCF, 0x4C, 0x01, 0xCF, 0x67, 0x01, 0xCF, 0x7C, 0x01,
    0x4F, 0x94, 0x01, 0xCF, 0xB0, 0x01, 0xCF, 0xC7, 0x01, 0x4F, 0xE7, 0x01, 0x4F, 0x04, 0x02, 0xCF,
    0x0E, 0x02, 0xCF, 0x1B, 0x02, 0xCF, 0x2A, 0x02, 0x4F, 0x33, 0x02, 0x4F, 0x42, 0x02, 0xCF, 0x57,
    0x02, 0xCF, 0x7B, 0x02, 0x4F, 0x9A, 0x02, 0xCF, 0xB7, 0x02, 0x4F, 0xD1, 0x02, 0xCF, 0xEF, 0x02,
    0xCF, 0x04, 0x03, 0x4F, 0x18, 0x03, 0xCF, 0x35, 0x03, 0xCF, 0x54, 0x03, 0xCF, 0x69, 0x03, 0xCF,
    0x82, 0x03, 0x4F, 0xA1, 0x03, 0xCF, 0xB8, 0x03, 0xCF, 0xD7, 0x03, 0xCF, 0xF6, 0x03, 0x4F, 0x16,
    0x04, 0x4F, 0x30, 0x04, 0x4F, 0x51, 0x04, 0xCF, 0x6F, 0x04, 0x4F, 0x8A, 0x04, 0xCF, 0x9D, 0x04,
    0xCF, 0xBD, 0x04, 0x4F, 0xDB, 0x04, 0x4F, 0xF9, 0x04, 0x4F, 0x16, 0x05, 0xCF, 0x2F, 0x05, 0xCF,
    0x44, 0x05, 0xCF, 0x5C, 0x05, 0x4F, 0x77, 0x05, 0x4F, 0x8F, 0x05, 0xCF, 0x9A, 0x05, 0x4F, 0x9E,
    0x05, 0x4F, 0xA4, 0x05, 0xCF, 0xB7, 0x05, 0xCF, 0xD2, 0x05, 0x4F, 0xE2, 0x05, 0x4F, 0xFD, 0x05,
    0xCF, 0x0F, 0x06, 0xCF, 0x24, 0x06, 0xCF, 0x41, 0x06, 0x4F, 0x5D, 0x06, 0x4F, 0x73, 0x06, 0xCF,
    0x8E, 0x06, 0x4F, 0xA9, 0x06, 0x4F, 0xBE, 0x06, 0xCF, 0xD3, 0x06, 0xCF, 0xEA, 0x06, 0x4F, 0x01,
    0x07, 0xCF, 0x1B, 0x07, 0x4F, 0x37, 0x07, 0x4F, 0x49, 0x07, 0xCF, 0x59, 0x07, 0x4F, 0x6F, 0x07,
    0x4F, 0x86, 0x07, 0xCF, 0x99, 0x07, 0x4F, 0xAF, 0x07, 0x4F, 0xC3, 0x07, 0x4F, 0xDC, 0x07, 0x4F,
    0xEC, 0x07, 0x4F, 0x03, 0x08, 0xCF, 0x1D, 0x08, 0xCF, 0x34, 0x08, 0x04, 0xFB, 0xFB, 0x20, 0x00,
    0x7F, 0x00, 0x3D, 0x00, 0x2F, 0x00, 0x81, 0x70, 0x29, 0x06, 0x00, 0x81, 0x97, 0x02, 0x05, 0x00,
    0x81, 0x70, 0x29, 0x06, 0x00, 0x81, 0x97, 0x02, 0x05, 0x00, 0x81, 0x70, 0x29, 0x06, 0x00, 0x81,
    0x97, 0x02, 0x05, 0x00, 0x81, 0x70, 0x29, 0x06, 0x00, 0x81, 0x97, 0x02, 0x05, 0x00, 0x81, 0x70,
    0x29, 0x06, 0x00, 0x81, 0x97, 0x02, 0x14, 0x00, 0x81, 0x70, 0x29, 0x06, 0x00, 0x81, 0x97, 0x02,
    0x29, 0x00, 0x2E, 0x00, 0x83, 0x80, 0x29, 0x60, 0x39, 0x04, 0x00, 0x83, 0x98, 0x02, 0x96, 0x03,
    0x03, 0x00, 0x83, 0x80, 0x29, 0x60, 0x39, 0x04, 0x00, 0x83, 0x98, 0x02, 0x96, 0x03, 0x03, 0x00,
    0x83, 0x80, 0x29, 0x60, 0x39, 0x04, 0x00, 0x83, 0x98, 0x02, 0x96, 0x03, 0x64, 0x00, 0x2E, 0x00,
    0x83, 0x80, 0x29, 0x60, 0x39, 0x04, 0x00, 0x83, 0x98, 0x02, 0x96, 0x03, 0x03, 0x00, 0x83, 0x80,
    0x29, 0x60, 0x39, 0x04, 0x00, 0x83, 0x98, 0x02, 0x97, 0x03, 0x02, 0x00, 0x80, 0x80, 0x04, 0x99,
    0x80, 0x49, 0x02, 0x00, 0x80, 0x98, 0x04, 0x99, 0x80, 0x04, 0x02, 0x00, 0x83, 0x80, 0x29, 0x70,
    0x39, 0x04, 0x00, 0x83, 0x98, 0x02, 0x96, 0x03, 0x03, 0x00, 0x83, 0x80, 0x29, 0x60, 0x39, 0x04,
    0x00, 0x83, 0x98, 0x02, 0x97, 0x03, 0x02, 0x00, 0x80, 0x80, 0x04, 0x99, 0x80, 0x49, 0x02, 0x00,
    0x80, 0x98, 0x04, 0x99, 0x80, 0x04, 0x02, 0x00, 0x83, 0x80, 0x29, 0x70, 0x39, 0x04, 0x00, 0x83,
    0x98, 0x02, 0x96, 0x03, 0x03, 0x00, 0x83, 0x80, 0x29, 0x60, 0x39, 0x04, 0x00, 0x83, 0x98, 0x02,
    0x96, 0x03, 0x19, 0x00, 0x2F, 0x00, 0x81, 0x70, 0x29, 0x06, 0x00, 0x81, 0x97, 0x03, 0x04, 0x00,
    0x80, 0x80, 0x03, 0x99, 0x80, 0x49, 0x03, 0x00, 0x80, 0x98, 0x03, 0x99, 0x85, 0x04, 0x00, 0x80,
    0x19, 0x70, 0x39, 0x04, 0x00, 0x83, 0x98, 0x01, 0x97, 0x03, 0x04, 0x00, 0x80, 0x80, 0x02, 0x99,
    0x80, 0x39, 0x04, 0x00, 0x80, 0x98, 0x02, 0x99, 0x80, 0x03, 0x04, 0x00, 0x83, 0x70, 0x39, 0x60,
    0x49, 0x04, 0x00, 0x85, 0x97, 0x03, 0x96, 0x04, 0x00, 0x80, 0x03, 0x99, 0x80, 0x39, 0x03, 0x00,
    0x80, 0x98, 0x03, 0x99, 0x80, 0x03, 0x04, 0x00, 0x81, 0x70, 0x39, 0x06, 0x00, 0x81, 0x97, 0x02,
    0x29, 0x00, 0x2E, 0x00, 0x81, 0x80, 0x19, 0x03, 0x00, 0x84, 0x50, 0x09, 0x00, 0x98, 0x01, 0x03,
    0x00, 0x95, 0x95, 0x90, 0x19, 0x80, 0x29, 0x00, 0x60, 0x49, 0x00, 0x99, 0x01, 0x98, 0x02, 0x00,
    0x96, 0x04, 0x00, 0x80, 0x19, 0x00, 0x60, 0x39, 0x03, 0x00, 0x84, 0x98, 0x01, 0x00, 0x96, 0x03,
    0x04, 0x00, 0x81, 0x70, 0x39, 0x06, 0x00, 0x81, 0x97, 0x02, 0x04, 0x00, 0x84, 0x80, 0x29, 0x00,
    0x60, 0x49, 0x03, 0x00, 0x95, 0x98, 0x02, 0x00, 0x96, 0x04, 0x00, 0x80, 0x19, 0x00, 0x60, 0x39,
    0x50, 0x09, 0x00, 0x98, 0x01, 0x00, 0x96, 0x03, 0x95, 0x90, 0x19, 0x03, 0x00, 0x83, 0x60, 0x49,
    0x00, 0x99, 0x04, 0x00, 0x81, 0x96, 0x04, 0x26, 0x00, 0x2E, 0x00, 0x80, 0x80, 0x02, 0x99, 0x80,
    0x39, 0x04, 0x00, 0x80, 0x98, 0x02, 0x99, 0x80, 0x03, 0x02, 0x00, 0x81, 0x80, 0x19, 0x06, 0x00,
    0x81, 0x99, 0x01, 0x05, 0x00, 0x81, 0x90, 0x19, 0x06, 0x00, 0x81, 0x98, 0x01, 0x06, 0x00, 0x84,
    0x80, 0x99, 0x29, 0x60, 0x49, 0x03, 0x00, 0x87, 0x98, 0x99, 0x02, 0x96, 0x04, 0x00, 0x80, 0x19,
    0x02, 0x00, 0x81, 0x60, 0x49, 0x02, 0x00, 0x81, 0x99, 0x01, 0x02, 0x00, 0x87, 0x96, 0x04, 0x00,
    0x90, 0x19, 0x00, 0x60, 0x39, 0x03, 0x00, 0x84, 0x98, 0x01, 0x00, 0x96, 0x03, 0x03, 0x00, 0x84,
    0x80, 0x99, 0x39, 0x60, 0x49, 0x03, 0x00, 0x84, 0x98, 0x99, 0x02, 0x96, 0x04, 0x27, 0x00, 0x2F,
    0x00, 0x81, 0x70, 0x29, 0x06, 0x00, 0x81, 0x97, 0x02, 0x05, 0x00, 0x81, 0x70, 0x29, 0x06, 0x00,
    0x81, 0x97, 0x02, 0x05, 0x00, 0x81, 0x70, 0x29, 0x06, 0x00, 0x81, 0x97, 0x02, 0x65, 0x00, 0x30,
    0x00, 0x81, 0x60, 0x39, 0x06, 0x00, 0x81, 0x96, 0x03, 0x04, 0x00, 0x81, 0x70, 0x39, 0x06, 0x00,
    0x81, 0x97, 0x02, 0x05, 0x00, 0x81, 0x70, 0x29, 0x06, 0x00, 0x81, 0x97, 0x02, 0x05, 0x00, 0x81,
    0x70, 0x29, 0x06, 0x00, 0x81, 0x97, 0x02, 0x05, 0x00, 0x81, 0x70, 0x29, 0x06, 0x00, 0x81, 0x97,
    0x02, 0x05, 0x00, 0x81, 0x70, 0x29, 0x06, 0x00, 0x81, 0x97, 0x02, 0x05, 0x00, 0x81, 0x70, 0x29,
    0x06, 0x00, 0x81, 0x97, 0x02, 0x05, 0x00, 0x81, 0x70, 0x29, 0x06, 0x00, 0x81, 0x97, 0x03, 0x06,
    0x00, 0x81, 0x60, 0x39, 0x06, 0x00, 0x81, 0x96, 0x03, 0x0A, 0x00, 0x2E, 0x00, 0x81, 0x80, 0x29,
    0x06, 0x00, 0x81, 0x98, 0x02, 0x06, 0x00, 0x81, 0x70, 0x29, 0x06, 0x00, 0x81, 0x97, 0x02, 0x05,
    0x00, 0x81, 0x70, 0x29, 0x06, 0x00, 0x81, 0x97, 0x02, 0x05, 0x00, 0x81, 0x70, 0x29, 0x06, 0x00,
    0x81, 0x97, 0x02, 0x05, 0x00, 0x81, 0x70, 0x29, 0x06, 0x00, 0x81, 0x97, 0x02, 0x05, 0x00, 0x81,
    0x70, 0x29, 0x06, 0x00, 0x81, 0x97, 0x02, 0x05, 0x00, 0x81, 0x70, 0x29, 0x06, 0x00, 0x81, 0x97,
    0x02, 0x05, 0x00, 0x81, 0x70, 0x29, 0x06, 0x00, 0x81, 0x97, 0x02, 0x04, 0x00, 0x81, 0x80, 0x29,
    0x06, 0x00, 0x81, 0x98, 0x02, 0x0C, 0x00, 0x2E, 0x00, 0x83, 0x80, 0x29, 0x60, 0x39, 0x04, 0x00,
    0x83, 0x98, 0x02, 0x96, 0x03, 0x04, 0x00, 0x81, 0x70, 0x39, 0x06, 0x00, 0x81, 0x97, 0x03, 0x04,
    0x00, 0x83, 0x80, 0x29, 0x60, 0x39, 0x04, 0x00, 0x83, 0x98, 0x02, 0x96, 0x03, 0x64, 0x00, 0x4D,
    0x00, 0x81, 0x70, 0x29, 0x06, 0x00, 0x81, 0x97, 0x02, 0x05, 0x00, 0x81, 0x70, 0x29, 0x06, 0x00,
    0x81, 0x97, 0x03, 0x03, 0x00, 0x80, 0x80, 0x04, 0x99, 0x80, 0x49, 0x02, 0x00, 0x80, 0x98, 0x04,
    0x99, 0x80, 0x04, 0x03, 0x00, 0x81, 0x70, 0x39, 0x06, 0x00, 0x81, 0x97, 0x02, 0x05, 0x00, 0x81,
    0x70, 0x29, 0x06, 0x00, 0x81, 0x97, 0x02, 0x29, 0x00, 0x7A, 0x00, 0x81, 0x70, 0x29, 0x06, 0x00,
    0x81, 0x97, 0x02, 0x05, 0x00, 0x81, 0x70, 0x29, 0x06, 0x00, 0x81, 0x97, 0x02, 0x04, 0x00, 0x81,
    0x80, 0x29, 0x06, 0x00, 0x81, 0x98, 0x02, 0x1B, 0x00, 0x6A, 0x00, 0x80, 0x80, 0x02, 0x99, 0x80,
    0x39, 0x04, 0x00, 0x80, 0x98, 0x02, 0x99, 0x80, 0x03, 0x46, 0x00, 0x7A, 0x00, 0x81, 0x70, 0x29,
    0x06, 0x00, 0x81, 0x97, 0x02, 0x05, 0x00, 0x81, 0x70, 0x29, 0x06, 0x00, 0x81, 0x97, 0x02, 0x29,
    0x00, 0x1B, 0x00, 0x81, 0x96, 0x04, 0x05, 0x00, 0x81, 0x60, 0x49, 0x06, 0x00, 0x80, 0x10, 0x06,
    0x00, 0x81, 0x60, 0x49, 0x06, 0x00, 0x81, 0x96, 0x04, 0x04, 0x00, 0x81, 0x60, 0x39, 0x06, 0x00,
    0x81, 0x96, 0x03, 0x05, 0x00, 0x81, 0x60, 0x39, 0x06, 0x00, 0x81, 0x96, 0x03, 0x04, 0x00, 0x81,
    0x70, 0x39, 0x06, 0x00, 0x81, 0x97, 0x02, 0x05, 0x00, 0x81, 0x70, 0x29, 0x06, 0x00, 0x81, 0x97,
    0x02, 0x04, 0x00, 0x81, 0x80, 0x29, 0x06, 0x00, 0x81, 0x98, 0x02, 0x05, 0x00, 0x81, 0x80, 0x29,
    0x06, 0x00, 0x81, 0x98, 0x02, 0x04, 0x00, 0x81, 0x80, 0x19, 0x06, 0x00, 0x81, 0x99, 0x01, 0x05,
    0x00, 0x81, 0x90, 0x19, 0x06, 0x00, 0x81, 0x98, 0x01, 0x0D, 0x00, 0x2E, 0x00, 0x80, 0x80, 0x02,
    0x99, 0x80, 0x39, 0x04, 0x00, 0x80, 0x98, 0x02, 0x99, 0x80, 0x03, 0x02, 0x00, 0x81, 0x80, 0x19,
    0x02, 0x00, 0x81, 0x60, 0x49, 0x02, 0x00, 0x81, 0x99, 0x01, 0x02, 0x00, 0x84, 0x96, 0x04, 0x00,
    0x90, 0x19, 0x02, 0x00, 0x81, 0x60, 0x49, 0x02, 0x00, 0x81, 0x99, 0x01, 0x02, 0x00, 0x84, 0x96,
    0x04, 0x00, 0x90, 0x19, 0x02, 0x00, 0x81, 0x60, 0x49, 0x02, 0x00, 0x81, 0x99, 0x01, 0x02, 0x00,
    0x84, 0x96, 0x04, 0x00, 0x90, 0x19, 0x02, 0x00, 0x81, 0x60, 0x49, 0x02, 0x00, 0x81, 0x99, 0x01,
    0x02, 0x00, 0x84, 0x96, 0x04, 0x00, 0x90, 0x19, 0x02, 0x00, 0x81, 0x60, 0x49, 0x02, 0x00, 0x81,
    0x98, 0x01, 0x02, 0x00, 0x81, 0x96, 0x04, 0x02, 0x00, 0x80, 0x80, 0x02, 0x99, 0x80, 0x39, 0x04,
    0x00, 0x80, 0x98, 0x02, 0x99, 0x80, 0x03, 0x28, 0x00, 0x2F, 0x00, 0x81, 0x70, 0x29, 0x06, 0x00,
    0x81, 0x97, 0x02, 0x03, 0x00, 0x80, 0x80, 0x02, 0x99, 0x80, 0x29, 0x04, 0x00, 0x80, 0x98, 0x02,
    0x99, 0x80, 0x02, 0x05, 0x00, 0x81, 0x70, 0x29, 0x06, 0x00, 0x81, 0x97, 0x02, 0x05, 0x00, 0x81,
    0x70, 0x29, 0x06, 0x00, 0x81, 0x97, 0x02, 0x05, 0x00, 0x81, 0x70, 0x29, 0x06, 0x00, 0x81, 0x97,
    0x02, 0x05, 0x00, 0x81, 0x70, 0x29, 0x06, 0x00, 0x81, 0x97, 0x03, 0x03, 0x00, 0x80, 0x80, 0x04,
    0x99, 0x80, 0x49, 0x02, 0x00, 0x80, 0x98, 0x04, 0x99, 0x80, 0x04, 0x27, 0x00, 0x2E, 0x00, 0x80,
    0x80, 0x02, 0x99, 0x80, 0x39, 0x04, 0x00, 0x80, 0x98, 0x02, 0x99, 0x80, 0x03, 0x02, 0x00, 0x81,
    0x80, 0x19, 0x02, 0x00, 0x81, 0x60, 0x49, 0x02, 0x00, 0x81, 0x99, 0x01, 0x02, 0x00, 0x84, 0x96,
    0x04, 0x00, 0x90, 0x19, 0x02, 0x00, 0x81, 0x60, 0x49, 0x02, 0x00, 0x81, 0x98, 0x01, 0x02, 0x00,
    0x81, 0x96, 0x04, 0x04, 0x00, 0x81, 0x60, 0x39, 0x06, 0x00, 0x81, 0x96, 0x03, 0x04, 0x00, 0x81,
    0x70, 0x39, 0x06, 0x00, 0x81, 0x97, 0x02, 0x04, 0x00, 0x81, 0x80, 0x29, 0x06, 0x00, 0x81, 0x98,
    0x02, 0x04, 0x00, 0x80, 0x80, 0x04, 0x99, 0x80, 0x49, 0x02, 0x00, 0x80, 0x98, 0x04, 0x99, 0x80,
    0x04, 0x27, 0x00, 0x2E, 0x00, 0x80, 0x80, 0x02, 0x99, 0x80, 0x39, 0x04, 0x00, 0x80, 0x98, 0x02,
    0x99, 0x80, 0x03, 0x02, 0x00, 0x81, 0x80, 0x19, 0x02, 0x00, 0x81, 0x60, 0x49, 0x02, 0x00, 0x81,
    0x98, 0x01, 0x02, 0x00, 0x81, 0x96, 0x04, 0x05, 0x00, 0x81, 0x60, 0x49, 0x06, 0x00, 0x81, 0x96,
    0x04, 0x02, 0x00, 0x80, 0x80, 0x02, 0x99, 0x80, 0x39, 0x04, 0x00, 0x80, 0x98, 0x02, 0x99, 0x80,
    0x03, 0x06, 0x00, 0x81, 0x60, 0x49, 0x06, 0x00, 0x84, 0x96, 0x04, 0x00, 0x80, 0x19, 0x02, 0x00,
    0x81, 0x60, 0x49, 0x02, 0x00, 0x81, 0x98, 0x01, 0x02, 0x00, 0x81, 0x96, 0x04, 0x02, 0x00, 0x80,
    0x80, 0x02, 0x99, 0x80, 0x39, 0x04, 0x00, 0x80, 0x98, 0x02, 0x99, 0x80, 0x03, 0x28, 0x00, 0x2F,
    0x00, 0x81, 0x70, 0x29, 0x06, 0x00, 0x81, 0x97, 0x02, 0x05, 0x00, 0x81, 0x70, 0x29, 0x06, 0x00,
    0x81, 0x97, 0x02, 0x04, 0x00, 0x81, 0x80, 0x29, 0x06, 0x00, 0x81, 0x98, 0x02, 0x05, 0x00, 0x81,
    0x80, 0x29, 0x06, 0x00, 0x81, 0x98, 0x02, 0x04, 0x00, 0x84, 0x80, 0x19, 0x00, 0x60, 0x39, 0x03,
    0x00, 0x84, 0x99, 0x01, 0x00, 0x97, 0x03, 0x02, 0x00, 0x80, 0x90, 0x04, 0x99, 0x80, 0x49, 0x02,
    0x00, 0x80, 0x98, 0x04, 0x99, 0x80, 0x04, 0x04, 0x00, 0x81, 0x70, 0x39, 0x06, 0x00, 0x81, 0x96,
    0x03, 0x28, 0x00, 0x2D, 0x00, 0x80, 0x80, 0x04, 0x99, 0x80, 0x49, 0x02, 0x00, 0x05, 0x99, 0x83,
    0x04, 0x00, 0x90, 0x19, 0x06, 0x00, 0x81, 0x99, 0x01, 0x05, 0x00, 0x81, 0x90, 0x19, 0x06, 0x00,
    0x81, 0x99, 0x01, 0x05, 0x00, 0x80, 0x90, 0x03, 0x99, 0x80, 0x39, 0x03, 0x00, 0x80, 0x98, 0x03,
    0x99, 0x80, 0x03, 0x06, 0x00, 0x81, 0x60, 0x49, 0x06, 0x00, 0x84, 0x96, 0x04, 0x00, 0x80, 0x19,
    0x02, 0x00, 0x81, 0x60, 0x49, 0x02, 0x00, 0x81, 0x98, 0x01, 0x02, 0x00, 0x81, 0x96, 0x04, 0x02,
    0x00, 0x80, 0x80, 0x02, 0x99, 0x80, 0x39, 0x04, 0x00, 0x80, 0x98, 0x02, 0x99, 0x80, 0x03, 0x28,
    0x00, 0x2E, 0x00, 0x80, 0x80, 0x02, 0x99, 0x80, 0x39, 0x04, 0x00, 0x80, 0x98, 0x02, 0x99, 0x80,
    0x03, 0x02, 0x00, 0x81, 0x80, 0x19, 0x02, 0x00, 0x81, 0x60, 0x49, 0x02, 0x00, 0x81, 0x99, 0x01,
    0x02, 0x00, 0x84, 0x96, 0x04, 0x00, 0x90, 0x19, 0x06, 0x00, 0x81, 0x99, 0x01, 0x05, 0x00, 0x80,
    0x90, 0x03, 0x99, 0x80, 0x39, 0x03, 0x00, 0x04, 0x99, 0x80, 0x03, 0x02, 0x00, 0x81, 0x90, 0x19,
    0x02, 0x00, 0x81, 0x60, 0x49, 0x02, 0x00, 0x81, 0x99, 0x01, 0x02, 0x00, 0x84, 0x96, 0x04, 0x00,
    0x90, 0x19, 0x02, 0x00, 0x81, 0x60, 0x49, 0x02, 0x00, 0x81, 0x98, 0x01, 0x02, 0x00, 0x81, 0x96,
    0x04, 0x02, 0x00, 0x80, 0x80, 0x02, 0x99, 0x80, 0x39, 0x04, 0x00, 0x80, 0x98, 0x02, 0x99, 0x80,
    0x03, 0x28, 0x00, 0x2D, 0x00, 0x80, 0x80, 0x04, 0x99, 0x80, 0x49, 0x02, 0x00, 0x05, 0x99, 0x83,
    0x04, 0x00, 0x90, 0x19, 0x02, 0x00, 0x81, 0x60, 0x49, 0x02, 0x00, 0x81, 0x99, 0x01, 0x02, 0x00,
    0x84, 0x96, 0x04, 0x00, 0x90, 0x19, 0x02, 0x00, 0x81, 0x60, 0x49, 0x02, 0x00, 0x81, 0x98, 0x01,
    0x02, 0x00, 0x81, 0x96, 0x04, 0x04, 0x00, 0x81, 0x60, 0x39, 0x06, 0x00, 0x81, 0x96, 0x03, 0x05,
    0x00, 0x81, 0x60, 0x39, 0x06, 0x00, 0x81, 0x96, 0x03, 0x04, 0x00, 0x81, 0x70, 0x39, 0x06, 0x00,
    0x81, 0x97, 0x02, 0x05, 0x00, 0x81, 0x70, 0x29, 0x06, 0x00, 0x81, 0x97, 0x02, 0x29, 0x00, 0x2E,
    0x00, 0x80, 0x80, 0x02, 0x99, 0x80, 0x39, 0x04, 0x00, 0x80, 0x98, 0x02, 0x99, 0x80, 0x03, 0x02,
    0x00, 0x81, 0x80, 0x19, 0x02, 0x00, 0x81, 0x60, 0x49, 0x02, 0x00, 0x81, 0x99, 0x01, 0x02, 0x00,
    0x84, 0x96, 0x04, 0x00, 0x90, 0x19, 0x02, 0x00, 0x81, 0x60, 0x49, 0x02, 0x00, 0x81, 0x98, 0x01,
    0x02, 0x00, 0x81, 0x96, 0x04, 0x02, 0x00, 0x80, 0x80, 0x02, 0x99, 0x80, 0x39, 0x04, 0x00, 0x80,
    0x98, 0x02, 0x99, 0x80, 0x03, 0x02, 0x00, 0x81, 0x80, 0x19, 0x02, 0x00, 0x81, 0x60, 0x49, 0x02,
    0x00, 0x81, 0x99, 0x01, 0x02, 0x00, 0x84, 0x96, 0x04, 0x00, 0x90, 0x19, 0x02, 0x00, 0x81, 0x60,
    0x49, 0x02, 0x00, 0x81, 0x98, 0x01, 0x02, 0x00, 0x81, 0x96, 0x04, 0x02, 0x00, 0x80, 0x80, 0x02,
    0x99, 0x80, 0x39, 0x04, 0x00, 0x80, 0x98, 0x02, 0x99, 0x80, 0x03, 0x28, 0x00, 0x2E, 0x00, 0x80,
    0x80, 0x02, 0x99, 0x80, 0x39, 0x04, 0x00, 0x80, 0x98, 0x02, 0x99, 0x80, 0x03, 0x02, 0x00, 0x81,
    0x80, 0x19, 0x02, 0x00, 0x81, 0x60, 0x49, 0x02, 0x00, 0x81, 0x99, 0x01, 0x02, 0x00, 0x84, 0x96,
    0x04, 0x00, 0x90, 0x19, 0x02, 0x00, 0x81, 0x60, 0x49, 0x02, 0x00, 0x81, 0x98, 0x01, 0x02, 0x00,
    0x81, 0x96, 0x04, 0x02, 0x00, 0x80, 0x80, 0x03, 0x99, 0x80, 0x49, 0x03, 0x00, 0x80, 0x98, 0x03,
    0x99, 0x80, 0x04, 0x05, 0x00, 0x81, 0x60, 0x49, 0x06, 0x00, 0x84, 0x96, 0x04, 0x00, 0x80, 0x19,
    0x02, 0x00, 0x81, 0x60, 0x49, 0x02, 0x00, 0x81, 0x98, 0x01, 0x02, 0x00, 0x81, 0x96, 0x04, 0x02,
    0x00, 0x80, 0x80, 0x02, 0x99, 0x80, 0x39, 0x04, 0x00, 0x80, 0x98, 0x02, 0x99, 0x80, 0x03, 0x28,
    0x00, 0x4D, 0x00, 0x81, 0x70, 0x29, 0x06, 0x00, 0x81, 0x97, 0x02, 0x05, 0x00, 0x81, 0x70, 0x29,
    0x06, 0x00, 0x81, 0x97, 0x02, 0x14, 0x00, 0x81, 0x70, 0x29, 0x06, 0x00, 0x81, 0x97, 0x02, 0x05,
    0x00, 0x81, 0x70, 0x29, 0x06, 0x00, 0x81, 0x97, 0x02, 0x29, 0x00, 0x4D, 0x00, 0x81, 0x70, 0x29,
    0x06, 0x00, 0x81, 0x97, 0x02, 0x05, 0x00, 0x81, 0x70, 0x29, 0x06, 0x00, 0x81, 0x97, 0x02, 0x14,
    0x00, 0x81, 0x70, 0x29, 0x06, 0x00, 0x81, 0x97, 0x02, 0x05, 0x00, 0x81, 0x70, 0x29, 0x06, 0x00,
    0x81, 0x97, 0x02, 0x04, 0x00, 0x81, 0x80, 0x29, 0x06, 0x00, 0x81, 0x98, 0x02, 0x1B, 0x00, 0x4E,
    0x00, 0x82, 0x60, 0x99, 0x49, 0x05, 0x00, 0x82, 0x96, 0x99, 0x04, 0x02, 0x00, 0x82, 0x80, 0x99,
    0x39, 0x05, 0x00, 0x82, 0x98, 0x99, 0x02, 0x03, 0x00, 0x81, 0x80, 0x19, 0x06, 0x00, 0x81, 0x98,
    0x01, 0x06, 0x00, 0x82, 0x80, 0x99, 0x29, 0x05, 0x00, 0x82, 0x98, 0x99, 0x03, 0x06, 0x00, 0x82,
    0x60, 0x99, 0x49, 0x05, 0x00, 0x82, 0x96, 0x99, 0x04, 0x27, 0x00, 0x5A, 0x00, 0x80, 0x80, 0x04,
    0x99, 0x80, 0x49, 0x02, 0x00, 0x80, 0x98, 0x04, 0x99, 0x80, 0x04, 0x10, 0x00, 0x80, 0x80, 0x04,
    0x99, 0x80, 0x49, 0x02, 0x00, 0x80, 0x98, 0x04, 0x99, 0x80, 0x04, 0x36, 0x00, 0x4B, 0x00, 0x82,
    0x80, 0x99, 0x29, 0x05, 0x00, 0x82, 0x98, 0x99, 0x02, 0x06, 0x00, 0x82, 0x70, 0x99, 0x39, 0x05,
    0x00, 0x82, 0x97, 0x99, 0x03, 0x06, 0x00, 0x81, 0x60, 0x49, 0x06, 0x00, 0x81, 0x96, 0x04, 0x03,
    0x00, 0x82, 0x70, 0x99, 0x39, 0x05, 0x00, 0x82, 0x97, 0x99, 0x03, 0x02, 0x00, 0x82, 0x80, 0x99,
    0x29, 0x05, 0x00, 0x82, 0x98, 0x99, 0x02, 0x2A, 0x00, 0x2E, 0x00, 0x80, 0x80, 0x02, 0x99, 0x80,
    0x39, 0x04, 0x00, 0x80, 0x98, 0x02, 0x99, 0x80, 0x03, 0x02, 0x00, 0x81, 0x80, 0x19, 0x02, 0x00,
    0x81, 0x60, 0x49, 0x02, 0x00, 0x81, 0x99, 0x01, 0x02, 0x00, 0x84, 0x96, 0x04, 0x00, 0x90, 0x19,
    0x02, 0x00, 0x81, 0x60, 0x49, 0x02, 0x00, 0x81, 0x98, 0x01, 0x02, 0x00, 0x81, 0x96, 0x04, 0x04,
    0x00, 0x81, 0x60, 0x39, 0x06, 0x00, 0x81, 0x96, 0x03, 0x04, 0x00, 0x81, 0x70, 0x39, 0x06, 0x00,
    0x81, 0x97, 0x02, 0x14, 0x00, 0x81, 0x70, 0x29, 0x06, 0x00, 0x81, 0x97, 0x02, 0x29, 0x00, 0x2E,
    0x00, 0x80, 0x80, 0x02, 0x99, 0x80, 0x39, 0x04, 0x00, 0x80, 0x98, 0x02, 0x99, 0x80, 0x03, 0x02,
    0x00, 0x81, 0x80, 0x19, 0x02, 0x00, 0x81, 0x60, 0x49, 0x02, 0x00, 0x81, 0x99, 0x01, 0x02, 0x00,
    0x84, 0x96, 0x04, 0x00, 0x90, 0x19, 0x02, 0x00, 0x81, 0x60, 0x49, 0x02, 0x00, 0x81, 0x99, 0x01,
    0x02, 0x00, 0x88, 0x96, 0x04, 0x00, 0x90, 0x19, 0x70, 0x29, 0x60, 0x49, 0x02, 0x00, 0x8C, 0x99,
    0x01, 0x97, 0x02, 0x96, 0x04, 0x00, 0x90, 0x19, 0x70, 0x29, 0x60, 0x49, 0x02, 0x00, 0x8C, 0x99,
    0x01, 0x97, 0x02, 0x96, 0x04, 0x00, 0x90, 0x19, 0x70, 0x29, 0x60, 0x49, 0x02, 0x00, 0x8B, 0x99,
    0x01, 0x97, 0x03, 0x96, 0x04, 0x00, 0x90, 0x19, 0x00, 0x60, 0x39, 0x03, 0x00, 0x84, 0x99, 0x01,
    0x00, 0x96, 0x03, 0x02, 0x00, 0x81, 0x90, 0x19, 0x06, 0x00, 0x81, 0x98, 0x01, 0x06, 0x00, 0x80,
    0x80, 0x02, 0x99, 0x80, 0x39, 0x04, 0x00, 0x80, 0x98, 0x02, 0x99, 0x80, 0x03, 0x0A, 0x00, 0x2E,
    0x00, 0x80, 0x80, 0x02, 0x99, 0x80, 0x39, 0x04, 0x00, 0x80, 0x98, 0x02, 0x99, 0x80, 0x03, 0x02,
    0x00, 0x81, 0x80, 0x19, 0x02, 0x00, 0x81, 0x60, 0x49, 0x02, 0x00, 0x81, 0x99, 0x01, 0x02, 0x00,
    0x84, 0x96, 0x04, 0x00, 0x90, 0x19, 0x02, 0x00, 0x81, 0x60, 0x49, 0x02, 0x00, 0x81, 0x99, 0x01,
    0x02, 0x00, 0x84, 0x96, 0x04, 0x00, 0x90, 0x19, 0x02, 0x00, 0x81, 0x60, 0x49, 0x02, 0x00, 0x81,
    0x99, 0x01, 0x02, 0x00, 0x83, 0x96, 0x04, 0x00, 0x90, 0x04, 0x99, 0x80, 0x49, 0x02, 0x00, 0x05,
    0x99, 0x83, 0x04, 0x00, 0x90, 0x19, 0x02, 0x00, 0x81, 0x60, 0x49, 0x02, 0x00, 0x81, 0x99, 0x01,
    0x02, 0x00, 0x84, 0x96, 0x04, 0x00, 0x90, 0x19, 0x02, 0x00, 0x81, 0x60, 0x49, 0x02, 0x00, 0x81,
    0x98, 0x01, 0x02, 0x00, 0x81, 0x96, 0x04, 0x27, 0x00, 0x2D, 0x00, 0x80, 0x80, 0x03, 0x99, 0x80,
    0x39, 0x03, 0x00, 0x04, 0x99, 0x80, 0x03, 0x02, 0x00, 0x81, 0x90, 0x19, 0x02, 0x00, 0x81, 0x60,
    0x49, 0x02, 0x00, 0x81, 0x99, 0x01, 0x02, 0x00, 0x84, 0x96, 0x04, 0x00, 0x90, 0x19, 0x02, 0x00,
    0x81, 0x60, 0x49, 0x02, 0x00, 0x81, 0x99, 0x01, 0x02, 0x00, 0x83, 0x96, 0x04, 0x00, 0x90, 0x03,
    0x99, 0x80, 0x39, 0x03, 0x00, 0x04, 0x99, 0x80, 0x03, 0x02, 0x00, 0x81, 0x90, 0x19, 0x02, 0x00,
    0x81, 0x60, 0x49, 0x02, 0x00, 0x81, 0x99, 0x01, 0x02, 0x00, 0x84, 0x96, 0x04, 0x00, 0x90, 0x19,
    0x02, 0x00, 0x81, 0x60, 0x49, 0x02, 0x00, 0x81, 0x99, 0x01, 0x02, 0x00, 0x83, 0x96, 0x04, 0x00,
    0x90, 0x03, 0x99, 0x80, 0x39, 0x03, 0x00, 0x80, 0x98, 0x03, 0x99, 0x80, 0x03, 0x28, 0x00, 0x2E,
    0x00, 0x80, 0x80, 0x02, 0x99, 0x80, 0x39, 0x04, 0x00, 0x80, 0x98, 0x02, 0x99, 0x80, 0x03, 0x02,
    0x00, 0x81, 0x80, 0x19, 0x02, 0x00, 0x81, 0x60, 0x49, 0x02, 0x00, 0x81, 0x99, 0x01, 0x02, 0x00,
    0x84, 0x96, 0x04, 0x00, 0x90, 0x19, 0x06, 0x00, 0x81, 0x99, 0x01, 0x05, 0x00, 0x81, 0x90, 0x19,
    0x06, 0x00, 0x81, 0x99, 0x01, 0x05, 0x00, 0x81, 0x90, 0x19, 0x06, 0x00, 0x81, 0x99, 0x01, 0x05,
    0x00, 0x81, 0x90, 0x19, 0x02, 0x00, 0x81, 0x60, 0x49, 0x02, 0x00, 0x81, 0x98, 0x01, 0x02, 0x00,
    0x81, 0x96, 0x04, 0x02, 0x00, 0x80, 0x80, 0x02, 0x99, 0x80, 0x39, 0x04, 0x00, 0x80, 0x98, 0x02,
    0x99, 0x80, 0x03, 0x28, 0x00, 0x2D, 0x00, 0x80, 0x80, 0x03, 0x99, 0x80, 0x39, 0x03, 0x00, 0x04,
    0x99, 0x80, 0x03, 0x02, 0x00, 0x81, 0x90, 0x19, 0x02, 0x00, 0x81, 0x60, 0x49, 0x02, 0x00, 0x81,
    0x99, 0x01, 0x02, 0x00, 0x84, 0x96, 0x04, 0x00, 0x90, 0x19, 0x02, 0x00, 0x81, 0x60, 0x49, 0x02,
    0x00, 0x81, 0x99, 0x01, 0x02, 0x00, 0x84, 0x96, 0x04, 0x00, 0x90, 0x19, 0x02, 0x00, 0x81, 0x60,
    0x49, 0x02, 0x00, 0x81, 0x99, 0x01, 0x02, 0x00, 0x84, 0x96, 0x04, 0x00, 0x90, 0x19, 0x02, 0x00,
    0x81, 0x60, 0x49, 0x02, 0x00, 0x81, 0x99, 0x01, 0x02, 0x00, 0x84, 0x96, 0x04, 0x00, 0x90, 0x19,
    0x02, 0x00, 0x81, 0x60, 0x49, 0x02, 0x00, 0x81, 0x99, 0x01, 0x02, 0x00, 0x83, 0x96, 0x04, 0x00,
    0x90, 0x03, 0x99, 0x80, 0x39, 0x03, 0x00, 0x80, 0x98, 0x03, 0x99, 0x80, 0x03, 0x28, 0x00, 0x2D,
    0x00, 0x80, 0x80, 0x04, 0x99, 0x80, 0x49, 0x02, 0x00, 0x05, 0x99, 0x83, 0x04, 0x00, 0x90, 0x19,
    0x06, 0x00, 0x81, 0x99, 0x01, 0x05, 0x00, 0x81, 0x90, 0x19, 0x06, 0x00, 0x81, 0x99, 0x01, 0x05,
    0x00, 0x80, 0x90, 0x03, 0x99, 0x80, 0x39, 0x03, 0x00, 0x04, 0x99, 0x80, 0x03, 0x02, 0x00, 0x81,
    0x90, 0x19, 0x06, 0x00, 0x81, 0x99, 0x01, 0x05, 0x00, 0x81, 0x90, 0x19, 0x06, 0x00, 0x81, 0x99,
    0x01, 0x05, 0x00, 0x80, 0x90, 0x04, 0x99, 0x80, 0x49, 0x02, 0x00, 0x80, 0x98, 0x04, 0x99, 0x80,
    0x04, 0x27, 0x00, 0x2D, 0x00, 0x80, 0x80, 0x04, 0x99, 0x80, 0x49, 0x02, 0x00, 0x05, 0x99, 0x83,
    0x04, 0x00, 0x90, 0x19, 0x06, 0x00, 0x81, 0x99, 0x01, 0x05, 0x00, 0x81, 0x90, 0x19, 0x06, 0x00,
    0x81, 0x99, 0x01, 0x05, 0x00, 0x80, 0x90, 0x03, 0x99, 0x80, 0x39, 0x03, 0x00, 0x04, 0x99, 0x80,
    0x03, 0x02, 0x00, 0x81, 0x90, 0x19, 0x06, 0x00, 0x81, 0x99, 0x01, 0x05, 0x00, 0x81, 0x90, 0x19,
    0x06, 0x00, 0x81, 0x99, 0x01, 0x05, 0x00, 0x81, 0x90, 0x19, 0x06, 0x00, 0x81, 0x98, 0x01, 0x2B,
    0x00, 0x2E, 0x00, 0x80, 0x80, 0x02, 0x99, 0x80, 0x39, 0x04, 0x00, 0x80, 0x98, 0x02, 0x99, 0x80,
    0x03, 0x02, 0x00, 0x81, 0x80, 0x19, 0x02, 0x00, 0x81, 0x60, 0x49, 0x02, 0x00, 0x81, 0x99, 0x01,
    0x02, 0x00, 0x84, 0x96, 0x04, 0x00, 0x90, 0x19, 0x06, 0x00, 0x81, 0x99, 0x01, 0x05, 0x00, 0x82,
    0x90, 0x19, 0x70, 0x02, 0x99, 0x80, 0x49, 0x02, 0x00, 0x82, 0x99, 0x01, 0x97, 0x02, 0x99, 0x83,
    0x04, 0x00, 0x90, 0x19, 0x02, 0x00, 0x81, 0x60, 0x49, 0x02, 0x00, 0x81, 0x99, 0x01, 0x02, 0x00,
    0x84, 0x96, 0x04, 0x00, 0x90, 0x19, 0x02, 0x00, 0x81, 0x60, 0x49, 0x02, 0x00, 0x81, 0x98, 0x01,
    0x02, 0x00, 0x81, 0x96, 0x04, 0x02, 0x00, 0x80, 0x80, 0x02, 0x99, 0x80, 0x39, 0x04, 0x00, 0x80,
    0x98, 0x02, 0x99, 0x80, 0x03, 0x28, 0x00, 0x2D, 0x00, 0x81, 0x80, 0x19, 0x02, 0x00, 0x81, 0x60,
    0x49, 0x02, 0x00, 0x81, 0x99, 0x01, 0x02, 0x00, 0x84, 0x96, 0x04, 0x00, 0x90, 0x19, 0x02, 0x00,
    0x81, 0x60, 0x49, 0x02, 0x00, 0x81, 0x99, 0x01, 0x02, 0x00, 0x84, 0x96, 0x04, 0x00, 0x90, 0x19,
    0x02, 0x00, 0x81, 0x60, 0x49, 0x02, 0x00, 0x81, 0x99, 0x01, 0x02, 0x00, 0x83, 0x96, 0x04, 0x00,
    0x90, 0x04, 0x99, 0x80, 0x49, 0x02, 0x00, 0x05, 0x99, 0x83, 0x04, 0x00, 0x90, 0x19, 0x02, 0x00,
    0x81, 0x60, 0x49, 0x02, 0x00, 0x81, 0x99, 0x01, 0x02, 0x00, 0x84, 0x96, 0x04, 0x00, 0x90, 0x19,
    0x02, 0x00, 0x81, 0x60, 0x49, 0x02, 0x00, 0x81, 0x99, 0x01, 0x02, 0x00, 0x84, 0x96, 0x04, 0x00,
    0x90, 0x19, 0x02, 0x00, 0x81, 0x60, 0x49, 0x02, 0x00, 0x81, 0x98, 0x01, 0x02, 0x00, 0x81, 0x96,
    0x04, 0x27, 0x00, 0x2D, 0x00, 0x80, 0x80, 0x04, 0x99, 0x80, 0x49, 0x02, 0x00, 0x80, 0x98, 0x04,
    0x99, 0x80, 0x04, 0x03, 0x00, 0x81, 0x70, 0x39, 0x06, 0x00, 0x81, 0x97, 0x02, 0x05, 0x00, 0x81,
    0x70, 0x29, 0x06, 0x00, 0x81, 0x97, 0x02, 0x05, 0x00, 0x81, 0x70, 0x29, 0x06, 0x00, 0x81, 0x97,
    0x02, 0x05, 0x00, 0x81, 0x70, 0x29, 0x06, 0x00, 0x81, 0x97, 0x02, 0x05, 0x00, 0x81, 0x70, 0x29,
    0x06, 0x00, 0x81, 0x97, 0x03, 0x03, 0x00, 0x80, 0x80, 0x04, 0x99, 0x80, 0x49, 0x02, 0x00, 0x80,
    0x98, 0x04, 0x99, 0x80, 0x04, 0x27, 0x00, 0x2E, 0x00, 0x80, 0x80, 0x03, 0x99, 0x80, 0x49, 0x03,
    0x00, 0x80, 0x98, 0x03, 0x99, 0x80, 0x04, 0x05, 0x00, 0x81, 0x60, 0x49, 0x06, 0x00, 0x81, 0x96,
    0x04, 0x05, 0x00, 0x81, 0x60, 0x49, 0x06, 0x00, 0x81, 0x96, 0x04, 0x05, 0x00, 0x81, 0x60, 0x49,
    0x06, 0x00, 0x84, 0x96, 0x04, 0x00, 0x80, 0x19, 0x02, 0x00, 0x81, 0x60, 0x49, 0x02, 0x00, 0x81,
    0x99, 0x01, 0x02, 0x00, 0x84, 0x96, 0x04, 0x00, 0x90, 0x19, 0x02, 0x00, 0x81, 0x60, 0x49, 0x02,
    0x00, 0x81, 0x98, 0x01, 0x02, 0x00, 0x81, 0x96, 0x04, 0x02, 0x00, 0x80, 0x80, 0x02, 0x99, 0x80,
    0x39, 0x04, 0x00, 0x80, 0x98, 0x02, 0x99, 0x80, 0x03, 0x28, 0x00, 0x2D, 0x00, 0x81, 0x80, 0x19,
    0x02, 0x00, 0x81, 0x60, 0x49, 0x02, 0x00, 0x81, 0x99, 0x01, 0x02, 0x00, 0x84, 0x96, 0x04, 0x00,
    0x90, 0x19, 0x02, 0x00, 0x81, 0x60, 0x49, 0x02, 0x00, 0x81, 0x99, 0x01, 0x02, 0x00, 0x87, 0x96,
    0x04, 0x00, 0x90, 0x19, 0x00, 0x60, 0x39, 0x03, 0x00, 0x84, 0x99, 0x01, 0x00, 0x96, 0x03, 0x02,
    0x00, 0x80, 0x90, 0x02, 0x99, 0x80, 0x39, 0x04, 0x00, 0x03, 0x99, 0x80, 0x03, 0x03, 0x00, 0x84,
    0x90, 0x19, 0x00, 0x60, 0x39, 0x03, 0x00, 0x84, 0x99, 0x01, 0x00, 0x96, 0x03, 0x02, 0x00, 0x81,
    0x90, 0x19, 0x02, 0x00, 0x81, 0x60, 0x49, 0x02, 0x00, 0x81, 0x99, 0x01, 0x02, 0x00, 0x84, 0x96,
    0x04, 0x00, 0x90, 0x19, 0x02, 0x00, 0x81, 0x60, 0x49, 0x02, 0x00, 0x81, 0x98, 0x01, 0x02, 0x00,
    0x81, 0x96, 0x04, 0x27, 0x00, 0x2D, 0x00, 0x81, 0x80, 0x19, 0x06, 0x00, 0x81, 0x99, 0x01, 0x05,
    0x00, 0x81, 0x90, 0x19, 0x06, 0x00, 0x81, 0x99, 0x01, 0x05, 0x00, 0x81, 0x90, 0x19, 0x06, 0x00,
    0x81, 0x99, 0x01, 0x05, 0x00, 0x81, 0x90, 0x19, 0x06, 0x00, 0x81, 0x99, 0x01, 0x05, 0x00, 0x81,
    0x90, 0x19, 0x02, 0x00, 0x81, 0x60, 0x49, 0x02, 0x00, 0x81, 0x99, 0x01, 0x02, 0x00, 0x84, 0x96,
    0x04, 0x00, 0x90, 0x19, 0x02, 0x00, 0x81, 0x60, 0x49, 0x02, 0x00, 0x81, 0x99, 0x01, 0x02, 0x00,
    0x83, 0x96, 0x04, 0x00, 0x90, 0x04, 0x99, 0x80, 0x49, 0x02, 0x00, 0x80, 0x98, 0x04, 0x99, 0x80,
    0x04, 0x27, 0x00, 0x2D, 0x00, 0x81, 0x80, 0x19, 0x02, 0x00, 0x81, 0x60, 0x49, 0x02, 0x00, 0x81,
    0x99, 0x01, 0x02, 0x00, 0x88, 0x96, 0x04, 0x00, 0x90, 0x99, 0x29, 0x60, 0x99, 0x49, 0x02, 0x00,
    0x02, 0x99, 0x8A, 0x02, 0x96, 0x99, 0x04, 0x00, 0x90, 0x19, 0x70, 0x39, 0x60, 0x49, 0x02, 0x00,
    0x8C, 0x99, 0x01, 0x97, 0x02, 0x96, 0x04, 0x00, 0x90, 0x19, 0x70, 0x29, 0x60, 0x49, 0x02, 0x00,
    0x88, 0x99, 0x01, 0x97, 0x02, 0x96, 0x04, 0x00, 0x90, 0x19, 0x02, 0x00, 0x81, 0x60, 0x49, 0x02,
    0x00, 0x81, 0x99, 0x01, 0x02, 0x00, 0x84, 0x96, 0x04, 0x00, 0x90, 0x19, 0x02, 0x00, 0x81, 0x60,
    0x49, 0x02, 0x00, 0x81, 0x99, 0x01, 0x02, 0x00, 0x84, 0x96, 0x04, 0x00, 0x90, 0x19, 0x02, 0x00,
    0x81, 0x60, 0x49, 0x02, 0x00, 0x81, 0x98, 0x01, 0x02, 0x00, 0x81, 0x96, 0x04, 0x27, 0x00, 0x2D,
    0x00, 0x81, 0x80, 0x19, 0x02, 0x00, 0x81, 0x60, 0x49, 0x02, 0x00, 0x81, 0x99, 0x01, 0x02, 0x00,
    0x84, 0x96, 0x04, 0x00, 0x90, 0x19, 0x02, 0x00, 0x81, 0x60, 0x49, 0x02, 0x00, 0x81, 0x99, 0x01,
    0x02, 0x00, 0x88, 0x96, 0x04, 0x00, 0x90, 0x99, 0x29, 0x00, 0x60, 0x49, 0x02, 0x00, 0x02, 0x99,
    0x8A, 0x02, 0x00, 0x96, 0x04, 0x00, 0x90, 0x19, 0x70, 0x29, 0x60, 0x49, 0x02, 0x00, 0x8C, 0x99,
    0x01, 0x97, 0x03, 0x96, 0x04, 0x00, 0x90, 0x19, 0x00, 0x60, 0x99, 0x49, 0x02, 0x00, 0x88, 0x99,
    0x01, 0x00, 0x96, 0x99, 0x04, 0x00, 0x90, 0x19, 0x02, 0x00, 0x81, 0x60, 0x49, 0x02, 0x00, 0x81,
    0x99, 0x01, 0x02, 0x00, 0x84, 0x96, 0x04, 0x00, 0x90, 0x19, 0x02, 0x00, 0x81, 0x60, 0x49, 0x02,
    0x00, 0x81, 0x98, 0x01, 0x02, 0x00, 0x81, 0x96, 0x04, 0x27, 0x00, 0x2E, 0x00, 0x80, 0x80, 0x02,
    0x99, 0x80, 0x39, 0x04, 0x00, 0x80, 0x98, 0x02, 0x99, 0x80, 0x03, 0x02, 0x00, 0x81, 0x80, 0x19,
    0x02, 0x00, 0x81, 0x60, 0x49, 0x02, 0x00, 0x81, 0x99, 0x01, 0x02, 0x00, 0x84, 0x96, 0x04, 0x00,
    0x90, 0x19, 0x02, 0x00, 0x81, 0x60, 0x49, 0x02, 0x00, 0x81, 0x99, 0x01, 0x02, 0x00, 0x84, 0x96,
    0x04, 0x00, 0x90, 0x19, 0x02, 0x00, 0x81, 0x60, 0x49, 0x02, 0x00, 0x81, 0x99, 0x01, 0x02, 0x00,
    0x84, 0x96, 0x04, 0x00, 0x90, 0x19, 0x02, 0x00, 0x81, 0x60, 0x49, 0x02, 0x00, 0x81, 0x99, 0x01,
    0x02, 0x00, 0x84, 0x96, 0x04, 0x00, 0x90, 0x19, 0x02, 0x00, 0x81, 0x60, 0x49, 0x02, 0x00, 0x81,
    0x98, 0x01, 0x02, 0x00, 0x81, 0x96, 0x04, 0x02, 0x00, 0x80, 0x80, 0x02, 0x99, 0x80, 0x39, 0x04,
    0x00, 0x80, 0x98, 0x02, 0x99, 0x80, 0x03, 0x28, 0x00, 0x2D, 0x00, 0x80, 0x80, 0x03, 0x99, 0x80,
    0x39, 0x03, 0x00, 0x04, 0x99, 0x80, 0x03, 0x02, 0x00, 0x81, 0x90, 0x19, 0x02, 0x00, 0x81, 0x60,
    0x49, 0x02, 0x00, 0x81, 0x99, 0x01, 0x02, 0x00, 0x84, 0x96, 0x04, 0x00, 0x90, 0x19, 0x02, 0x00,
    0x81, 0x60, 0x49, 0x02, 0x00, 0x81, 0x99, 0x01, 0x02, 0x00, 0x84, 0x96, 0x04, 0x00, 0x90, 0x19,
    0x02, 0x00, 0x81, 0x60, 0x49, 0x02, 0x00, 0x81, 0x99, 0x01, 0x02, 0x00, 0x83, 0x96, 0x04, 0x00,
    0x90, 0x03, 0x99, 0x80, 0x39, 0x03, 0x00, 0x04, 0x99, 0x80, 0x03, 0x02, 0x00, 0x81, 0x90, 0x19,
    0x06, 0x00, 0x81, 0x99, 0x01, 0x05, 0x00, 0x81, 0x90, 0x19, 0x06, 0x00, 0x81, 0x98, 0x01, 0x2B,
    0x00, 0x2E, 0x00, 0x80, 0x80, 0x02, 0x99, 0x80, 0x39, 0x04, 0x00, 0x80, 0x98, 0x02, 0x99, 0x80,
    0x03, 0x02, 0x00, 0x81, 0x80, 0x19, 0x02, 0x00, 0x81, 0x60, 0x49, 0x02, 0x00, 0x81, 0x99, 0x01,
    0x02, 0x00, 0x84, 0x96, 0x04, 0x00, 0x90, 0x19, 0x02, 0x00, 0x81, 0x60, 0x49, 0x02, 0x00, 0x81,
    0x99, 0x01, 0x02, 0x00, 0x84, 0x96, 0x04, 0x00, 0x90, 0x19, 0x02, 0x00, 0x81, 0x60, 0x49, 0x02,
    0x00, 0x81, 0x99, 0x01, 0x02, 0x00, 0x88, 0x96, 0x04, 0x00, 0x90, 0x19, 0x70, 0x29, 0x60, 0x49,
    0x02, 0x00, 0x8C, 0x99, 0x01, 0x97, 0x02, 0x96, 0x04, 0x00, 0x90, 0x19, 0x70, 0x29, 0x60, 0x49,
    0x02, 0x00, 0x85, 0x98, 0x01, 0x97, 0x03, 0x96, 0x04, 0x02, 0x00, 0x80, 0x80, 0x02, 0x99, 0x80,
    0x39, 0x04, 0x00, 0x80, 0x98, 0x02, 0x99, 0x80, 0x03, 0x04, 0x00, 0x81, 0x70, 0x39, 0x06, 0x00,
    0x81, 0x97, 0x02, 0x1A, 0x00, 0x2D, 0x00, 0x80, 0x80, 0x03, 0x99, 0x80, 0x39, 0x03, 0x00, 0x04,
    0x99, 0x80, 0x03, 0x02, 0x00, 0x81, 0x90, 0x19, 0x02, 0x00, 0x81, 0x60, 0x49, 0x02, 0x00, 0x81,
    0x99, 0x01, 0x02, 0x00, 0x84, 0x96, 0x04, 0x00, 0x90, 0x19, 0x02, 0x00, 0x81, 0x60, 0x49, 0x02,
    0x00, 0x81, 0x99, 0x01, 0x02, 0x00, 0x84, 0x96, 0x04, 0x00, 0x90, 0x19, 0x02, 0x00, 0x81, 0x60,
    0x49, 0x02, 0x00, 0x81, 0x99, 0x01, 0x02, 0x00, 0x83, 0x96, 0x04, 0x00, 0x90, 0x03, 0x99, 0x80,
    0x39, 0x03, 0x00, 0x04, 0x99, 0x80, 0x03, 0x02, 0x00, 0x81, 0x90, 0x19, 0x02, 0x00, 0x81, 0x60,
    0x49, 0x02, 0x00, 0x81, 0x99, 0x01, 0x02, 0x00, 0x84, 0x96, 0x04, 0x00, 0x90, 0x19, 0x02, 0x00,
    0x81, 0x60, 0x49, 0x02, 0x00, 0x81, 0x98, 0x01, 0x02, 0x00, 0x81, 0x96, 0x04, 0x27, 0x00, 0x2E,
    0x00, 0x80, 0x80, 0x02, 0x99, 0x80, 0x39, 0x04, 0x00, 0x80, 0x98, 0x02, 0x99, 0x80, 0x03, 0x02,
    0x00, 0x81, 0x80, 0x19, 0x02, 0x00, 0x81, 0x60, 0x49, 0x02, 0x00, 0x81, 0x99, 0x01, 0x02, 0x00,
    0x84, 0x96, 0x04, 0x00, 0x90, 0x19, 0x06, 0x00, 0x81, 0x98, 0x01, 0x06, 0x00, 0x80, 0x80, 0x02,
    0x99, 0x80, 0x39, 0x04, 0x00, 0x80, 0x98, 0x02, 0x99, 0x80, 0x03, 0x06, 0x00, 0x81, 0x60, 0x49,
    0x06, 0x00, 0x84, 0x96, 0x04, 0x00, 0x80, 0x19, 0x02, 0x00, 0x81, 0x60, 0x49, 0x02, 0x00, 0x81,
    0x98, 0x01, 0x02, 0x00, 0x81, 0x96, 0x04, 0x02, 0x00, 0x80, 0x80, 0x02, 0x99, 0x80, 0x39, 0x04,
    0x00, 0x80, 0x98, 0x02, 0x99, 0x80, 0x03, 0x28, 0x00, 0x2D, 0x00, 0x80, 0x80, 0x04, 0x99, 0x80,
    0x49, 0x02, 0x00, 0x80, 0x98, 0x04, 0x99, 0x80, 0x04, 0x03, 0x00, 0x81, 0x70, 0x39, 0x06, 0x00,
    0x81, 0x97, 0x02, 0x05, 0x00, 0x81, 0x70, 0x29, 0x06, 0x00, 0x81, 0x97, 0x02, 0x05, 0x00, 0x81,
    0x70, 0x29, 0x06, 0x00, 0x81, 0x97, 0x02, 0x05, 0x00, 0x81, 0x70, 0x29, 0x06, 0x00, 0x81, 0x97,
    0x02, 0x05, 0x00, 0x81, 0x70, 0x29, 0x06, 0x00, 0x81, 0x97, 0x02, 0x05, 0x00, 0x81, 0x70, 0x29,
    0x06, 0x00, 0x81, 0x97, 0x02, 0x29, 0x00, 0x2D, 0x00, 0x81, 0x80, 0x19, 0x02, 0x00, 0x81, 0x60,
    0x49, 0x02, 0x00, 0x81, 0x99, 0x01, 0x02, 0x00, 0x84, 0x96, 0x04, 0x00, 0x90, 0x19, 0x02, 0x00,
    0x81, 0x60, 0x49, 0x02, 0x00, 0x81, 0x99, 0x01, 0x02, 0x00, 0x84, 0x96, 0x04, 0x00, 0x90, 0x19,
    0x02, 0x00, 0x81, 0x60, 0x49, 0x02, 0x00, 0x81, 0x99, 0x01, 0x02, 0x00, 0x84, 0x96, 0x04, 0x00,
    0x90, 0x19, 0x02, 0x00, 0x81, 0x60, 0x49, 0x02, 0x00, 0x81, 0x99, 0x01, 0x02, 0x00, 0x84, 0x96,
    0x04, 0x00, 0x90, 0x19, 0x02, 0x00, 0x81, 0x60, 0x49, 0x02, 0x00, 0x81, 0x99, 0x01, 0x02, 0x00,
    0x84, 0x96, 0x04, 0x00, 0x90, 0x19, 0x02, 0x00, 0x81, 0x60, 0x49, 0x02, 0x00, 0x81, 0x98, 0x01,
    0x02, 0x00, 0x81, 0x96, 0x04, 0x02, 0x00, 0x80, 0x80, 0x02, 0x99, 0x80, 0x39, 0x04, 0x00, 0x80,
    0x98, 0x02, 0x99, 0x80, 0x03, 0x28, 0x00, 0x2D, 0x00, 0x81, 0x80, 0x19, 0x02, 0x00, 0x81, 0x60,
    0x49, 0x02, 0x00, 0x81, 0x99, 0x01, 0x02, 0x00, 0x84, 0x96, 0x04, 0x00, 0x90, 0x19, 0x02, 0x00,
    0x81, 0x60, 0x49, 0x02, 0x00, 0x81, 0x99, 0x01, 0x02, 0x00, 0x84, 0x96, 0x04, 0x00, 0x90, 0x19,
    0x02, 0x00, 0x81, 0x60, 0x49, 0x02, 0x00, 0x81, 0x99, 0x01, 0x02, 0x00, 0x84, 0x96, 0x04, 0x00,
    0x90, 0x19, 0x02, 0x00, 0x81, 0x60, 0x49, 0x02, 0x00, 0x81, 0x99, 0x01, 0x02, 0x00, 0x84, 0x96,
    0x04, 0x00, 0x90, 0x19, 0x02, 0x00, 0x81, 0x60, 0x49, 0x02, 0x00, 0x81, 0x98, 0x01, 0x02, 0x00,
    0x81, 0x96, 0x04, 0x02, 0x00, 0x83, 0x80, 0x29, 0x60, 0x39, 0x04, 0x00, 0x83, 0x98, 0x02, 0x96,
    0x03, 0x04, 0x00, 0x81, 0x70, 0x39, 0x06, 0x00, 0x81, 0x97, 0x02, 0x29, 0x00, 0x2D, 0x00, 0x81,
    0x80, 0x19, 0x02, 0x00, 0x81, 0x60, 0x49, 0x02, 0x00, 0x81, 0x99, 0x01, 0x02, 0x00, 0x84, 0x96,
    0x04, 0x00, 0x90, 0x19, 0x02, 0x00, 0x81, 0x60, 0x49, 0x02, 0x00, 0x81, 0x99, 0x01, 0x02, 0x00,
    0x84, 0x96, 0x04, 0x00, 0x90, 0x19, 0x02, 0x00, 0x81, 0x60, 0x49, 0x02, 0x00, 0x81, 0x99, 0x01,
    0x02, 0x00, 0x88, 0x96, 0x04, 0x00, 0x90, 0x19, 0x70, 0x29, 0x60, 0x49, 0x02, 0x00, 0x8C, 0x99,
    0x01, 0x97, 0x02, 0x96, 0x04, 0x00, 0x90, 0x19, 0x70, 0x29, 0x60, 0x49, 0x02, 0x00, 0x8C, 0x99,
    0x01, 0x97, 0x02, 0x96, 0x04, 0x00, 0x90, 0x19, 0x70, 0x29, 0x60, 0x49, 0x02, 0x00, 0x85, 0x98,
    0x01, 0x97, 0x03, 0x96, 0x04, 0x02, 0x00, 0x83, 0x80, 0x29, 0x60, 0x39, 0x04, 0x00, 0x83, 0x98,
    0x02, 0x96, 0x03, 0x28, 0x00, 0x2D, 0x00, 0x81, 0x80, 0x19, 0x02, 0x00, 0x81, 0x60, 0x49, 0x02,
    0x00, 0x81, 0x99, 0x01, 0x02, 0x00, 0x84, 0x96, 0x04, 0x00, 0x90, 0x19, 0x02, 0x00, 0x81, 0x60,
    0x49, 0x02, 0x00, 0x81, 0x98, 0x01, 0x02, 0x00, 0x81, 0x96, 0x04, 0x02, 0x00, 0x83, 0x80, 0x29,
    0x60, 0x39, 0x04, 0x00, 0x83, 0x98, 0x02, 0x96, 0x03, 0x04, 0x00, 0x81, 0x70, 0x39, 0x06, 0x00,
    0x81, 0x97, 0x03, 0x04, 0x00, 0x83, 0x80, 0x29, 0x60, 0x39, 0x04, 0x00, 0x83, 0x98, 0x02, 0x96,
    0x03, 0x02, 0x00, 0x81, 0x80, 0x19, 0x02, 0x00, 0x81, 0x60, 0x49, 0x02, 0x00, 0x81, 0x99, 0x01,
    0x02, 0x00, 0x84, 0x96, 0x04, 0x00, 0x90, 0x19, 0x02, 0x00, 0x81, 0x60, 0x49, 0x02, 0x00, 0x81,
    0x98, 0x01, 0x02, 0x00, 0x81, 0x96, 0x04, 0x27, 0x00, 0x2D, 0x00, 0x81, 0x80, 0x19, 0x02, 0x00,
    0x81, 0x60, 0x49, 0x02, 0x00, 0x81, 0x99, 0x01, 0x02, 0x00, 0x84, 0x96, 0x04, 0x00, 0x90, 0x19,
    0x02, 0x00, 0x81, 0x60, 0x49, 0x02, 0x00, 0x81, 0x99, 0x01, 0x02, 0x00, 0x84, 0x96, 0x04, 0x00,
    0x90, 0x19, 0x02, 0x00, 0x81, 0x60, 0x49, 0x02, 0x00, 0x81, 0x98, 0x01, 0x02, 0x00, 0x81, 0x96,
    0x04, 0x02, 0x00, 0x83, 0x80, 0x29, 0x60, 0x39, 0x04, 0x00, 0x83, 0x98, 0x02, 0x96, 0x03, 0x04,
    0x00, 0x81, 0x70, 0x39, 0x06, 0x00, 0x81, 0x97, 0x02, 0x05, 0x00, 0x81, 0x70, 0x29, 0x06, 0x00,
    0x81, 0x97, 0x02, 0x05, 0x00, 0x81, 0x70, 0x29, 0x06, 0x00, 0x81, 0x97, 0x02, 0x29, 0x00, 0x2D,
    0x00, 0x80, 0x80, 0x04, 0x99, 0x80, 0x49, 0x02, 0x00, 0x80, 0x98, 0x04, 0x99, 0x80, 0x04, 0x05,
    0x00, 0x81, 0x60, 0x49, 0x06, 0x00, 0x81, 0x96, 0x04, 0x04, 0x00, 0x81, 0x60, 0x39, 0x06, 0x00,
    0x81, 0x96, 0x03, 0x04, 0x00, 0x81, 0x70, 0x39, 0x06, 0x00, 0x81, 0x97, 0x02, 0x04, 0x00, 0x81,
    0x80, 0x29, 0x06, 0x00, 0x81, 0x98, 0x02, 0x04, 0x00, 0x81, 0x80, 0x19, 0x06, 0x00, 0x81, 0x99,
    0x01, 0x05, 0x00, 0x80, 0x90, 0x04, 0x99, 0x80, 0x49, 0x02, 0x00, 0x80, 0x98, 0x04, 0x99, 0x80,
    0x04, 0x27, 0x00, 0x2F, 0x00, 0x82, 0x70, 0x99, 0x39, 0x05, 0x00, 0x82, 0x97, 0x99, 0x03, 0x04,
    0x00, 0x81, 0x70, 0x39, 0x06, 0x00, 0x81, 0x97, 0x02, 0x05, 0x00, 0x81, 0x70, 0x29, 0x06, 0x00,
    0x81, 0x97, 0x02, 0x05, 0x00, 0x81, 0x70, 0x29, 0x06, 0x00, 0x81, 0x97, 0x02, 0x05, 0x00, 0x81,
    0x70, 0x29, 0x06, 0x00, 0x81, 0x97, 0x02, 0x05, 0x00, 0x81, 0x70, 0x29, 0x06, 0x00, 0x81, 0x97,
    0x02, 0x05, 0x00, 0x81, 0x70, 0x29, 0x06, 0x00, 0x81, 0x97, 0x02, 0x05, 0x00, 0x81, 0x70, 0x29,
    0x06, 0x00, 0x81, 0x97, 0x03, 0x05, 0x00, 0x82, 0x70, 0x99, 0x39, 0x05, 0x00, 0x82, 0x97, 0x99,
    0x03, 0x0A, 0x00, 0x17, 0x00, 0x81, 0x98, 0x01, 0x05, 0x00, 0x81, 0x80, 0x19, 0x06, 0x00, 0x80,
    0x11, 0x06, 0x00, 0x81, 0x80, 0x19, 0x06, 0x00, 0x81, 0x98, 0x01, 0x06, 0x00, 0x81, 0x80, 0x29,
    0x06, 0x00, 0x81, 0x98, 0x02, 0x05, 0x00, 0x81, 0x80, 0x29, 0x06, 0x00, 0x81, 0x98, 0x02, 0x06,
    0x00, 0x81, 0x70, 0x29, 0x06, 0x00, 0x81, 0x97, 0x02, 0x05, 0x00, 0x81, 0x70, 0x29, 0x06, 0x00,
    0x81, 0x97, 0x03, 0x06, 0x00, 0x81, 0x60, 0x39, 0x06, 0x00, 0x81, 0x96, 0x03, 0x05, 0x00, 0x81,
    0x60, 0x39, 0x06, 0x00, 0x81, 0x96, 0x03, 0x06, 0x00, 0x81, 0x60, 0x49, 0x06, 0x00, 0x81, 0x96,
    0x04, 0x05, 0x00, 0x81, 0x60, 0x49, 0x06, 0x00, 0x81, 0x96, 0x04, 0x09, 0x00, 0x2E, 0x00, 0x82,
    0x80, 0x99, 0x29, 0x05, 0x00, 0x82, 0x98, 0x99, 0x02, 0x05, 0x00, 0x81, 0x70, 0x29, 0x06, 0x00,
    0x81, 0x97, 0x02, 0x05, 0x00, 0x81, 0x70, 0x29, 0x06, 0x00, 0x81, 0x97, 0x02, 0x05, 0x00, 0x81,
    0x70, 0x29, 0x06, 0x00, 0x81, 0x97, 0x02, 0x05, 0x00, 0x81, 0x70, 0x29, 0x06, 0x00, 0x81, 0x97,
    0x02, 0x05, 0x00, 0x81, 0x70, 0x29, 0x06, 0x00, 0x81, 0x97, 0x02, 0x05, 0x00, 0x81, 0x70, 0x29,
    0x06, 0x00, 0x81, 0x97, 0x02, 0x05, 0x00, 0x81, 0x70, 0x29, 0x06, 0x00, 0x81, 0x97, 0x02, 0x04,
    0x00, 0x82, 0x80, 0x99, 0x29, 0x05, 0x00, 0x82, 0x98, 0x99, 0x02, 0x0B, 0x00, 0x2F, 0x00, 0x81,
    0x70, 0x29, 0x06, 0x00, 0x81, 0x97, 0x03, 0x04, 0x00, 0x83, 0x80, 0x29, 0x60, 0x39, 0x04, 0x00,
    0x83, 0x98, 0x02, 0x96, 0x03, 0x02, 0x00, 0x81, 0x80, 0x19, 0x02, 0x00, 0x81, 0x60, 0x49, 0x02,
    0x00, 0x81, 0x98, 0x01, 0x02, 0x00, 0x81, 0x96, 0x04, 0x63, 0x00, 0x7F, 0x00, 0x26, 0x00, 0x80,
    0x90, 0x06, 0x99, 0x80, 0x09, 0x07, 0x99, 0x08, 0x00, 0x18, 0x00, 0x81, 0x98, 0x02, 0x05, 0x00,
    0x81, 0x80, 0x29, 0x0E, 0x00, 0x81, 0x70, 0x29, 0x06, 0x00, 0x81, 0x97, 0x02, 0x7F, 0x00, 0x04,
    0x00, 0x4C, 0x00, 0x80, 0x80, 0x02, 0x99, 0x80, 0x39, 0x04, 0x00, 0x80, 0x98, 0x02, 0x99, 0x80,
    0x03, 0x06, 0x00, 0x81, 0x60, 0x49, 0x06, 0x00, 0x81, 0x96, 0x04, 0x02, 0x00, 0x80, 0x80, 0x03,
    0x99, 0x80, 0x49, 0x03, 0x00, 0x80, 0x98, 0x03, 0x99, 0x83, 0x04, 0x00, 0x80, 0x19, 0x02, 0x00,
    0x81, 0x60, 0x49, 0x02, 0x00, 0x81, 0x98, 0x01, 0x02, 0x00, 0x81, 0x96, 0x04, 0x02, 0x00, 0x80,
    0x80, 0x02, 0x99, 0x80, 0x39, 0x04, 0x00, 0x80, 0x98, 0x02, 0x99, 0x80, 0x03, 0x28, 0x00, 0x2D,
    0x00, 0x81, 0x80, 0x19, 0x06, 0x00, 0x81, 0x99, 0x01, 0x05, 0x00, 0x81, 0x90, 0x19, 0x06, 0x00,
    0x81, 0x99, 0x01, 0x05, 0x00, 0x80, 0x90, 0x03, 0x99, 0x80, 0x39, 0x03, 0x00, 0x04, 0x99, 0x80,
    0x03, 0x02, 0x00, 0x81, 0x90, 0x19, 0x02, 0x00, 0x81, 0x60, 0x49, 0x02, 0x00, 0x81, 0x99, 0x01,
    0x02, 0x00, 0x84, 0x96, 0x04, 0x00, 0x90, 0x19, 0x02, 0x00, 0x81, 0x60, 0x49, 0x02, 0x00, 0x81,
    0x99, 0x01, 0x02, 0x00, 0x84, 0x96, 0x04, 0x00, 0x90, 0x19, 0x02, 0x00, 0x81, 0x60, 0x49, 0x02,
    0x00, 0x81, 0x98, 0x01, 0x02, 0x00, 0x81, 0x96, 0x04, 0x02, 0x00, 0x80, 0x80, 0x02, 0x99, 0x80,
    0x39, 0x04, 0x00, 0x80, 0x98, 0x02, 0x99, 0x80, 0x03, 0x28, 0x00, 0x4C, 0x00, 0x80, 0x80, 0x03,
    0x99, 0x80, 0x49, 0x03, 0x00, 0x80, 0x98, 0x03, 0x99, 0x83, 0x04, 0x00, 0x80, 0x19, 0x06, 0x00,
    0x81, 0x99, 0x01, 0x05, 0x00, 0x81, 0x90, 0x19, 0x06, 0x00, 0x81, 0x99, 0x01, 0x05, 0x00, 0x81,
    0x90, 0x19, 0x06, 0x00, 0x81, 0x98, 0x01, 0x06, 0x00, 0x80, 0x80, 0x03, 0x99, 0x80, 0x49, 0x03,
    0x00, 0x80, 0x98, 0x03, 0x99, 0x80, 0x04, 0x27, 0x00, 0x31, 0x00, 0x81, 0x60, 0x49, 0x06, 0x00,
    0x81, 0x96, 0x04, 0x05, 0x00, 0x81, 0x60, 0x49, 0x06, 0x00, 0x81, 0x96, 0x04, 0x02, 0x00, 0x80,
    0x80, 0x03, 0x99, 0x80, 0x49, 0x03, 0x00, 0x80, 0x98, 0x03, 0x99, 0x83, 0x04, 0x00, 0x80, 0x19,
    0x02, 0x00, 0x81, 0x60, 0x49, 0x02, 0x00, 0x81, 0x99, 0x01, 0x02, 0x00, 0x84, 0x96, 0x04, 0x00,
    0x90, 0x19, 0x02, 0x00, 0x81, 0x60, 0x49, 0x02, 0x00, 0x81, 0x99, 0x01, 0x02, 0x00, 0x84, 0x96,
    0x04, 0x00, 0x90, 0x19, 0x02, 0x00, 0x81, 0x60, 0x49, 0x02, 0x00, 0x81, 0x98, 0x01, 0x02, 0x00,
    0x81, 0x96, 0x04, 0x02, 0x00, 0x80, 0x80, 0x02, 0x99, 0x80, 0x39, 0x04, 0x00, 0x80, 0x98, 0x02,
    0x99, 0x80, 0x03, 0x28, 0x00, 0x4C, 0x00, 0x80, 0x80, 0x02, 0x99, 0x80, 0x39, 0x04, 0x00, 0x80,
    0x98, 0x02, 0x99, 0x80, 0x03, 0x02, 0x00, 0x81, 0x80, 0x19, 0x02, 0x00, 0x81, 0x60, 0x49, 0x02,
    0x00, 0x81, 0x99, 0x01, 0x02, 0x00, 0x83, 0x96, 0x04, 0x00, 0x90, 0x04, 0x99, 0x80, 0x49, 0x02,
    0x00, 0x05, 0x99, 0x83, 0x04, 0x00, 0x90, 0x19, 0x06, 0x00, 0x81, 0x98, 0x01, 0x06, 0x00, 0x80,
    0x80, 0x03, 0x99, 0x80, 0x49, 0x03, 0x00, 0x80, 0x98, 0x03, 0x99, 0x80, 0x04, 0x27, 0x00, 0x2F,
    0x00, 0x80, 0x70, 0x02, 0x99, 0x80, 0x49, 0x04, 0x00, 0x80, 0x97, 0x02, 0x99, 0x80, 0x04, 0x02,
    0x00, 0x81, 0x80, 0x29, 0x06, 0x00, 0x81, 0x98, 0x02, 0x04, 0x00, 0x80, 0x80, 0x04, 0x99, 0x80,
    0x49, 0x02, 0x00, 0x80, 0x98, 0x04, 0x99, 0x80, 0x04, 0x02, 0x00, 0x81, 0x80, 0x29, 0x06, 0x00,
    0x81, 0x98, 0x02, 0x05, 0x00, 0x81, 0x80, 0x29, 0x06, 0x00, 0x81, 0x98, 0x02, 0x05, 0x00, 0x81,
    0x80, 0x29, 0x06, 0x00, 0x81, 0x98, 0x02, 0x05, 0x00, 0x81, 0x80, 0x29, 0x06, 0x00, 0x81, 0x98,
    0x02, 0x2A, 0x00, 0x4C, 0x00, 0x80, 0x80, 0x02, 0x99, 0x80, 0x39, 0x04, 0x00, 0x80, 0x98, 0x02,
    0x99, 0x80, 0x03, 0x02, 0x00, 0x81, 0x80, 0x19, 0x02, 0x00, 0x81, 0x60, 0x49, 0x02, 0x00, 0x81,
    0x99, 0x01, 0x02, 0x00, 0x84, 0x96, 0x04, 0x00, 0x90, 0x19, 0x02, 0x00, 0x81, 0x60, 0x49, 0x02,
    0x00, 0x81, 0x99, 0x01, 0x02, 0x00, 0x84, 0x96, 0x04, 0x00, 0x90, 0x19, 0x02, 0x00, 0x81, 0x60,
    0x49, 0x02, 0x00, 0x81, 0x98, 0x01, 0x02, 0x00, 0x81, 0x96, 0x04, 0x02, 0x00, 0x80, 0x80, 0x03,
    0x99, 0x80, 0x49, 0x03, 0x00, 0x80, 0x98, 0x03, 0x99, 0x80, 0x04, 0x05, 0x00, 0x81, 0x60, 0x49,
    0x06, 0x00, 0x81, 0x96, 0x04, 0x02, 0x00, 0x80, 0x80, 0x02, 0x99, 0x80, 0x39, 0x04, 0x00, 0x80,
    0x98, 0x02, 0x99, 0x80, 0x03, 0x0A, 0x00, 0x2D, 0x00, 0x81, 0x80, 0x19, 0x06, 0x00, 0x81, 0x99,
    0x01, 0x05, 0x00, 0x81, 0x90, 0x19, 0x06, 0x00, 0x81, 0x99, 0x01, 0x05, 0x00, 0x84, 0x90, 0x19,
    0x70, 0x99, 0x39, 0x03, 0x00, 0x84, 0x99, 0x01, 0x97, 0x99, 0x03, 0x02, 0x00, 0x85, 0x90, 0x99,
    0x29, 0x00, 0x60, 0x49, 0x02, 0x00, 0x02, 0x99, 0x86, 0x02, 0x00, 0x96, 0x04, 0x00, 0x90, 0x19,
    0x02, 0x00, 0x81, 0x60, 0x49, 0x02, 0x00, 0x81, 0x99, 0x01, 0x02, 0x00, 0x84, 0x96, 0x04, 0x00,
    0x90, 0x19, 0x02, 0x00, 0x81, 0x60, 0x49, 0x02, 0x00, 0x81, 0x99, 0x01, 0x02, 0x00, 0x84, 0x96,
    0x04, 0x00, 0x90, 0x19, 0x02, 0x00, 0x81, 0x60, 0x49, 0x02, 0x00, 0x81, 0x98, 0x01, 0x02, 0x00,
    0x81, 0x96, 0x04, 0x27, 0x00, 0x19, 0x00, 0x81, 0x97, 0x02, 0x05, 0x00, 0x81, 0x70, 0x29, 0x06,
    0x00, 0x80, 0x10, 0x06, 0x00, 0x81, 0x70, 0x29, 0x06, 0x00, 0x81, 0x97, 0x02, 0x12, 0x00, 0x80,
    0x80, 0x02, 0x99, 0x80, 0x29, 0x04, 0x00, 0x80, 0x98, 0x02, 0x99, 0x80, 0x02, 0x05, 0x00, 0x81,
    0x70, 0x29, 0x06, 0x00, 0x81, 0x97, 0x02, 0x05, 0x00, 0x81, 0x70, 0x29, 0x06, 0x00, 0x81, 0x97,
    0x02, 0x05, 0x00, 0x81, 0x70, 0x29, 0x06, 0x00, 0x81, 0x97, 0x03, 0x03, 0x00, 0x80, 0x80, 0x04,
    0x99, 0x80, 0x49, 0x02, 0x00, 0x80, 0x98, 0x04, 0x99, 0x80, 0x04, 0x27, 0x00, 0x1A, 0x00, 0x81,
    0x96, 0x03, 0x05, 0x00, 0x81, 0x60, 0x39, 0x06, 0x00, 0x80, 0x10, 0x06, 0x00, 0x81, 0x60, 0x39,
    0x06, 0x00, 0x81, 0x96, 0x03, 0x12, 0x00, 0x80, 0x80, 0x02, 0x99, 0x80, 0x39, 0x04, 0x00, 0x80,
    0x98, 0x02, 0x99, 0x80, 0x03, 0x05, 0x00, 0x81, 0x70, 0x39, 0x06, 0x00, 0x81, 0x96, 0x03, 0x05,
    0x00, 0x81, 0x60, 0x39, 0x06, 0x00, 0x81, 0x96, 0x03, 0x05, 0x00, 0x81, 0x60, 0x39, 0x06, 0x00,
    0x81, 0x96, 0x03, 0x05, 0x00, 0x81, 0x60, 0x39, 0x06, 0x00, 0x81, 0x96, 0x03, 0x02, 0x00, 0x84,
    0x80, 0x19, 0x00, 0x60, 0x39, 0x03, 0x00, 0x84, 0x98, 0x01, 0x00, 0x96, 0x03, 0x03, 0x00, 0x82,
    0x80, 0x99, 0x39, 0x05, 0x00, 0x82, 0x98, 0x99, 0x02, 0x0B, 0x00, 0x2D, 0x00, 0x81, 0x80, 0x19,
    0x06, 0x00, 0x81, 0x99, 0x01, 0x05, 0x00, 0x81, 0x90, 0x19, 0x06, 0x00, 0x81, 0x99, 0x01, 0x05,
    0x00, 0x81, 0x90, 0x19, 0x02, 0x00, 0x81, 0x60, 0x49, 0x02, 0x00, 0x81, 0x99, 0x01, 0x02, 0x00,
    0x87, 0x96, 0x04, 0x00, 0x90, 0x19, 0x00, 0x60, 0x39, 0x03, 0x00, 0x84, 0x99, 0x01, 0x00, 0x96,
    0x03, 0x02, 0x00, 0x80, 0x90, 0x02, 0x99, 0x80, 0x39, 0x04, 0x00, 0x03, 0x99, 0x80, 0x03, 0x03,
    0x00, 0x84, 0x90, 0x19, 0x00, 0x60, 0x39, 0x03, 0x00, 0x84, 0x99, 0x01, 0x00, 0x96, 0x03, 0x02,
    0x00, 0x81, 0x90, 0x19, 0x02, 0x00, 0x81, 0x60, 0x49, 0x02, 0x00, 0x81, 0x98, 0x01, 0x02, 0x00,
    0x81, 0x96, 0x04, 0x27, 0x00, 0x2D, 0x00, 0x80, 0x80, 0x02, 0x99, 0x80, 0x29, 0x04, 0x00, 0x80,
    0x98, 0x02, 0x99, 0x80, 0x02, 0x05, 0x00, 0x81, 0x70, 0x29, 0x06, 0x00, 0x81, 0x97, 0x02, 0x05,
    0x00, 0x81, 0x70, 0x29, 0x06, 0x00, 0x81, 0x97, 0x02, 0x05, 0x00, 0x81, 0x70, 0x29, 0x06, 0x00,
    0x81, 0x97, 0x02, 0x05, 0x00, 0x81, 0x70, 0x29, 0x06, 0x00, 0x81, 0x97, 0x02, 0x05, 0x00, 0x81,
    0x70, 0x29, 0x06, 0x00, 0x81, 0x97, 0x03, 0x03, 0x00, 0x80, 0x80, 0x04, 0x99, 0x80, 0x49, 0x02,
    0x00, 0x80, 0x98, 0x04, 0x99, 0x80, 0x04, 0x27, 0x00, 0x4C, 0x00, 0x83, 0x80, 0x29, 0x60, 0x39,
    0x04, 0x00, 0x83, 0x98, 0x02, 0x96, 0x03, 0x02, 0x00, 0x85, 0x80, 0x19, 0x70, 0x39, 0x60, 0x49,
    0x02, 0x00, 0x8C, 0x99, 0x01, 0x97, 0x02, 0x96, 0x04, 0x00, 0x90, 0x19, 0x70, 0x29, 0x60, 0x49,
    0x02, 0x00, 0x88, 0x99, 0x01, 0x97, 0x02, 0x96, 0x04, 0x00, 0x90, 0x19, 0x02, 0x00, 0x81, 0x60,
    0x49, 0x02, 0x00, 0x81, 0x99, 0x01, 0x02, 0x00, 0x84, 0x96, 0x04, 0x00, 0x90, 0x19, 0x02, 0x00,
    0x81, 0x60, 0x49, 0x02, 0x00, 0x81, 0x98, 0x01, 0x02, 0x00, 0x81, 0x96, 0x04, 0x27, 0x00, 0x4C,
    0x00, 0x80, 0x80, 0x02, 0x99, 0x80, 0x39, 0x04, 0x00, 0x80, 0x98, 0x02, 0x99, 0x80, 0x03, 0x02,
    0x00, 0x81, 0x80, 0x19, 0x02, 0x00, 0x81, 0x60, 0x49, 0x02, 0x00, 0x81, 0x99, 0x01, 0x02, 0x00,
    0x84, 0x96, 0x04, 0x00, 0x90, 0x19, 0x02, 0x00, 0x81, 0x60, 0x49, 0x02, 0x00, 0x81, 0x99, 0x01,
    0x02, 0x00, 0x84, 0x96, 0x04, 0x00, 0x90, 0x19, 0x02, 0x00, 0x81, 0x60, 0x49, 0x02, 0x00, 0x81,
    0x99, 0x01, 0x02, 0x00, 0x84, 0x96, 0x04, 0x00, 0x90, 0x19, 0x02, 0x00, 0x81, 0x60, 0x49, 0x02,
    0x00, 0x81, 0x98, 0x01, 0x02, 0x00, 0x81, 0x96, 0x04, 0x27, 0x00, 0x4C, 0x00, 0x80, 0x80, 0x02,
    0x99, 0x80, 0x39, 0x04, 0x00, 0x80, 0x98, 0x02, 0x99, 0x80, 0x03, 0x02, 0x00, 0x81, 0x80, 0x19,
    0x02, 0x00, 0x81, 0x60, 0x49, 0x02, 0x00, 0x81, 0x99, 0x01, 0x02, 0x00, 0x84, 0x96, 0x04, 0x00,
    0x90, 0x19, 0x02, 0x00, 0x81, 0x60, 0x49, 0x02, 0x00, 0x81, 0x99, 0x01, 0x02, 0x00, 0x84, 0x96,
    0x04, 0x00, 0x90, 0x19, 0x02, 0x00, 0x81, 0x60, 0x49, 0x02, 0x00, 0x81, 0x98, 0x01, 0x02, 0x00,
    0x81, 0x96, 0x04, 0x02, 0x00, 0x80, 0x80, 0x02, 0x99, 0x80, 0x39, 0x04, 0x00, 0x80, 0x98, 0x02,
    0x99, 0x80, 0x03, 0x28, 0x00, 0x4C, 0x00, 0x80, 0x80, 0x02, 0x99, 0x80, 0x39, 0x04, 0x00, 0x80,
    0x98, 0x02, 0x99, 0x80, 0x03, 0x02, 0x00, 0x81, 0x80, 0x19, 0x02, 0x00, 0x81, 0x60, 0x49, 0x02,
    0x00, 0x81, 0x99, 0x01, 0x02, 0x00, 0x84, 0x96, 0x04, 0x00, 0x90, 0x19, 0x02, 0x00, 0x81, 0x60,
    0x49, 0x02, 0x00, 0x81, 0x99, 0x01, 0x02, 0x00, 0x84, 0x96, 0x04, 0x00, 0x90, 0x19, 0x02, 0x00,
    0x81, 0x60, 0x49, 0x02, 0x00, 0x81, 0x99, 0x01, 0x02, 0x00, 0x83, 0x96, 0x04, 0x00, 0x90, 0x03,
    0x99, 0x80, 0x39, 0x03, 0x00, 0x04, 0x99, 0x80, 0x03, 0x02, 0x00, 0x81, 0x90, 0x19, 0x06, 0x00,
    0x81, 0x99, 0x01, 0x05, 0x00, 0x81, 0x90, 0x19, 0x06, 0x00, 0x81, 0x98, 0x01, 0x0D, 0x00, 0x4C,
    0x00, 0x80, 0x80, 0x02, 0x99, 0x80, 0x39, 0x04, 0x00, 0x80, 0x98, 0x02, 0x99, 0x80, 0x03, 0x02,
    0x00, 0x81, 0x80, 0x19, 0x02, 0x00, 0x81, 0x60, 0x49, 0x02, 0x00, 0x81, 0x99, 0x01, 0x02, 0x00,
    0x84, 0x96, 0x04, 0x00, 0x90, 0x19, 0x02, 0x00, 0x81, 0x60, 0x49, 0x02, 0x00, 0x81, 0x99, 0x01,
    0x02, 0x00, 0x84, 0x96, 0x04, 0x00, 0x90, 0x19, 0x02, 0x00, 0x81, 0x60, 0x49, 0x02, 0x00, 0x81,
    0x98, 0x01, 0x02, 0x00, 0x81, 0x96, 0x04, 0x02, 0x00, 0x80, 0x80, 0x03, 0x99, 0x80, 0x49, 0x03,
    0x00, 0x80, 0x98, 0x03, 0x99, 0x80, 0x04, 0x05, 0x00, 0x81, 0x60, 0x49, 0x06, 0x00, 0x81, 0x96,
    0x04, 0x05, 0x00, 0x81, 0x60, 0x49, 0x06, 0x00, 0x81, 0x96, 0x04, 0x09, 0x00, 0x4B, 0x00, 0x85,
    0x80, 0x99, 0x29, 0x60, 0x99, 0x49, 0x02, 0x00, 0x85, 0x98, 0x99, 0x02, 0x96, 0x99, 0x04, 0x02,
    0x00, 0x84, 0x80, 0x99, 0x39, 0x60, 0x49, 0x03, 0x00, 0x84, 0x98, 0x99, 0x02, 0x96, 0x04, 0x02,
    0x00, 0x81, 0x80, 0x29, 0x06, 0x00, 0x81, 0x98, 0x02, 0x05, 0x00, 0x81, 0x80, 0x29, 0x06, 0x00,
    0x81, 0x98, 0x02, 0x04, 0x00, 0x80, 0x80, 0x02, 0x99, 0x80, 0x29, 0x04, 0x00, 0x80, 0x98, 0x02,
    0x99, 0x80, 0x02, 0x29, 0x00, 0x4C, 0x00, 0x80, 0x80, 0x03, 0x99, 0x80, 0x49, 0x03, 0x00, 0x80,
    0x98, 0x03, 0x99, 0x83, 0x04, 0x00, 0x80, 0x19, 0x06, 0x00, 0x81, 0x98, 0x01, 0x06, 0x00, 0x80,
    0x80, 0x03, 0x99, 0x80, 0x49, 0x03, 0x00, 0x80, 0x98, 0x03, 0x99, 0x80, 0x04, 0x05, 0x00, 0x81,
    0x60, 0x49, 0x06, 0x00, 0x83, 0x96, 0x04, 0x00, 0x80, 0x03, 0x99, 0x80, 0x39, 0x03, 0x00, 0x80,
    0x98, 0x03, 0x99, 0x80, 0x03, 0x28, 0x00, 0x2E, 0x00, 0x81, 0x80, 0x29, 0x06, 0x00, 0x81, 0x98,
    0x02, 0x05, 0x00, 0x81, 0x80, 0x29, 0x06, 0x00, 0x81, 0x98, 0x02, 0x04, 0x00, 0x80, 0x80, 0x04,
    0x99, 0x80, 0x49, 0x02, 0x00, 0x80, 0x98, 0x04, 0x99, 0x80, 0x04, 0x02, 0x00, 0x81, 0x80, 0x29,
    0x06, 0x00, 0x81, 0x98, 0x02, 0x05, 0x00, 0x81, 0x80, 0x29, 0x06, 0x00, 0x81, 0x98, 0x02, 0x05,
    0x00, 0x84, 0x80, 0x29, 0x00, 0x60, 0x49, 0x03, 0x00, 0x84, 0x98, 0x02, 0x00, 0x96, 0x04, 0x03,
    0x00, 0x82, 0x70, 0x99, 0x39, 0x05, 0x00, 0x82, 0x97, 0x99, 0x03, 0x28, 0x00, 0x4B, 0x00, 0x81,
    0x80, 0x19, 0x02, 0x00, 0x81, 0x60, 0x49, 0x02, 0x00, 0x81, 0x99, 0x01, 0x02, 0x00, 0x84, 0x96,
    0x04, 0x00, 0x90, 0x19, 0x02, 0x00, 0x81, 0x60, 0x49, 0x02, 0x00, 0x81, 0x99, 0x01, 0x02, 0x00,
    0x84, 0x96, 0x04, 0x00, 0x90, 0x19, 0x02, 0x00, 0x81, 0x60, 0x49, 0x02, 0x00, 0x81, 0x99, 0x01,
    0x02, 0x00, 0x84, 0x96, 0x04, 0x00, 0x90, 0x19, 0x02, 0x00, 0x81, 0x60, 0x49, 0x02, 0x00, 0x81,
    0x98, 0x01, 0x02, 0x00, 0x81, 0x96, 0x04, 0x02, 0x00, 0x80, 0x80, 0x02, 0x99, 0x80, 0x39, 0x04,
    0x00, 0x80, 0x98, 0x02, 0x99, 0x80, 0x03, 0x28, 0x00, 0x4B, 0x00, 0x81, 0x80, 0x19, 0x02, 0x00,
    0x81, 0x60, 0x49, 0x02, 0x00, 0x81, 0x99, 0x01, 0x02, 0x00, 0x84, 0x96, 0x04, 0x00, 0x90, 0x19,
    0x02, 0x00, 0x81, 0x60, 0x49, 0x02, 0x00, 0x81, 0x98, 0x01, 0x02, 0x00, 0x81, 0x96, 0x04, 0x02,
    0x00, 0x83, 0x80, 0x29, 0x60, 0x39, 0x04, 0x00, 0x83, 0x98, 0x02, 0x96, 0x03, 0x03, 0x00, 0x83,
    0x80, 0x29, 0x60, 0x39, 0x04, 0x00, 0x83, 0x98, 0x02, 0x96, 0x03, 0x04, 0x00, 0x81, 0x70, 0x39,
    0x06, 0x00, 0x81, 0x97, 0x02, 0x29, 0x00, 0x4B, 0x00, 0x81, 0x80, 0x19, 0x02, 0x00, 0x81, 0x60,
    0x49, 0x02, 0x00, 0x81, 0x99, 0x01, 0x02, 0x00, 0x84, 0x96, 0x04, 0x00, 0x90, 0x19, 0x02, 0x00,
    0x81, 0x60, 0x49, 0x02, 0x00, 0x81, 0x99, 0x01, 0x02, 0x00, 0x88, 0x96, 0x04, 0x00, 0x90, 0x19,
    0x70, 0x29, 0x60, 0x49, 0x02, 0x00, 0x8C, 0x99, 0x01, 0x97, 0x02, 0x96, 0x04, 0x00, 0x90, 0x19,
    0x70, 0x29, 0x60, 0x49, 0x02, 0x00, 0x85, 0x98, 0x01, 0x97, 0x03, 0x96, 0x04, 0x02, 0x00, 0x83,
    0x80, 0x29, 0x60, 0x39, 0x04, 0x00, 0x83, 0x98, 0x02, 0x96, 0x03, 0x28, 0x00, 0x4B, 0x00, 0x81,
    0x80, 0x19, 0x02, 0x00, 0x81, 0x60, 0x49, 0x02, 0x00, 0x81, 0x98, 0x01, 0x02, 0x00, 0x81, 0x96,
    0x04, 0x02, 0x00, 0x83, 0x80, 0x29, 0x60, 0x39, 0x04, 0x00, 0x83, 0x98, 0x02, 0x96, 0x03, 0x04,
    0x00, 0x81, 0x70, 0x39, 0x06, 0x00, 0x81, 0x97, 0x03, 0x04, 0x00, 0x83, 0x80, 0x29, 0x60, 0x39,
    0x04, 0x00, 0x83, 0x98, 0x02, 0x96, 0x03, 0x02, 0x00, 0x81, 0x80, 0x19, 0x02, 0x00, 0x81, 0x60,
    0x49, 0x02, 0x00, 0x81, 0x98, 0x01, 0x02, 0x00, 0x81, 0x96, 0x04, 0x27, 0x00, 0x4B, 0x00, 0x81,
    0x80, 0x19, 0x02, 0x00, 0x81, 0x60, 0x49, 0x02, 0x00, 0x81, 0x99, 0x01, 0x02, 0x00, 0x84, 0x96,
    0x04, 0x00, 0x90, 0x19, 0x02, 0x00, 0x81, 0x60, 0x49, 0x02, 0x00, 0x81, 0x98, 0x01, 0x02, 0x00,
    0x81, 0x96, 0x04, 0x02, 0x00, 0x83, 0x80, 0x29, 0x60, 0x39, 0x04, 0x00, 0x83, 0x98, 0x02, 0x96,
    0x03, 0x03, 0x00, 0x83, 0x80, 0x29, 0x60, 0x39, 0x04, 0x00, 0x83, 0x98, 0x02, 0x96, 0x03, 0x04,
    0x00, 0x81, 0x70, 0x39, 0x06, 0x00, 0x81, 0x97, 0x02, 0x05, 0x00, 0x81, 0x70, 0x29, 0x06, 0x00,
    0x81, 0x97, 0x02, 0x03, 0x00, 0x82, 0x80, 0x99, 0x29, 0x05, 0x00, 0x82, 0x98, 0x99, 0x02, 0x0C,
    0x00, 0x4B, 0x00, 0x80, 0x80, 0x04, 0x99, 0x80, 0x49, 0x02, 0x00, 0x80, 0x98, 0x04, 0x99, 0x80,
    0x04, 0x04, 0x00, 0x81, 0x70, 0x39, 0x06, 0x00, 0x81, 0x96, 0x03, 0x04, 0x00, 0x81, 0x70, 0x39,
    0x06, 0x00, 0x81, 0x97, 0x02, 0x04, 0x00, 0x81, 0x80, 0x29, 0x06, 0x00, 0x81, 0x98, 0x02, 0x04,
    0x00, 0x80, 0x80, 0x04, 0x99, 0x80, 0x49, 0x02, 0x00, 0x80, 0x98, 0x04, 0x99, 0x80, 0x04, 0x27,
    0x00, 0x30, 0x00, 0x81, 0x60, 0x39, 0x06, 0x00, 0x81, 0x96, 0x03, 0x04, 0x00, 0x81, 0x70, 0x39,
    0x06, 0x00, 0x81, 0x97, 0x02, 0x05, 0x00, 0x81, 0x70, 0x29, 0x06, 0x00, 0x81, 0x97, 0x02, 0x05,
    0x00, 0x81, 0x70, 0x29, 0x06, 0x00, 0x81, 0x97, 0x02, 0x04, 0x00, 0x81, 0x80, 0x29, 0x06, 0x00,
    0x81, 0x98, 0x02, 0x06, 0x00, 0x81, 0x70, 0x29, 0x06, 0x00, 0x81, 0x97, 0x02, 0x05, 0x00, 0x81,
    0x70, 0x29, 0x06, 0x00, 0x81, 0x97, 0x02, 0x05, 0x00, 0x81, 0x70, 0x29, 0x06, 0x00, 0x81, 0x97,
    0x03, 0x06, 0x00, 0x81, 0x60, 0x39, 0x06, 0x00, 0x81, 0x96, 0x03, 0x0A, 0x00, 0x19, 0x00, 0x81,
    0x97, 0x02, 0x05, 0x00, 0x81, 0x70, 0x29, 0x06, 0x00, 0x80, 0x10, 0x06, 0x00, 0x81, 0x70, 0x29,
    0x06, 0x00, 0x81, 0x97, 0x02, 0x05, 0x00, 0x81, 0x70, 0x29, 0x06, 0x00, 0x81, 0x97, 0x02, 0x05,
    0x00, 0x81, 0x70, 0x29, 0x06, 0x00, 0x81, 0x97, 0x02, 0x05, 0x00, 0x81, 0x70, 0x29, 0x06, 0x00,
    0x81, 0x97, 0x02, 0x05, 0x00, 0x81, 0x70, 0x29, 0x06, 0x00, 0x81, 0x97, 0x02, 0x05, 0x00, 0x81,
    0x70, 0x29, 0x06, 0x00, 0x81, 0x97, 0x02, 0x05, 0x00, 0x81, 0x70, 0x29, 0x06, 0x00, 0x81, 0x97,
    0x02, 0x05, 0x00, 0x81, 0x70, 0x29, 0x06, 0x00, 0x81, 0x97, 0x02, 0x05, 0x00, 0x81, 0x70, 0x29,
    0x06, 0x00, 0x81, 0x97, 0x02, 0x0B, 0x00, 0x2E, 0x00, 0x81, 0x80, 0x29, 0x06, 0x00, 0x81, 0x98,
    0x02, 0x06, 0x00, 0x81, 0x70, 0x29, 0x06, 0x00, 0x81, 0x97, 0x02, 0x05, 0x00, 0x81, 0x70, 0x29,
    0x06, 0x00, 0x81, 0x97, 0x02, 0x05, 0x00, 0x81, 0x70, 0x29, 0x06, 0x00, 0x81, 0x97, 0x03, 0x06,
    0x00, 0x81, 0x60, 0x39, 0x06, 0x00, 0x81, 0x96, 0x03, 0x04, 0x00, 0x81, 0x70, 0x39, 0x06, 0x00,
    0x81, 0x97, 0x02, 0x05, 0x00, 0x81, 0x70, 0x29, 0x06, 0x00, 0x81, 0x97, 0x02, 0x05, 0x00, 0x81,
    0x70, 0x29, 0x06, 0x00, 0x81, 0x97, 0x02, 0x04, 0x00, 0x81, 0x80, 0x29, 0x06, 0x00, 0x81, 0x98,
    0x02, 0x0C, 0x00, 0x5B, 0x00, 0x81, 0x80, 0x29, 0x06, 0x00, 0x81, 0x98, 0x02, 0x04, 0x00, 0x85,
    0x80, 0x19, 0x70, 0x29, 0x60, 0x49, 0x02, 0x00, 0x85, 0x98, 0x01, 0x97, 0x03, 0x96, 0x04, 0x04,
    0x00, 0x81, 0x60, 0x39, 0x06, 0x00, 0x81, 0x96, 0x03, 0x37, 0x00,
};
// clang-format on